detector_0_mean,detector_0_std,detector_0_variance,detector_0_min,detector_0_max,detector_0_range,detector_0_median,detector_0_skewness,detector_0_kurtosis,detector_0_dominant_power,detector_1_mean,detector_1_std,detector_1_variance,detector_1_min,detector_1_max,detector_1_range,detector_1_median,detector_1_skewness,detector_1_kurtosis,detector_1_dominant_power,detector_2_mean,detector_2_std,detector_2_variance,detector_2_min,detector_2_max,detector_2_range,detector_2_median,detector_2_skewness,detector_2_kurtosis,detector_2_dominant_power,detector_3_mean,detector_3_std,detector_3_variance,detector_3_min,detector_3_max,detector_3_range,detector_3_median,detector_3_skewness,detector_3_kurtosis,detector_3_dominant_power,num_people,presence,moving
-40.49833159301067,2.3965284976818855,5.743348840201395,-45.2404640336902,-35.93857996827482,9.30188406541538,-40.07516533400073,-0.29092697226586756,-0.34095848941734674,809.9666318602134,-46.37588819206011,4.1778395063275715,17.45434294063141,-54.180224226626734,-40.077694482938924,14.10252974368781,-46.64506729650551,-0.05040586135408383,-1.1519307815587165,927.517763841202,-43.21221396596968,3.2912785487558525,10.832514485500429,-48.303767022148776,-37.24006255134681,11.063704470801966,-43.57470806457928,0.16784021216146525,-1.0755452696818608,864.2442793193936,-50.67244894064783,3.695724926376043,13.658382731437209,-56.294964873401256,-42.670970259751016,13.62399461365024,-51.05955241682962,0.7362976012024439,-0.281430393168574,1013.4489788129567,0,0,1
-40.78424131504835,3.2845142257045197,10.788033698855362,-47.542992072617146,-34.5822206099733,12.960771462643848,-40.86758106337953,-0.07068070507650151,-0.7889783607649186,815.6848263009667,-46.09179427235562,2.881656167733222,8.30394226903492,-50.500601485501974,-40.911393856809745,9.589207628692229,-46.580657247677365,0.2880897243509123,-1.2375349001339524,921.8358854471123,-41.567455994762845,3.5606252948233874,12.678052490136135,-46.61206145781945,-31.74067406270221,14.871387395117239,-42.013738812472674,0.850604993532761,0.6520824446293365,831.3491198952569,-50.26014466178985,4.073480137100652,16.593240427353546,-59.71525319273526,-40.906654861619415,18.808598331115846,-50.99058435866993,0.2410286497879508,0.47090110832863274,1005.2028932357972,0,0,1
-41.26495249949149,3.3666604403918647,11.334402520899545,-47.209806413417226,-35.34098926260398,11.868817150813243,-40.29473189933012,-0.2901018087720571,-1.0448246795189118,825.2990499898299,-46.4790078917849,4.768724830300821,22.74073650712759,-55.163491817060304,-38.93274878375972,16.230743033300584,-45.33833702566184,-0.3104256871743927,-0.9993071321269902,929.580157835698,-41.914785904865724,3.2238014162672695,10.392895571526852,-47.30774779784957,-36.49552995272049,10.812217845129084,-42.4701802526821,0.10209487401256213,-1.1418903634013067,838.2957180973144,-49.50028450991478,4.105830182265365,16.857841485601234,-58.62789445330389,-40.3643022572892,18.26359219601469,-50.217847331801025,0.3895529698808208,0.4024003903284581,990.0056901982957,0,0,1
-40.661263966229285,1.7511073820910712,3.0663770636138445,-43.982058512334596,-35.78059711826816,8.201461394066435,-40.9110793630837,0.7881320733178978,1.0575627115022028,813.2252793245858,-45.94093459010971,1.972388498392268,3.8903163885901058,-49.46822277459062,-42.144566685931025,7.323656088659597,-46.16973067166285,0.341526468156397,-0.7269894944699673,918.8186918021943,-42.249067524669236,1.2528881924639959,1.569728822815699,-44.45200531215531,-40.153179188689,4.298826123466306,-42.08302937849551,-0.14643073839760462,-0.9944408112340493,844.9813504933848,-51.74919231126207,1.700235825395104,2.8908018619569704,-54.248178683409606,-48.32222869342438,5.925949989985227,-51.83269256516287,0.43869134990688835,-0.7672760005253001,1034.9838462252415,0,0,0
-39.69950744982723,1.8218694132497866,3.3192081589351212,-44.35645219590719,-36.38343737476047,7.9730148211467196,-39.49773493324844,-0.5300334449181061,0.30382918231107636,793.9901489965443,-46.66298215165503,1.735773636840275,3.0129101183497147,-49.836534400363476,-43.57988611428187,6.256648286081607,-46.15027651302678,-0.24253494209585405,-1.0115416183920531,933.2596430331004,-43.37224353686115,1.8832457012598023,3.5466143713135247,-47.087912788770204,-39.89649649160539,7.191416297164814,-43.19938368643215,-0.15783851881589,-0.7605621728219845,867.4448707372228,-50.105089234707734,1.7106372916517159,2.9262799435895177,-52.84890357036971,-46.28865133117783,6.560252239191875,-49.89995058888397,0.1735914807528752,-0.5657794731972348,1002.1017846941548,0,0,0
-39.997016893018454,2.0226787188059987,4.091229199510676,-44.25526190589965,-36.539618775809465,7.715643130090186,-40.117408841804476,-0.23647577305879033,-0.6753124322059598,799.9403378603691,-46.65026909412866,1.9971072278379032,3.988437279482395,-50.19861675376309,-40.48754913812224,9.71106761564085,-46.793198162027025,1.1828422349998302,2.313727955415982,933.0053818825731,-42.48812675736037,2.1734380709656387,4.723833048322836,-46.953917363827514,-38.78550974038552,8.168407623441993,-42.583651580343,-0.02020997173717586,-0.778372714796363,849.7625351472072,-51.03407848359471,2.2281016984201725,4.964437178502858,-56.47768278995059,-47.76043105475978,8.717251735190814,-50.37770534129063,-0.6483129763257724,-0.2243809925729776,1020.6815696718941,0,0,0
-42.4863701080494,3.6219190774966292,13.118297803934032,-51.280140136837645,-36.756617383420476,14.523522753417168,-42.0211483333193,-0.40952944523544466,-0.34052431993340493,849.7274021609878,-45.26817263818012,4.148563983107626,17.210583121937805,-52.50104390198555,-36.09378905403639,16.407254847949154,-45.78850791695618,0.5429661108886551,0.2020161224217154,905.3634527636024,-42.74593913754289,4.596982350516836,21.132246730963296,-51.583437992581125,-35.070234989731915,16.51320300284921,-42.06523317381037,-0.23931688524145694,-0.9020464378664608,854.9187827508578,-53.89287496209143,3.8625757798870897,14.91949165537036,-60.26525602699407,-46.34415824816643,13.921097778827637,-53.05976786822915,-0.14755425152798804,-0.9595939654121697,1077.8574992418287,0,0,1
-40.249467086175194,1.652339430688752,2.730225594208829,-43.14479024986799,-37.23556616363503,5.90922408623296,-40.310496687381466,0.31945169450658156,-0.8722601645946,804.9893417235041,-45.82018862331541,1.6103935612189963,2.5933674220156013,-49.04029315526416,-42.10728838569844,6.93300476956572,-45.61168807658255,0.10164077515164667,0.2334875930653495,916.4037724663082,-42.936771410995746,2.0131585894678885,4.052807506348338,-46.405720001012504,-40.249091027581905,6.1566289734306,-42.629251296628496,-0.2118589509621124,-1.4360149300289384,858.7354282199149,-50.79452040761747,2.3490054069858535,5.517826402048775,-54.76727001876182,-43.359760813480044,11.407509205281777,-50.87736179889234,1.2395086966652993,2.6895581424966943,1015.8904081523494,0,0,0
-39.780455625637856,4.937798574191433,24.381854759286952,-49.84540410094018,-30.0,19.84540410094018,-39.73238718614929,0.14902944255026393,0.023937608380836473,795.6091125127571,-45.55956531662472,2.694992945184334,7.262986974593329,-50.818294193491965,-40.303229539128345,10.51506465436362,-45.59711684892865,0.034356249384545644,-0.8403648153705157,911.1913063324943,-42.38217314170597,3.2771518465831377,10.739724225563268,-47.50006636413594,-35.151468149329986,12.348598214805953,-43.58049589696748,0.6176230806672873,-0.6088144665237709,847.6434628341194,-50.97938900010672,3.2088133953050106,10.296483405888871,-55.98285705292641,-45.99296468646818,9.989892366458236,-51.69274479563752,0.12660418235776902,-1.3904153299500936,1019.5877800021344,0,0,1
-38.534071473768805,3.958978261860458,15.673508877883652,-44.965879721301036,-30.49827140421168,14.467608317089358,-38.945023492553126,0.3330540659470339,-0.7396057809588403,770.6814294753761,-46.76550983383551,4.333101584901962,18.775769345079894,-56.42503092709507,-38.19804730955104,18.22698361754403,-46.46202480104631,-0.26649957251635537,-0.19726639505384913,935.3101966767101,-42.51564117164604,3.486979094519367,12.159023205615105,-48.97377332785939,-34.524477938840846,14.449295389018545,-42.835924742448505,0.4735068202784071,-0.25393806305155797,850.3128234329207,-49.66561241115611,3.317799491331432,11.007793464679107,-56.54498186118815,-43.45226918794841,13.092712673239738,-50.1062658485464,0.12858437430977787,-0.6054244753015925,993.3122482231221,0,0,1
-40.59199448801469,1.6761224726322321,2.8093865432627876,-44.21921562266964,-38.08710287107778,6.132112751591855,-40.5370472573444,-0.5351099760155182,-0.5212700347376336,811.839889760294,-46.17716104376088,2.306095584707908,5.3180768458093075,-52.43006751886868,-41.84145667510621,10.588610843762474,-46.06410094795304,-0.7166938361405996,0.9914721340793782,923.5432208752177,-42.86998971051627,1.3883515639226454,1.9275200650464552,-46.339543298968884,-40.40331295946805,5.936230339500831,-42.52044415731436,-0.6898365261728476,0.23024012088490764,857.3997942103254,-51.00544032368623,1.8215887426210606,3.3181855472437767,-53.78572647217024,-45.4509387521412,8.334787720029041,-51.2793748733756,1.1317218617111238,2.0056959373158687,1020.1088064737245,0,0,0
-41.64265205178009,3.7027431355212728,13.710306727649908,-47.50217393120866,-33.69133426876236,13.810839662446298,-41.63040976043054,0.18932051868376856,-0.5557523664711557,832.8530410356017,-47.542724190799554,3.286682984972597,10.802285043708382,-54.313865683532086,-42.43030985444909,11.883555829082994,-47.3040652360172,-0.35719436901467405,-0.7850126941738633,950.8544838159912,-42.98901726673258,3.688403040894735,13.604316992081527,-47.641677586651284,-35.19648269877993,12.445194887871352,-43.153960260484446,0.3773293157910162,-1.0226088130348387,859.7803453346517,-48.60638240318629,3.1007451925960643,9.614620749407603,-55.901252673037945,-43.358228323269024,12.54302434976892,-47.95406567147892,-0.4406021633510352,-0.4750248992351649,972.1276480637257,0,0,1
-40.77441315534473,2.3243087695129456,5.4024112560347834,-45.79500376871123,-37.26542144142632,8.529582327284913,-41.09757943528909,-0.031001745801214772,-0.7855046992321748,815.4882631068949,-45.21126778700193,1.463566861957038,2.142027959418771,-48.68901981572573,-42.27872203347988,6.4102977822458485,-45.02640935573544,-0.2602466273823155,0.2970803356311489,904.2253557400386,-42.590898155202936,1.47687838926915,2.181169776690239,-44.301293814207696,-39.43016735509023,4.87112645911747,-42.67342224164655,0.6314886909616456,-0.5685309383022354,851.8179631040589,-51.0037678666388,2.272493096089591,5.164224871774854,-56.79863054796473,-46.81212463167291,9.986505916291819,-50.6301596956555,-0.40985077427499095,0.4390028943487403,1020.0753573327761,0,0,0
-40.38007417020334,2.094030385009606,4.3849632533434795,-43.56955634219364,-35.910099203242524,7.659457138951119,-40.920154470907725,0.6330689648494724,-0.36451418705764915,807.601483404067,-45.42794385143789,2.359355836938778,5.566559965297082,-50.04569608680864,-42.39230389243854,7.653392194370099,-44.968027030913284,-0.5375632145876031,-0.9414940509122554,908.5588770287579,-42.519885219277526,1.8323568056517614,3.3575314632183266,-46.31057509948854,-39.884261266511515,6.426313832977023,-42.49641099652439,-0.2609244859314875,-1.0352875027668271,850.3977043855506,-50.68585684356383,2.37430813401646,5.637339115256723,-55.788733468316856,-46.14122375022492,9.64750971809194,-50.70810164366542,-0.059187472915103394,-0.43687458247188404,1013.7171368712768,0,0,0
-40.462869466424635,1.4574746676095152,2.1242324067234666,-42.908420232237155,-36.98978752766368,5.918632704573476,-40.687915670873146,0.6332185738771478,-0.011781564889853602,809.2573893284928,-46.894483242468326,1.7245638221572608,2.9741203766936604,-50.695316392965694,-44.363508164116766,6.331808228848928,-46.620757303755184,-0.6263666358406288,-0.5079438103306537,937.8896648493665,-42.035698923114545,2.1245550444458243,4.513734136880199,-48.264211339894196,-37.0236582521081,11.240553087786097,-41.9349992405059,-0.5752148225043839,2.5300037130895587,840.7139784622909,-51.05313767344288,1.6186849546809086,2.620140982510335,-54.40956750880329,-47.81092147114394,6.59864603765935,-51.35458020191557,0.27687524187795454,-0.29657649424051336,1021.0627534688576,0,0,0
-41.21785761887956,4.91117246498136,24.119614980791084,-49.84602928596608,-32.75179016620194,17.09423911976414,-39.700290305759765,-0.2692567818132989,-1.0340067955194556,824.3571523775913,-45.368551947419824,4.589376911918507,21.06238043965065,-55.162351557841625,-36.655869989648586,18.50648156819304,-45.735433246571716,-0.10562660427969843,-0.4471371929754895,907.3710389483965,-42.33603198351638,4.969539847951877,24.69632630038156,-52.88458742032033,-33.97213178938438,18.912455630935952,-42.132534723822396,-0.16520283926351645,-0.7037484513615118,846.7206396703275,-50.99391454520917,5.360266901085512,28.732461250872877,-56.491394472257696,-36.221124635259045,20.27026983699865,-53.11153274611063,1.279594068095574,0.8563923975347905,1019.8782909041835,0,0,1
-40.920945058829716,3.7419288427077455,14.002031463888127,-49.362840597281505,-33.635461183744454,15.72737941353705,-40.431515069783416,-0.2883978066410255,-0.3208686198994464,818.4189011765943,-47.38937565802481,3.878433840421815,15.042249054529108,-55.124508738606536,-38.32463471241633,16.79987402619021,-47.55129174598749,0.6063426671355782,0.48710867956944703,947.7875131604962,-42.0399865152283,5.169022149829192,26.718789985424802,-53.89232262024694,-32.57727854968039,21.315044070566543,-41.50597413821119,-0.3747120327406458,-0.13259330122723556,840.7997303045661,-51.41865260509159,3.4698505826140016,12.039863065666726,-56.78572241416742,-45.13169151882113,11.654030895346288,-50.615922942484346,0.0509785585260976,-1.2552364999389913,1028.3730521018317,0,0,1
-41.65376690410524,5.926440692393299,35.122699280455166,-53.509543715193644,-31.333257801014923,22.17628591417872,-42.55447932031744,0.0822038006496927,-0.8412102828839383,833.075338082105,-46.026839449457285,2.699674578983321,7.2882428324087725,-52.92835868865258,-40.697515469780576,12.230843218872003,-45.90046180883691,-0.43622912405495523,0.5968224027987965,920.5367889891456,-41.56122268968507,3.7796095909210012,14.28544865978202,-48.84437535100136,-34.21907312685362,14.625302224147738,-41.78442479259627,0.06411949830858686,-0.6159569710159984,831.2244537937015,-50.897052918244455,3.7511640172033958,14.071231483961517,-55.495806376598715,-41.3352256642975,14.160580712301218,-51.744036869492305,0.9994502508996924,0.30681365283600526,1017.9410583648892,0,0,1
-40.115783600529085,3.9544528524967073,15.637697362619345,-48.71419083684269,-34.35956983196029,14.354621004882397,-39.96950279815378,-0.63627950557381,-0.34564119174126695,802.3156720105816,-44.705454140133206,3.133599056545004,9.81944304717974,-51.001077558937354,-40.13590027847847,10.86517728045888,-44.30693314910411,-0.5057746912111962,-0.7761978173686761,894.1090828026641,-43.806056377625744,3.567237472764294,12.725183187093785,-50.362742817749954,-37.59819952767301,12.764543290076944,-43.99937270550841,-0.12961764796727665,-0.8931868741251545,876.121127552515,-49.61847546896627,3.5727117155727384,12.764269002590698,-57.055861876260515,-44.62946565782788,12.426396218432636,-49.34712367424898,-0.5177922194120279,-0.6307924774137521,992.3695093793252,0,0,1
-39.771307773944514,3.1662493864022823,10.025135176892828,-44.31172980064269,-31.44876350816167,12.862966292481019,-40.252806355423914,0.9403604957957362,0.40072213014351643,795.4261554788902,-46.0765299144643,3.6549695522302637,13.358802427730293,-54.892985068479675,-38.189225804694175,16.7037592637855,-46.16345670914288,0.011578533847247363,0.49942444678320985,921.5305982892861,-43.15199524172856,3.0830992646635464,9.505501075768901,-49.61738076979475,-37.24627545346873,12.371105316326016,-42.61110310313009,-0.31582489276775566,-0.4251023320244047,863.0399048345712,-50.78852551064133,2.9405031135729085,8.646558560931968,-56.22796978415439,-44.3960363120346,11.831933472119786,-51.083683606155205,0.22016583367882703,-0.3430226654381343,1015.7705102128266,0,0,1
-41.16792027974439,4.061332819183815,16.494424268179557,-50.82326920261503,-33.437175679668876,17.386093522946155,-41.565828013878104,-0.15884442351587105,0.01669570538070797,823.3584055948879,-46.5695339981084,4.135931133173459,17.105926338353495,-53.44291125243934,-39.46898422296019,13.97392702947915,-45.75542049700889,-0.03150295240761034,-1.23464220539192,931.3906799621678,-41.979816226079585,3.5244287889021315,12.421598288042146,-48.59950570896439,-37.03624376061162,11.563261948352768,-41.34239664331592,-0.5130806603166378,-0.7090361531002829,839.5963245215918,-49.74909943007737,3.430848140535726,11.770718963417448,-55.661964417725805,-43.73318147076033,11.928782946965477,-49.873495969010676,0.26454705468555795,-1.021491218249598,994.9819886015474,0,0,1
-41.43139596189286,4.47915971954571,20.062871793200806,-49.86132528968278,-32.05583582357748,17.8054894661053,-40.97112761839597,-0.032522845709591755,-0.6649230333695102,828.6279192378572,-48.2570696591574,2.392248503159613,5.722852900869409,-53.81840909723659,-43.911277045801306,9.907132051435283,-47.903595704489234,-0.3469743686409322,-0.1167033362573684,965.141393183148,-41.82353531345376,4.288397668594236,18.39035456400448,-49.58867102602683,-34.81078997044279,14.77788105558404,-42.086939945663644,0.04766645691766188,-1.083531542653445,836.4707062690752,-50.41853334390878,3.842534075052554,14.765068117939986,-55.90581822879692,-43.7036177028779,12.202200525919018,-50.910343006373154,0.39008651494512403,-1.1871638974231282,1008.3706668781756,0,0,1
-39.315493281839956,3.4258324340225,11.736327866000527,-46.84128664282745,-32.447149800659204,14.394136842168244,-40.169911532237414,0.059023674373318305,-0.08158005616202413,786.3098656367993,-46.420607001942486,4.660816043150282,21.72320618808705,-54.5094750472236,-37.457092574943644,17.05238247227996,-47.297056454077335,0.380884089479798,-0.9623001680968608,928.4121400388497,-42.87627120551104,3.6788013745468504,13.533579553367797,-49.884617688340796,-37.23376626925279,12.650851419088006,-43.108530881279165,-0.12026276300156238,-1.007180549191776,857.5254241102209,-52.49431980961376,4.222573610369228,17.830127894986614,-62.65422892910784,-44.11836282170585,18.535866107401986,-52.633376120734184,-0.19643112781443747,-0.0427700849122572,1049.8863961922752,0,0,1
-41.34678914445127,4.2491899306986785,18.055615067151038,-50.35322624785171,-34.21696785447523,16.13625839337648,-40.98328128413213,-0.18562158620038047,-0.6489525675918526,826.9357828890255,-45.075213988012905,4.393859126393161,19.305998022588472,-51.96368097513154,-36.92292323309856,15.04075774203298,-45.184711868375935,0.2862218960232058,-0.9414513460396332,901.504279760258,-44.91995255301409,4.4583706498463735,19.877068851411572,-53.80648330382053,-36.611208277448966,17.19527502637156,-44.974519145931,0.01758378732320726,-0.7094377957310143,898.3990510602817,-49.85411357473241,3.7548950030984543,14.09923648429374,-55.76277720872194,-43.90257177145272,11.860205437269222,-50.89367791679658,-0.005548420311389049,-1.3409133610921695,997.0822714946482,0,0,1
-39.98950820586835,2.3316220491775415,5.436461380210877,-44.37181287398657,-36.24100229446235,8.130810579524223,-40.78010666091089,0.21769539897171294,-1.0798973901490017,799.790164117367,-46.482207499762424,2.418985638780344,5.851491520625548,-52.20138489111576,-42.019128075837436,10.182256815278322,-46.53864450472018,-0.2626897402434772,-0.004596362141371824,929.6441499952484,-42.788114511518316,1.433942007238966,2.0561896801245148,-45.817796178290024,-39.63788202824159,6.1799141500484325,-42.743640085150616,0.2497990294580455,-0.09178794430503423,855.7622902303663,-50.798364046657525,1.77179060585601,3.1392419509996072,-53.92810854036135,-46.44682067310426,7.4812878672570875,-50.87458131165257,0.3383927841565079,0.2301113212420023,1015.9672809331505,0,0,0
-41.78376665435992,4.9095990468411195,24.104162800743232,-52.11409012278623,-30.761932677862628,21.352157444923602,-42.36661998182957,0.07721929031936886,-0.09331340307356761,835.6753330871984,-45.714814222891064,3.8768794364241397,15.030194164568353,-51.59379992636615,-38.553112750226255,13.040687176139897,-46.35377346808396,0.25423043607722073,-0.9326897713843718,914.2962844578215,-43.25675969941516,3.268302263236312,10.6817996838756,-51.38504914139008,-37.65161896607402,13.733430175316059,-43.30465019131113,-0.45089653702424964,0.2850635322761099,865.1351939883033,-51.611961063191316,3.9873879180870326,15.89926240930644,-59.84376912788922,-40.41837706665427,19.425392061234945,-51.49703449847176,0.5145711961533708,1.5412430614096282,1032.2392212638263,0,0,1
-40.636040906972184,1.8359315092640525,3.3706445067085817,-43.426004441323364,-37.04128454833454,6.3847198929888265,-40.5208063416567,0.24736008188599795,-0.9855778791147154,812.7208181394437,-46.07032115614922,1.6273154800040535,2.648155671460823,-48.67401616055318,-43.045377863068055,5.628638297485125,-46.17168210207855,0.22083139700764798,-0.9465491652493396,921.4064231229843,-42.93950853180381,2.074248342047675,4.3025061844875285,-47.249230024819894,-39.16755354700144,8.081676477818455,-42.951097259884904,-0.3801693830114797,-0.3593365844499008,858.7901706360763,-50.98698850722833,2.329732608533832,5.427654027265853,-54.304267760272666,-46.7021536399947,7.602114120277967,-51.6289744782522,0.45638571028688046,-0.9649310358375667,1019.7397701445666,0,0,0
-41.47678620464844,4.358252131460627,18.994361641381094,-47.669056334566164,-30.73873111343543,16.930325221130733,-42.84301889804317,0.8114575006781809,-0.026008833726292035,829.5357240929688,-45.100764582408715,3.9350568632458978,15.484672516978645,-50.41256612413593,-36.164855373691665,14.247710750444263,-45.7658879271145,0.3656333906647882,-0.7456585721201048,902.0152916481743,-42.922483800922755,3.274769146928395,10.724112965674125,-48.877978513133236,-37.1139529380396,11.764025575093633,-42.697346982327474,-0.06566727545272345,-0.8785283342384695,858.4496760184552,-51.27280358058566,3.7313884552040486,13.923259803630055,-58.17710107292074,-43.419459740367735,14.757641332553007,-51.35779868440726,0.16639543215094688,-0.5973061415364347,1025.4560716117132,0,0,1
-41.581330624946546,4.315180493970405,18.62078269554267,-53.445464298817896,-32.56424903584514,20.88121526297276,-41.54700778060935,-0.5317896629716344,1.3144487208921758,831.6266124989309,-45.315133404444296,4.371602452560191,19.110908003230282,-52.515313503584565,-34.317465951249055,18.19784755233551,-45.54579657572741,0.2852047935985482,0.33762823632704153,906.3026680888859,-41.724737309124365,3.080015908345022,9.486497995658409,-46.32581744943577,-35.53300120099833,10.79281624843744,-41.42816039498378,0.015092036778611094,-1.0653867357762437,834.494746182487,-51.20953283784422,3.702243537898037,13.706607213907773,-57.8336570254914,-44.344373992808876,13.489283032682522,-50.19853029793095,-0.4024635778437439,-0.8480458370736725,1024.1906567568844,0,0,1
-41.7164336184043,3.418376992789368,11.685301264831681,-47.06776561716758,-36.12407546054681,10.943690156620768,-42.07341128628753,0.0950751959860308,-1.2492787377537498,834.328672368086,-45.09171392981182,4.526344897335046,20.48779812963101,-56.335579643059575,-38.447663719220586,17.88791592383899,-45.16330814308414,-0.3836640919457899,-0.1319608991708443,901.8342785962363,-42.28471364804209,3.241090235352808,10.504665913699322,-48.17386658864574,-34.28337133949257,13.890495249153169,-42.527303299119055,0.3148383822568192,0.09927873554353628,845.6942729608419,-51.33744312911135,3.606677882566319,13.008125348593065,-58.31782903626547,-46.48354892143179,11.834280114833682,-51.29721424541056,-0.2962682982732508,-0.9680766772872706,1026.748862582227,0,0,1
-41.41143272910351,3.7980552457433876,14.425223649718864,-48.76095795851307,-32.66067031147947,16.100287647033596,-41.11281719852745,0.1803052223785201,-0.19641426800287265,828.2286545820705,-46.54001341922672,4.103524422116771,16.83891268290878,-55.63040599499629,-40.31885665337899,15.311549341617301,-46.05963030113941,-0.44563217797233856,-0.6805926200137669,930.8002683845343,-41.58027338439407,5.606995750523109,31.438401346384204,-49.01078718844747,-30.0,19.010787188447473,-42.19328886903472,0.43429167706689575,-0.9799093980964377,831.6054676878813,-50.29456284473131,3.912710868219836,15.309306338285623,-62.42324243171691,-44.64060623014214,17.782636201574768,-49.937050835791396,-1.1342200616699272,2.408522872439275,1005.8912568946262,0,0,1
-40.3842540464648,4.49404548522123,20.19644482323732,-49.07621556096204,-30.309578631840104,18.766636929121937,-41.33838004430672,0.3588795075047917,-0.1121396215096837,807.6850809292961,-46.30407815412299,4.686767149539386,21.965786314001537,-55.04636252113314,-37.53284410337921,17.51351841775393,-46.706447429612595,0.03755242259214455,-0.7491884116197123,926.0815630824596,-42.847873161659294,4.32426815407877,18.69929506837981,-49.03802852363768,-32.406236108440105,16.631792415197573,-43.6876108575717,0.6270198159759158,-0.366050371775803,856.9574632331859,-50.319925824053406,3.115786374758911,9.708124733133277,-56.542883418870225,-45.6537792626114,10.889104156258824,-49.98416847436891,-0.5098144118059419,-0.5906568737731055,1006.3985164810679,0,0,1
-39.89834185169446,1.6278105780492134,2.6497672780089143,-42.72806169115014,-37.0371787381847,5.690882952965438,-39.52089849369828,0.007228379048571231,-1.2400354544261807,797.9668370338892,-46.47789542409213,1.939869387360533,3.7630932400185295,-50.79677154279723,-42.92828810523515,7.868483437562084,-46.77990994155992,-0.2816068410618928,0.17902766172591944,929.5579084818427,-44.01341376550824,1.9655697167348467,3.8634643113451057,-47.4699469004189,-39.156898129420256,8.313048770998641,-44.0384067549867,0.317093847811597,0.06277003243951507,880.2682753101647,-50.70162561667077,2.13455846487475,4.55633983996845,-53.811369617906706,-46.823342566599464,6.988027051307242,-51.19054222317354,0.4904538129383833,-0.9803053100810035,1014.0325123334152,0,0,0
-40.76548648662381,4.8956272407158385,23.96716608003897,-50.20997773746557,-31.76826200647886,18.44171573098671,-41.42207478357991,-0.08199826740259002,-0.8592046814639982,815.3097297324761,-47.163121335359406,4.859260575675761,23.61241334231673,-60.02296579145019,-37.105912114166856,22.917053677283334,-46.26748212911153,-0.47167078785335637,0.7312093040163079,943.2624267071881,-41.47944905492531,3.3442263708301136,11.183850019355551,-48.324260006487734,-34.78180209736618,13.542457909121552,-41.89834874504474,0.2651942016379793,-0.27346221725112985,829.5889810985062,-51.8155471695869,3.8702439044203216,14.978787879702654,-58.623707032055236,-44.62745693681369,13.99625009524155,-52.088908604999475,0.26594960852190835,-0.9845535664136076,1036.3109433917382,0,0,1
-40.03748189996123,1.9277903492894999,3.7163756308137317,-44.44835479670361,-37.7355014316039,6.712853365099711,-39.18836104669555,-0.6975986094836402,-0.6964447480329548,800.7496379992244,-45.986966493331735,2.062697912525782,4.254722678338219,-50.34759111657949,-41.63134278147945,8.71624833510004,-46.08682032769277,-0.023666235968608437,-0.29078334046081133,919.7393298666348,-42.65159187013293,2.1365360190375937,4.564786160645008,-47.22097880634822,-38.314462673331406,8.906516133016815,-42.26887635090304,-0.2534656544204501,-0.3580563894813409,853.0318374026585,-50.523298276220515,1.9675123802668193,3.871104966503205,-53.516179935220244,-46.25078892784172,7.2653910073785255,-50.7424833419488,0.35367443302925167,-0.636296381854272,1010.4659655244102,0,0,0
-40.19298846611893,3.872785259120274,14.998465663259287,-45.66564620169846,-32.23277860985792,13.432867591840541,-41.22066002248582,0.4925140373416626,-0.8184338049202085,803.8597693223787,-45.61535943007656,3.854580065219924,14.857787479190833,-51.94922142314338,-38.82557537091866,13.123646052224714,-46.532018241857685,0.36358405684780987,-0.9645374087388263,912.307188601531,-42.43390647301398,4.483603479719834,20.102700163355806,-49.87159658563542,-35.24849447159624,14.623102114039185,-42.35627473338991,0.08876502460495786,-1.0431446926306573,848.6781294602797,-50.915217657329706,4.492456228398519,20.182162964076653,-59.75957968670535,-41.045009466087166,18.714570220618185,-51.84579011430016,0.2560481265818302,-0.2703988540446791,1018.3043531465942,0,0,1
-39.82555321394691,3.3023926938123043,10.905797504144887,-46.91269681294149,-33.79229402446002,13.12040278848147,-39.064193941923534,-0.2180193777929731,-0.5519764542413461,796.5110642789383,-45.80865526097698,4.108193881179518,16.87725696536083,-54.64091126659937,-38.8934087155927,15.747502551006669,-46.417557792231705,-0.027932152731909386,-0.6370103740622248,916.1731052195396,-44.981307625392425,3.365757724993785,11.328325063355338,-50.046818207965266,-38.054977093465055,11.991841114500211,-43.8904350201138,0.03014333628890514,-1.037989590009438,899.6261525078485,-50.91481232423698,3.5664910755193775,12.719858591759365,-57.915734110489765,-43.700379310916254,14.215354799573511,-50.94039194252858,0.13332039225992293,-0.31608112944987665,1018.2962464847396,0,0,1
-40.32439707482535,2.018474492808441,4.074239278118293,-44.55556633940787,-35.6775733560086,8.877992983399267,-39.947510062332256,-0.17962712157404728,0.13690492965913492,806.4879414965069,-45.53967804388539,1.8242559700136793,3.32790984413055,-49.8342359947366,-42.28078746383534,7.553448530901264,-45.64065422925084,-0.3683456699751943,-0.17261989379469078,910.7935608777077,-43.02172132248248,1.9153639037847003,3.668618883921367,-45.800344645092174,-39.88886297641184,5.911481668680331,-43.02565171548289,0.1495904544045042,-1.1388225205604194,860.4344264496494,-50.44061797295413,2.114556746056365,4.471350232292482,-53.70065964157457,-44.93756606761336,8.763093573961207,-50.9205963565219,0.9037055482672718,0.5568263504693873,1008.8123594590825,0,0,0
-40.40169284013184,4.062653016092808,16.505149529167987,-48.05743390995244,-30.510672326263972,17.546761583688465,-40.90861754798384,0.4130598537781717,-0.0737303469677415,808.0338568026368,-46.107328458830594,3.988625926035559,15.909136777843022,-53.27276833529959,-38.75098250260752,14.521785832692068,-46.932689987534026,0.04929178477437339,-0.9334899640358758,922.146569176612,-43.55846381730904,3.2417694368480676,10.509069081682238,-51.46118034747765,-37.27608558798788,14.185094759489772,-43.35764226667969,-0.30476474247384516,0.06449330049673652,871.1692763461808,-49.285341297600986,4.017987043975908,16.144219885558257,-57.297184451628034,-41.762479201115454,15.53470525051258,-49.73445830654868,0.01348214320275268,-0.8414934653802479,985.7068259520197,0,0,1
-40.60502208531954,3.4064704280187095,11.60404077696597,-45.548563741148115,-34.555225605929834,10.99333813521828,-41.28875948546445,0.39446181910261274,-1.1526669895187909,812.1004417063908,-48.06815122181884,4.108460862150736,16.879450655824364,-53.35082877430943,-40.48085411421539,12.869974660094037,-49.599727362624265,0.5925638153855737,-0.9911944622435405,961.3630244363769,-41.931599052988716,2.7693354388585014,7.66921877291761,-47.69538730382795,-37.102844716588336,10.592542587239613,-41.939837575729264,-0.13549521067725037,-0.5901591986121368,838.6319810597743,-52.01024356129888,2.5163863002993745,6.332200012334374,-56.503530528727495,-47.47594984979821,9.027580678929283,-51.5925151410047,-0.10322465178754532,-0.7953987829018412,1040.2048712259775,0,0,1
-41.094780930573435,1.5957368974819388,2.5463762459852837,-45.18274368154597,-38.66902771601181,6.5137159655341605,-40.768971736034054,-0.7605168896400623,0.17884032730936505,821.8956186114688,-45.79443494040421,1.6823560819960848,2.830321986629217,-50.25749112992948,-42.54855372453233,7.708937405397144,-46.05917100095985,-0.6372591051764885,0.7497308578447184,915.8886988080842,-42.48096459723,1.5339805854465396,2.3530964365269083,-45.47994311338375,-38.67904651369136,6.800896599692386,-42.49613565471899,0.3464090972188041,0.18155392372384194,849.6192919445999,-51.708067995555396,1.9701753287125967,3.8815908258677885,-55.63172396109782,-47.9502098697024,7.681514091395421,-51.5005950755147,-0.07578892253997208,-0.5803922725776927,1034.1613599111079,0,0,0
-40.109437054914125,2.0719214267768846,4.292858398737161,-43.26382374755391,-36.58277712137619,6.681046626177718,-40.880777118549375,0.22393209158092398,-1.2959909061552484,802.1887410982827,-45.91407361290818,1.9860480125475062,3.9443867081438997,-49.651830047220585,-42.12393400608558,7.527896041135008,-45.399245547340236,-0.11694247052902693,-0.8245501369263164,918.2814722581638,-42.63918124050842,2.2784800513928474,5.191471344595152,-47.95125667375889,-38.63049994639959,9.320756727359303,-42.647887589968306,-0.27951840405525336,-0.18093775383090938,852.7836248101685,-51.02507331168631,1.952325741457276,3.811575800756703,-55.11115917192722,-47.41395486309783,7.6972043088293916,-51.325714675356764,0.09179349290202862,-0.6612819340569169,1020.5014662337264,0,0,0
-40.45762350266297,3.1949890933124316,10.207955306385394,-44.52890004334876,-33.41468175791576,11.114218285433004,-41.236204812188525,0.7388244740368957,-0.1279782816072066,809.1524700532593,-46.451979869768834,4.0552114603144265,16.444739987865464,-54.4932511271943,-36.29830624020528,18.19494488698902,-46.29912709945863,0.37004515188544906,0.3518613844052827,929.0395973953766,-42.13500870720656,3.8947362548411433,15.168970494774015,-47.460057614069484,-35.44030976662632,12.019747847443163,-41.78259706527223,0.15164449043415312,-1.2489807645643345,842.7001741441311,-51.68182274856601,3.5052986395125454,12.287118552168502,-59.109729914014295,-45.23811899548072,13.871610918533577,-51.965709951448275,-0.20796025603693158,-0.5767922130556582,1033.6364549713203,0,0,1
-40.70116292831398,3.1399172677704144,9.859080448442823,-48.051347884302025,-35.69164798360771,12.359699900694316,-40.421524919012555,-0.6770057253693956,0.017803450776788576,814.0232585662798,-46.636230916575514,4.45666524101249,19.861865070448914,-54.090634947710285,-37.41388501083057,16.676749936879716,-45.99423551150274,-0.007431074384548082,-0.7401166170794244,932.7246183315102,-42.555090014710046,4.211641509886792,17.737924207801495,-48.41822024721177,-34.69449941440879,13.723720832802982,-42.791244976097936,0.1392962158732271,-1.3914354969100518,851.101800294201,-51.30101882310048,3.303003122747652,10.909829628880741,-56.89108710308008,-44.46944611056168,12.421640992518405,-50.77355148653257,0.1371777443665823,-0.935885745713267,1026.0203764620096,0,0,1
-41.121116811885784,2.0146989368435952,4.059011806118712,-46.101066249119135,-37.07519263182963,9.025873617289506,-41.06160617821798,-0.54560710259938,0.34029195608697194,822.4223362377156,-45.589419036380285,1.7228224147634612,2.9681170728114035,-48.23157541244834,-43.11222231406909,5.11935309837925,-45.70073211152078,0.0072303795001322875,-1.394825393318259,911.7883807276057,-42.16503812303569,1.7974461201263665,3.2308125547573283,-45.1459348184834,-39.12802851842271,6.017906300060687,-42.53606941619635,0.021689113467494917,-1.1958364492327167,843.3007624607137,-51.32922066010038,2.1137874914806867,4.4680975591402134,-55.17673034616027,-46.34036417754676,8.836366168613509,-51.69394407339024,0.2594505962472563,0.2065558316056948,1026.5844132020077,0,0,0
-42.16582785668529,3.3424610151920104,11.172045638078405,-49.539101723514804,-37.951570611965835,11.58753111154897,-41.62667408695682,-0.8373754853374654,-0.3423878844637991,843.316557133706,-46.613827937756504,3.503231489492033,12.27263086896857,-51.95617739613909,-39.973590885174055,11.982586510965035,-46.6235728361284,0.18135427709764676,-0.9282016768914798,932.27655875513,-41.95506804043653,4.796504836404258,23.006458645649438,-50.478732197026936,-33.23422391611956,17.244508280907375,-42.563340962308814,0.20896216140616536,-0.8390328096196931,839.1013608087305,-51.29371805323316,2.458205882835792,6.042776162408496,-57.39738060991109,-46.15408309011392,11.243297519797167,-51.25007853552523,-0.359627958763343,0.3060192295371995,1025.8743610646634,0,0,1
-41.81676782118845,3.3292766956504503,11.084083316201182,-47.62892790076522,-34.569298598753115,13.059629302012105,-42.330642417729145,0.32762414055295364,-0.3698491686918457,836.3353564237689,-44.560106862997216,3.9964412325867484,15.97154252551949,-52.49538774240877,-34.80530756702994,17.690080175378824,-43.97337089212792,-0.21245550141364986,0.7783079836078839,891.2021372599445,-42.591940127648975,2.8734414933305414,8.256666015593652,-47.43770630884753,-37.16192554919551,10.275780759652022,-42.43203437651077,0.14544204944645772,-0.7069094036825714,851.8388025529796,-50.72453940089713,2.8107006690538214,7.900038251019599,-56.32594668382933,-42.67936252110998,13.64658416271935,-50.52525000713543,0.5273679455360227,1.665064298948157,1014.4907880179426,0,0,1
-41.27876709515307,3.8979890003976214,15.19431824722085,-48.14794099656045,-33.469255795215425,14.678685201345026,-41.71663574639305,0.4156750126421652,-0.42600782524651404,825.5753419030614,-47.77199430375366,2.700675531986648,7.293648329071365,-52.19405042437596,-40.720499067836194,11.473551356539765,-48.06106810300169,0.7186325598482877,0.2985008251611858,955.439886075073,-41.81167192705554,4.422482634719555,19.558352654396018,-54.40155867565532,-33.53552660994748,20.86603206570784,-42.315043459641004,-0.6793153574548522,1.3134617493977805,836.2334385411109,-51.22482307065745,4.5465980777617325,20.671554080706684,-57.531638516852254,-40.60224068530613,16.929397831546126,-51.730896454497525,0.5632254926581254,-0.5311042929155239,1024.496461413149,0,0,1
-41.17897602639817,1.8821139657122687,3.542352979929163,-43.56118945714823,-37.90161470647183,5.6595747506763985,-41.53657122454897,0.3513899580597585,-1.2338535509732402,823.5795205279634,-45.55361661885456,1.4550156311973212,2.1170704870285393,-48.84520490725687,-43.116745554442446,5.728459352814426,-45.509958175456624,-0.3385518970936789,-0.3779411043695271,911.0723323770911,-42.512933899556906,2.615043091078016,6.838450368194863,-48.24917126817112,-37.25883022445695,10.990341043714167,-42.300583579533125,-0.09796407220476798,-0.450935756692703,850.2586779911381,-50.41835556292572,1.5784256801322345,2.491427627700907,-53.109295431181806,-46.166234315452215,6.943061115729591,-50.49673181226595,0.8148890244341473,0.7459161029955146,1008.3671112585143,0,0,0
-40.01615284576444,3.1208729933831134,9.739848240828076,-45.426868073090134,-34.43765772935946,10.989210343730676,-40.17298395874336,0.23795617425714055,-0.8036670663274532,800.3230569152886,-46.65893767663978,3.4857374801784853,12.150365780721055,-53.6649324831179,-41.00360187662118,12.661330606496719,-45.03476765362515,-0.4365136234690594,-1.0937512048277889,933.1787535327957,-42.985028269940315,4.334328270420437,18.78640155576582,-49.62480751035114,-34.911143484765184,14.713664025585956,-42.96047629094431,0.14440556657776987,-0.8924686514965421,859.7005653988065,-51.96320888370194,2.869259978018347,8.232652821457847,-58.3431032022357,-46.89637074155877,11.446732460676934,-51.83475582453054,-0.19474996998072064,-0.2793937557444459,1039.2641776740388,0,0,1
-40.92829621619164,4.406970629173173,19.421390126394996,-48.442531274453984,-34.32179022615545,14.120741048298534,-40.42406541021953,-0.17527923653831193,-1.1875762797114071,818.5659243238326,-46.938537684497575,4.663515036475405,21.748372495432204,-55.5106400654749,-39.20196334551408,16.308676719960822,-46.61067667801814,-0.09758900441120943,-1.1536566553766179,938.7707536899512,-43.72162533853525,4.295901786068176,18.454772155543743,-49.86664822093894,-35.59428581479241,14.272362406146534,-42.59304977359996,0.10196979554612505,-1.0539961511693563,874.4325067707051,-49.790284473905864,3.891061483465909,15.140359468111921,-56.5985769311563,-39.651812157290266,16.946764773866036,-49.09572324813479,0.47226424716183557,0.42366544455138033,995.8056894781173,0,0,1
-40.92260296281019,4.715402698819313,22.235022612032456,-47.72880942843254,-30.0,17.72880942843254,-42.38346983588771,0.5101515375109364,-0.47579103799258293,818.4520592562037,-45.997381478710494,3.095248062949671,9.580560571193692,-50.60358218644767,-38.46704856474744,12.13653362170023,-46.35527151854731,0.541117484769358,-0.24295379043914878,919.94762957421,-42.16981621317119,4.525799085163991,20.482857359271218,-53.32511342379531,-34.02838471132368,19.296728712471626,-42.51561976093723,-0.4438420771619384,0.4764267303909673,843.3963242634236,-49.710174558535016,5.135314803902489,26.371458135180053,-59.67600954337775,-39.56865829457337,20.107351248804385,-50.12947553211657,0.013635048751769746,-0.6111833700886251,994.2034911707002,0,0,1
-40.493361606576954,4.2179017825730565,17.790695447432967,-46.3755447548612,-30.0,16.375544754861203,-40.990083477456835,0.9067568854340163,0.3485527519437053,809.8672321315389,-45.90114012338732,3.3064342226998864,10.932507269041002,-52.572442462604286,-39.39337863093697,13.179063831667314,-46.31567171396149,-0.00288883737523674,-0.5857102050546255,918.0228024677465,-40.907530110155946,4.723957488311433,22.315774351373662,-51.66503465825103,-31.12891676603965,20.53611789221138,-39.536597579646696,-0.4797247147416186,0.19086503827396983,818.1506022031188,-51.55524152367626,3.3445795145348,11.186212129045838,-58.29100629756998,-43.92422921334413,14.366777084225852,-51.77403677949252,0.3553766886666317,0.03953110263961124,1031.104830473525,0,0,1
-40.594474350953945,1.8511765569696887,3.426854645074151,-45.39264777890336,-38.31736853713116,7.075279241772201,-40.03118025315132,-0.8695500692063222,0.028168539779604096,811.8894870190787,-45.83907890724193,2.1369880509571813,4.5667179299337715,-50.16662975538871,-41.76060933659396,8.406020418794753,-46.220376764130975,0.13450030476057986,-0.6320062753119333,916.7815781448386,-43.47368904389122,2.4126537589907238,5.82089816077207,-48.256487241890284,-39.19628004932731,9.060207192562977,-43.61683484887498,-0.2264654043568324,-0.6709654831875862,869.4737808778245,-50.4208079837628,2.4056421567759476,5.787114186457632,-54.75180062412625,-46.104268624587974,8.647531999538273,-50.37202129455285,-0.04819318003452383,-0.9113962895938776,1008.416159675256,0,0,0
-40.04933163244374,3.7299263229232613,13.91235037443584,-45.21889171820932,-31.25537391882422,13.963517799385102,-40.543138233439564,0.6792025252480625,-0.009314654400557565,800.986632648875,-45.703190272916856,3.6321385752086224,13.192430629518523,-51.96806837099343,-37.88606077548269,14.082007595510738,-46.787013295763735,0.7201074919906708,-0.12368004142787248,914.0638054583372,-42.77460370802685,4.763159497737257,22.68768840088464,-52.137762981411015,-34.7560675296691,17.381695451741912,-42.0805573322973,-0.2477987335958766,-0.7582574045798105,855.4920741605371,-49.994230509125615,3.3745929498699123,11.387877577311716,-56.84138071890246,-44.302423634910305,12.538957083992152,-49.28582863042722,-0.4324264403564933,-0.7553778893863567,999.8846101825123,0,0,1
-42.26283532784144,3.2138806990283233,10.329029147586784,-49.37498601625895,-36.01812336038907,13.356862655869882,-41.40390724103302,-0.4316943157864548,-0.38932396454666707,845.2567065568287,-45.37755126948998,3.9934166136124283,15.947376249875754,-54.33106539384654,-40.03735144349165,14.293713950354892,-45.20434204824215,-0.6316536309295966,-0.380371759258022,907.5510253897995,-41.38442159369392,3.4442629440787282,11.862947227953867,-49.31976927332869,-35.39024410431984,13.929525169008848,-40.99383745749358,-0.3118205842602076,-0.2119461824404989,827.6884318738782,-50.87256207102937,3.7740196030493762,14.24322396420097,-58.87663559907473,-43.56561328504795,15.31102231402678,-50.68175786726333,-0.28654766472163107,-0.23622250079986884,1017.4512414205874,0,0,1
-40.79968294958156,4.728206571748501,22.355937385125713,-49.64293637270834,-30.0,19.64293637270834,-41.5453177242422,0.5173923179869868,0.006568478246561149,815.9936589916312,-45.25009614080127,4.867834870708046,23.695816328481218,-53.54708883494602,-34.714070899289375,18.833017935656642,-45.52176788361228,0.22631606529002385,-0.5818391935186029,905.0019228160254,-43.39045137968493,4.44382272906383,19.747560447344302,-51.87554701416452,-33.172934088345954,18.702612925818563,-43.39604235278673,0.30431658480981905,0.3887750614551688,867.8090275936988,-50.97390627811343,3.3532089134647176,11.244010017339232,-56.565716516699965,-45.900089779495694,10.66562673720427,-51.90394315034561,0.041421929188242494,-1.3323245442215184,1019.4781255622688,0,0,1
-38.98404943152677,3.461481853381819,11.981856621291634,-48.25576106685678,-32.65962184889232,15.596139217964456,-39.184534422101976,-0.3925969101108959,0.7594357765437167,779.6809886305352,-45.25813171253945,3.4802076222012057,12.11184509362737,-52.639778529497036,-39.26861430485285,13.371164224644183,-44.958700061524894,-0.14138266701480043,-0.5298433684396859,905.1626342507891,-41.80844015196462,3.625615878389814,13.145090497632342,-46.591340443049376,-30.578641905222995,16.01269853782638,-41.95808645705425,1.3333806202261005,2.2319242557432055,836.1688030392925,-51.63212692988926,4.194536524934497,17.594136659009568,-58.16130720501794,-45.00163973025157,13.159667474766373,-52.496896494208826,0.17826157586664734,-1.30894452058462,1032.6425385977855,0,0,1
-40.094615967656964,4.659581205959352,21.711697014929612,-48.405690139668295,-30.0,18.405690139668295,-40.62950844427286,0.14143969309415583,-0.49889702662442437,801.8923193531393,-45.71979032909781,4.761378412390985,22.6707243859829,-56.766187935822515,-35.657174849981935,21.10901308584058,-46.44210166968732,0.029949057640626622,0.040939701525690264,914.3958065819563,-42.47075756913385,4.365790193355679,19.060124012400617,-51.81047749043045,-35.117557143044635,16.692920347385815,-42.18271149465933,-0.17165758521577737,-0.7064262181871177,849.415151382677,-51.28548006944111,4.911235468347488,24.120233825554372,-62.385529755145214,-39.4633272767122,22.922202478433015,-50.63859650548814,-0.07895346784700935,0.6309040716486982,1025.7096013888224,0,0,1
-40.84536558551757,2.1076043301839227,4.441996012610021,-45.42068162302247,-36.361735641996106,9.058945981026362,-40.907048425595804,0.014109581295202267,0.11158736036420791,816.9073117103515,-45.568740697829774,2.768682498093833,7.665602775251108,-51.17721094801315,-40.845704885132996,10.331506062880152,-45.122047161257825,-0.3343197683368078,-0.8991099429456857,911.3748139565955,-43.25023819048522,1.6892422970217735,2.853539538047398,-46.476534498626755,-40.816440154512065,5.66009434411469,-43.30457133198715,-0.12425429217652216,-0.9414867219520988,865.0047638097043,-50.28686057411143,2.095895979223924,4.392779955727011,-55.18300807177094,-47.65125761074617,7.531750461024771,-49.789544445108305,-0.8014407878742832,-0.3471575740395303,1005.7372114822285,0,0,0
-39.749356830009205,4.174754065346673,17.428571506128574,-48.32700534139356,-30.0,18.32700534139356,-39.437959485448374,0.1737816249642267,0.1499680147361082,794.9871366001842,-46.11210253683612,5.1325383402044205,26.342949813668344,-57.61451434138943,-37.016861714381925,20.597652627007506,-45.89734232351165,-0.2111184584549991,-0.19799829674848812,922.2420507367224,-43.882536280555634,4.454755220020626,19.84484407030102,-50.173412971882925,-33.35775488824629,16.815658083636635,-44.08872600111135,0.5538526946178642,-0.2695332708531746,877.6507256111126,-50.57100079984626,3.1851638685122823,10.145268869276126,-58.87498435139984,-45.9409728291356,12.934011522264235,-49.73218726519245,-0.9632817832441781,0.4511657292080469,1011.4200159969251,0,0,1
-40.32793826644116,4.538882240955294,20.601451997259353,-47.381473259881986,-30.0,17.381473259881986,-39.25063141200866,0.27604352587595243,-0.586836090405229,806.5587653288233,-47.409363747779274,4.67435987767121,21.84964026598241,-59.53825432356434,-39.80460387813322,19.733650445431117,-46.8751698679467,-0.8343912171453448,0.40105735248342844,948.1872749555853,-43.31559809362074,3.3224566886766875,11.03871844813246,-49.886446971615065,-38.90824306687446,10.978203904740603,-42.28217629890729,-0.5405972443853925,-0.821945490504294,866.3119618724149,-49.58545059655931,3.6450958075147106,13.28672344596132,-54.581377008137935,-41.53436711891274,13.047009889225194,-50.0394046198477,0.7178443747931789,-0.5284067624834781,991.7090119311863,0,0,1
-40.365969817452175,2.289194666321877,5.240412220316529,-44.687620881921845,-34.60315353099805,10.084467350923795,-40.27790596245162,0.2329202017942471,0.3963001365491956,807.3193963490436,-46.50654926581588,2.3841479459876767,5.684161428357259,-50.380323189796,-42.50209379886114,7.878229390934862,-46.74090249845925,0.18216490494606447,-1.0568558772876746,930.1309853163175,-42.10794931735755,1.636361229733293,2.677678074174255,-44.70011013533095,-38.606406485541,6.093703649789951,-42.27280968549731,0.3003725910141425,-0.8648078919590887,842.158986347151,-51.441338088949486,1.673166368078302,2.799485695268336,-54.67717272211355,-49.04583801792386,5.63133470418969,-51.07942253165487,-0.42296707479902573,-0.8963475417147855,1028.8267617789897,0,0,0
-40.33093994711054,1.893873295890059,3.5867560608854747,-43.14662736727475,-36.07012560885386,7.076501758420896,-40.784887553086094,0.8006597368593475,0.006771247293303695,806.6187989422107,-46.21810650237465,1.7623173587476415,3.1057624729432636,-49.6586418708975,-42.90462585378473,6.754016017112768,-45.92416911309613,-0.15874779740284156,-0.8111710786630595,924.3621300474931,-42.55001405476925,1.714773710994798,2.940448879918871,-45.101842153917204,-39.22938373166021,5.872458422256997,-43.009864680219934,0.6805436512906262,-0.5637184475037929,851.0002810953849,-49.919618901946606,2.0286650091119154,4.1154817191950475,-52.45577157786009,-45.885654728761956,6.5701168490981345,-49.84484073851488,0.33689180406450364,-1.0704948473890916,998.3923780389321,0,0,0
-39.9157591362241,1.8315785646389504,3.354680038444878,-43.83393183369591,-37.056205918772676,6.777725914923231,-39.82914654945672,-0.4754767042149143,-0.5782997250451793,798.3151827244822,-45.36257752777956,1.8385201169013514,3.3801562202509587,-49.240055497217156,-42.089917823243034,7.150137673974122,-45.20163700141501,-0.1132587510988392,-0.7986386541346855,907.2515505555912,-42.95264376299788,2.197889232522629,4.830717078438911,-46.90267030890521,-39.612884784599565,7.289785524305643,-42.26076308912118,-0.45075016889661434,-1.1189017376997104,859.0528752599574,-51.0871223909088,1.844240494488654,3.401223001511755,-55.00958006641001,-47.803715805496665,7.205864260913344,-50.601295702005515,-0.36911414153302036,-0.42092177210471293,1021.7424478181761,0,0,0
-40.66085583272479,2.091055961700866,4.372515034964734,-44.26207399325163,-36.2826250134689,7.979448979782731,-41.00093941481552,0.39988835299280595,-0.4932495180237222,813.217116654496,-46.65651222341341,2.0352379061199626,4.14219333450757,-49.96383444499281,-43.14051248552395,6.823321959468863,-47.17866309871833,0.21517868300520557,-0.8904539836318501,933.1302444682682,-42.90106164365824,1.888834752113286,3.5676967207908583,-46.51993071651798,-38.86450876205053,7.655421954467457,-42.463489817184026,-0.014104112897780399,-0.5557777833269535,858.0212328731648,-50.74650186815101,1.6767903025814648,2.81162571883124,-53.64361615815598,-47.65981193451054,5.983804223645436,-50.350063840187346,-0.03623946733352802,-1.062842134385808,1014.9300373630201,0,0,0
-41.31700214858635,3.9679059801865586,15.744277867600255,-49.013216088993886,-34.06639156845622,14.946824520537668,-40.84573461830894,-0.14993578241022404,-0.8083193687237489,826.3400429717268,-44.55332082685547,2.292497886015218,5.2555465573842435,-47.91627258616885,-40.01528063643558,7.900991949733275,-44.59990283730244,0.26457981227197747,-0.9617330972516136,891.0664165371095,-44.963962691252156,4.667741577722975,21.787811436403764,-53.314319190014196,-36.83026234542865,16.484056844585545,-45.11270264675362,0.022219696757074477,-0.7843867494964676,899.2792538250433,-51.861228100732525,3.6282896807087637,13.164486007137702,-59.30029521697841,-46.69722448297538,12.603070734003033,-52.16121520094042,-0.24457798651811644,-0.5307058696230849,1037.2245620146505,0,0,1
-40.986235198452455,1.9726891345395892,3.8915024215305536,-46.09006123307703,-36.637192161243796,9.452869071833234,-41.063908125878164,-0.35570573566324437,0.8922283434120382,819.724703969049,-45.4985891358793,2.2736215671257662,5.169355030499426,-51.66376906445372,-42.00042469627862,9.663344368175096,-45.514255801581555,-0.6470709050278473,0.6493127550618407,909.9717827175859,-43.280377866653815,1.2402383518743805,1.5381911694600794,-45.00237751429604,-40.20668859051812,4.795688923777924,-43.44109730229624,0.6166504777302177,-0.12755608658526718,865.6075573330763,-50.63861557252197,1.843508203518675,3.398522496440652,-54.70601957065049,-48.06590321424477,6.64011635640572,-50.371184563560135,-0.6772134138004446,-0.2687904802484513,1012.7723114504394,0,0,0
-40.00241163801143,4.50238746907501,20.27149292168367,-48.62207807103677,-32.849226248294066,15.772851822742702,-39.524415724478146,-0.2581715347112201,-0.910811254357029,800.0482327602288,-45.03963236879024,2.1021382160886333,4.418985079540302,-48.735993031644405,-39.78889916431702,8.947093867327382,-45.68653098379235,0.7922685476736637,0.27387019973280946,900.7926473758048,-42.884539060203245,3.448371169024625,11.891263719360257,-50.00293579761553,-37.71179880452908,12.291136993086447,-42.51253414524828,-0.36697938080892134,-0.8931807632432087,857.6907812040649,-50.66338368521063,4.2184836443349845,17.79560425752177,-57.87532402518116,-43.532036444837324,14.343287580343834,-49.68713338372439,-0.1899993099207704,-0.9980827257433291,1013.2676737042127,0,0,1
-40.421129870377754,4.109523795474276,16.8881858255693,-47.18335207749475,-32.59207942605603,14.591272651438722,-38.990107286525735,-0.2698676380645565,-0.923012255841202,808.422597407555,-46.99752567312812,4.063296695813961,16.51038003821266,-53.79158925317458,-39.85075997615551,13.94082927701907,-47.97551725271389,0.15022959873974664,-0.983901584837569,939.9505134625624,-42.58275998297739,3.9246627325660266,15.402977564392632,-51.13404802651998,-34.22329659267461,16.91075143384537,-42.92041382866132,0.09398683599720581,-0.0734351955948358,851.655199659548,-50.55906393691974,4.098129920779915,16.79466884759159,-56.91931060295537,-42.783645026048944,14.135665576906426,-51.13280549501928,0.1671055736338906,-1.0604688824990434,1011.1812787383949,0,0,1
-40.23139027819551,3.5198240124399356,12.389161078548767,-47.26828132960303,-31.927119616467465,15.341161713135563,-40.94120082163555,0.19938420795720543,0.09035833617447286,804.6278055639102,-45.72679010903867,4.571422328231377,20.897902103052385,-57.55816062141741,-37.97176294243677,19.58639767898064,-45.56299343672406,-0.4921291629738289,0.5209402602289406,914.5358021807734,-42.783566800416345,3.750115030136055,14.063362739252344,-49.65144327415766,-35.64634520095476,14.005098073202895,-42.658650793724426,0.06024395657250464,-0.5610762500673165,855.6713360083269,-49.939530326584084,3.8890115641569545,15.12441094614652,-57.90464708991294,-38.63512738682913,19.26951970308381,-50.367316355599115,0.8229317353555152,2.0172362339781342,998.7906065316815,0,0,1
-39.17720380384567,3.827519663043537,14.649906770984913,-48.86976667220663,-33.270210958196316,15.599555714010314,-38.77858237434303,-0.9955092524104571,0.7070710835004745,783.5440760769133,-45.38922091955877,4.766215281093181,22.716808105726145,-52.22361106709773,-36.847940487671394,15.375670579426334,-46.15743723697198,0.3631305315756199,-1.0081973758761569,907.7844183911752,-42.50742980310845,3.1993905409919154,10.236099833788542,-50.363707605759096,-37.06591232351128,13.297795282247819,-42.13583972645483,-0.5485700269726265,0.1928188018607364,850.148596062169,-50.27781384034501,3.447040714689188,11.882089688724948,-55.63520194887281,-43.53142461615075,12.10377733272206,-51.25085100500379,0.3919858461438677,-0.9672444853545805,1005.5562768069003,0,0,1
-41.5478316582281,3.573973925303082,12.773289618746322,-47.79854788636805,-31.438687738000084,16.359860148367964,-41.6318286296107,0.8387290055712849,1.1906160250510682,830.956633164562,-45.12962850716674,2.651296231724248,7.029371708355197,-49.4238887177828,-40.532620595033436,8.891268122749366,-45.92869815216607,0.17662539400355895,-1.121998974462536,902.592570143335,-43.30377092051572,4.736462166316883,22.434073852951226,-53.49957599016232,-35.957725018059776,17.541850972102544,-43.18375994315714,-0.24358430755302488,-0.664752146157586,866.0754184103143,-49.8839611493179,4.1669493477238495,17.363466866496218,-57.356551612918665,-40.83608647770754,16.520465135211126,-50.76886981025119,0.5242757632794101,-0.06949182502922913,997.6792229863579,0,0,1
-39.29382851374925,3.6634183326500427,13.42063387999642,-44.58501602815139,-33.42103856123981,11.163977466911575,-39.913407589671294,0.18258592377289723,-1.4218529740706602,785.8765702749849,-46.6374248445726,3.564680567709433,12.706947549805244,-54.732027353464254,-39.41600512554055,15.316022227923703,-46.83287136765545,-0.2005905314765995,0.24126045486939818,932.7484968914521,-42.324263854630615,3.1895414559294673,10.173174699092666,-50.84950317531923,-36.245249072053475,14.604254103265752,-41.452418599247274,-0.7298651142053081,0.7496072093601924,846.4852770926125,-50.02668285518092,3.5105054716166317,12.32364866625031,-55.44117257244252,-43.19011096894013,12.251061603502386,-50.126784377224965,0.30316032599148734,-0.9375978788707817,1000.5336571036185,0,0,1
-40.97239554138021,3.12783373478474,9.783343872457454,-51.75364528120489,-35.81671844159782,15.936926839607068,-40.775404436763274,-1.767260967074282,4.725420697887083,819.4479108276042,-45.29415136626187,4.459755002817179,19.889414685152854,-55.00279134991971,-38.1454197789814,16.857371570938312,-45.545350164342075,-0.3894308615474426,-0.13653973816648302,905.8830273252373,-42.66687864836899,3.302700609730713,10.907831317515626,-48.08808515653888,-34.548315475623625,13.539769680915256,-43.321446968608,0.6349271673470362,0.029976416780427062,853.3375729673799,-51.141998021726934,3.512830405546964,12.339977458135248,-58.19114172430027,-44.367259001521,13.823882722779274,-51.053612279697305,-0.23834195701804234,-0.5017462385298574,1022.8399604345389,0,0,1
-43.01951603292841,2.623833118791526,6.884500235267265,-47.86748912897025,-37.838312963326274,10.029176165643975,-43.3108196990979,0.179020569900485,-0.5963304357607102,860.390320658568,-46.280090201841396,3.1996956731365835,10.238052400688973,-50.89051753071876,-39.26051642625913,11.63000110445963,-47.12405123005085,0.662854172806866,-0.5611347508571551,925.6018040368278,-42.51841138921874,4.045249736834629,16.364045433360637,-54.32540195237336,-34.7334463164103,19.59195563596306,-41.72452737893211,-0.7963028250715468,1.8148424991755814,850.3682277843747,-51.33080175220016,3.4341303068546174,11.793250964457389,-58.81402011463842,-44.219833633816876,14.594186480821541,-51.34951183211218,0.002711991760936568,-0.011497847225293345,1026.616035044003,0,0,1
-40.134162378158365,2.028400048452311,4.114406756561337,-44.24940373219387,-35.8509679010669,8.398435831126967,-40.458010001280726,0.13405709349846762,-0.19070228626139984,802.6832475631672,-45.74836411685892,1.6348592433520492,2.6727647455736347,-48.177811506339516,-42.12657585882636,6.05123564751316,-45.78694897789873,0.4336929617678907,-0.5639185434144096,914.9672823371786,-43.5493876934559,2.0348978512322864,4.140809264949776,-47.9815924755978,-40.02275253359778,7.958839942000019,-43.34322474838309,-0.3558281894258953,-0.3494691132344858,870.987753869118,-51.05249521398293,2.437529206553384,5.941548632800768,-55.43397233855038,-46.53861421531193,8.895358123238452,-51.36008628640133,0.2296089478605965,-0.7484132663095062,1021.0499042796587,0,0,0
-39.659390134856224,2.944639602672019,8.670902389624425,-44.1904871390654,-31.479450981408853,12.711036157656544,-39.06097184038247,0.6910783712797482,0.898331151534272,793.1878026971245,-45.742806989600936,4.36829150159592,19.08197064291513,-56.03257115014171,-37.811318632982605,18.221252517159108,-45.00693391960644,-0.27544863998497676,-0.07628908623037489,914.8561397920188,-43.881707364932886,4.974580783661787,24.74645397317712,-51.6873924169337,-32.5287542277825,19.158638189151198,-44.536388233904404,0.557436055166695,-0.26392792839578716,877.6341472986578,-51.460027214322324,4.21493385104987,17.76566736872609,-63.128179861681545,-46.33339068725187,16.794789174429674,-49.84783612430216,-1.2305462106487595,1.1373015310407535,1029.2005442864465,0,0,1
-40.566624895824496,2.218914438477892,4.923581285285659,-44.408259413932136,-36.32372101099806,8.08453840293408,-40.47756078451684,0.19126344549691404,-0.9302288024485166,811.3324979164901,-45.42163902556877,1.8258847307413253,3.333855049954322,-48.34342991169272,-41.087076625706885,7.256353285985838,-45.38148635677727,0.543857774813932,-0.2712529949350415,908.4327805113754,-42.66753690657255,2.221780431966928,4.9363082878711495,-48.27650315183009,-39.77862621161231,8.497876940217779,-42.13849582265546,-0.7693320507837915,-0.04798062354860422,853.350738131451,-51.091105905043406,1.7617021412270275,3.103594434403894,-54.40184364196727,-47.02487308844916,7.376970553518106,-51.186012620098076,0.3654272998265216,-0.1840244688581114,1021.8221181008682,0,0,0
-38.447908635306185,4.113001951011388,16.91678504902349,-45.855799556632775,-30.48658203272292,15.369217523909853,-38.09904195830633,-0.003724149935900502,-0.7938606795727585,768.9581727061236,-47.06680509114252,3.2177800503959366,10.354108452726077,-53.37000555072366,-40.903473975083415,12.466531575640246,-47.37493065999772,0.07426221785472192,-0.5916466146621984,941.3361018228504,-42.73665295829065,4.007436744985617,16.05954926506092,-50.46620430635127,-35.89281866839572,14.573385637955553,-43.070295303332074,-0.002929627467077199,-0.844596558455113,854.7330591658128,-51.58580419422041,4.162363305102147,17.32526828366087,-61.13904622417019,-44.26112096900484,16.877925255165344,-52.244566327544334,-0.07071455629888318,-0.3093899606176036,1031.716083884408,0,0,1
-39.767260027605936,2.090323875548299,4.36945390468726,-43.35306729144824,-35.29867873530746,8.054388556140779,-39.51169992252488,0.19416447006844692,-0.7934265119361195,795.3452005521187,-46.00791003103558,2.7314587382547586,7.460866838788277,-52.113966279653326,-41.73080176767665,10.383164511976673,-45.431328727251085,-0.5124098218904435,-0.4343325949346921,920.1582006207116,-42.40625575358669,2.0222631961445057,4.089548434480591,-46.20949224437878,-37.70136993374297,8.508122310635812,-42.15004012126886,0.10104426185286922,-0.05116623392443165,848.1251150717338,-51.083198727298765,2.000286004742344,4.001144100768087,-54.26872783852159,-47.688683916735506,6.5800439217860855,-51.21695806284825,0.09020453125202603,-1.2647633859138865,1021.6639745459753,0,0,0
-41.18478752250445,1.996988725454428,3.9879639695921014,-44.91916371064564,-37.150436866150734,7.768726844494907,-41.12936844061909,0.2566793443413673,-0.5982856963802305,823.695750450089,-46.04742758262583,1.9698426259034438,3.8802799708261753,-49.35839832944322,-41.82649849783409,7.531899831609131,-46.191507828537226,0.3043135951382026,-0.5740011637572122,920.9485516525164,-42.55644729445807,1.3020281452709608,1.6952772910777383,-45.567848489358475,-40.127092769772155,5.4407557195863205,-42.33973170993704,-0.04083347302867875,-0.08757106189819597,851.1289458891613,-51.45135464454741,2.383748564735906,5.6822572198804915,-54.77906137141603,-45.38591319278163,9.393148178634398,-51.74412263240064,0.8440773489260677,0.32781661066617396,1029.027092890948,0,0,0
-39.3014106208845,3.338730825117355,11.147123522588814,-47.002368846435346,-33.88404366593886,13.118325180496484,-39.14520585773739,-0.5743031352988864,0.11041733473736892,786.0282124176899,-46.325185255693796,2.705920766113736,7.322007192485548,-52.9064742505523,-42.50915530864733,10.39731894190497,-45.633930927924766,-0.8308703667063996,-0.023929911711326746,926.5037051138758,-43.593225302871865,3.7989367458757406,14.43192039916496,-50.76825342335444,-37.0022064741379,13.766046949216538,-42.95512523331388,-0.018543312787813383,-1.0780641090550507,871.8645060574373,-51.04838865002314,2.945680151170716,8.67703155300113,-55.76057735047859,-45.26417971136136,10.496397639117234,-51.37323061571709,0.3761761347009301,-0.8423519662698173,1020.9677730004627,0,0,1
-40.75420599686792,3.7816978693761403,14.30123877524404,-46.98590919168758,-34.150124128860654,12.835785062826929,-40.67899400489718,0.0026348622392123504,-0.931149787223299,815.0841199373584,-46.16868823644744,4.58772894241247,21.047256849049045,-55.11552940535863,-37.575747552468584,17.539781852890044,-46.10868737423683,-0.07933437954814705,-0.5815419830371318,923.3737647289486,-42.935424688800104,3.1951962017683937,10.209278767795169,-48.96061031431415,-36.17070155925221,12.789908755061944,-42.79504989307688,0.11506843865367675,-0.3471568127554212,858.7084937760021,-51.9594885388107,3.2608317377121736,10.633023621670993,-59.59378045849637,-46.80436927346117,12.789411185035199,-51.79072108251896,-0.5006521936817087,-0.3713006129787755,1039.1897707762141,0,0,1
-39.959743121992624,1.704396812194056,2.90496849341726,-42.71034380153297,-37.37145904151745,5.3388847600155245,-39.29649136516098,-0.20777182770310615,-1.3995348016018054,799.1948624398526,-45.83022041205281,1.9280535063161826,3.717390323218126,-48.597435365130195,-42.544431021104394,6.053004344025801,-45.92359539796849,0.4271614517218801,-0.9334015511652773,916.6044082410561,-43.10090414993048,1.7152368090371866,2.94203731107607,-45.52778329141666,-38.77787994363671,6.749903347779949,-43.42872685385245,0.7085199146671832,0.23810868412894193,862.0180829986098,-50.973077509524344,2.1864484044993904,4.780556625537931,-54.59045993074907,-46.64308304656282,7.947376884186248,-51.0929993999103,0.18617257676225174,-0.8566560841966084,1019.4615501904871,0,0,0
-40.38636731936351,1.982349565758454,3.9297098008627316,-43.69938191651393,-36.295288301431775,7.404093615082154,-40.416157871079896,0.2778918216675944,-0.7345609965120521,807.7273463872701,-46.4157906636591,1.6238575470571173,2.636913333134358,-49.27235043193668,-43.21319418256625,6.059156249370432,-46.703319507973745,0.35408548223750747,-0.5192236022890859,928.3158132731821,-42.73430768246102,1.505736989071395,2.2672438802577903,-46.10986056262429,-40.048593671083616,6.061266891540676,-42.36904377957164,-0.5347000654534296,-0.30565127501964273,854.6861536492206,-50.22978681837843,1.5410443980984585,2.3748178369106405,-53.622292896860934,-47.8463146808847,5.775978215976231,-50.130853530402106,-0.6984874446746928,-0.459465452436838,1004.5957363675687,0,0,0
-40.58866235172426,2.1514619992578905,4.62878873425076,-44.95933076420356,-37.00090827712136,7.958422487082196,-40.481269166061736,-0.3395109155766219,-0.3569638302054918,811.7732470344852,-45.36789835419493,1.9603815708859194,3.8430959034691448,-47.82256293795979,-41.525702407373835,6.296860530585953,-45.888167432494456,0.7774624412817822,-0.5164460158444473,907.3579670838985,-42.42487990079161,2.276923217608215,5.184379338883348,-46.333465112960354,-38.42834868828288,7.905116424677473,-41.856257673195856,-0.05157160392494521,-1.2056510132413254,848.4975980158323,-50.41325499202874,2.1333332934982283,4.551110941147997,-53.41654437780876,-46.31271656217588,7.103827815632883,-51.039899008124266,0.5237605996096897,-0.9195554226642644,1008.2650998405749,0,0,0
-41.01648349384688,3.916851273216594,15.341723896498454,-47.1808726969682,-32.62374667372518,14.557126023243022,-41.602530269395544,0.41366470924211607,-0.80380077524556,820.3296698769375,-44.59915577027868,3.240136755875334,10.498486196774333,-50.1372062456151,-37.52935373244942,12.607852513165675,-44.904933823628056,0.44755033079949014,-0.5138660465403313,891.9831154055736,-42.64364580761982,3.858794806572709,14.89029735923251,-50.16155809507763,-35.426384520590055,14.735173574487575,-43.36276840502184,0.18442495553097885,-0.6513948495266244,852.8729161523961,-51.45490828226199,4.048371505360294,16.389311845413175,-58.59748360670726,-42.3237899758552,16.27369363085206,-51.29953537768752,0.2831439279418022,0.011579158816966917,1029.0981656452398,0,0,1
-40.577383231913316,1.8201476394829745,3.3129374295154443,-43.965712866185605,-36.902411048794654,7.0633018173909505,-40.937267782278084,0.37664169054772834,-0.369586327658161,811.5476646382663,-46.30748678336657,2.1075603381600603,4.441810578985347,-50.86880960990497,-41.475728319604016,9.393081290300955,-46.20112067403045,-0.00856320112764076,0.28339941720937123,926.1497356673315,-42.89185108345776,1.9834163030999936,3.933940231402846,-46.97485144526004,-39.323178461667275,7.651672983592768,-42.66550393228623,-0.3751296859074118,-0.27109751832527973,857.8370216691551,-50.593660302219845,1.8438367739711299,3.3997340490482637,-55.7706315650303,-47.22133235657252,8.549299208457782,-50.138641661309734,-0.9384945875317375,1.2109400114650484,1011.873206044397,0,0,0
-40.56407669371775,1.338499674710877,1.7915813792011235,-42.71869970196881,-36.27721999267434,6.44147970929447,-40.72459381170934,1.5530230174638662,2.9922717381699098,811.2815338743551,-46.27223967896772,1.6398973254577422,2.6892632380434565,-48.606894542737294,-42.788371806874956,5.818522735862338,-46.52455457126139,0.6366205427330728,-0.21353414753764577,925.4447935793542,-42.45104632442557,2.1258324033913705,4.51916340730873,-46.234259491225735,-37.22452130162479,9.009738189600945,-42.53145293880812,0.41311377773043273,0.12191862554940558,849.0209264885115,-51.18989085127847,1.659407307670713,2.7536326127509643,-54.626186359391006,-47.0787615490917,7.5474248102993045,-50.876132369700116,0.1756513402057221,0.5276298418262972,1023.7978170255695,0,0,0
-40.40136857570859,3.9500937171851183,15.603240374545345,-46.95874144854224,-31.724618209948947,15.234123238593295,-41.07626775257755,0.5328329734211785,-0.5399869677530171,808.0273715141718,-46.34131952962669,3.3296868619924274,11.086814598924978,-55.32445019782295,-41.944343157911064,13.380107039911884,-45.31676838135389,-0.9912717683371816,0.43120160112220773,926.8263905925338,-41.4819194151137,3.4617179676752516,11.983491287725673,-47.294568931516125,-33.890553929245705,13.40401500227042,-41.70943517703111,0.12255429016474438,-0.6264861542315097,829.638388302274,-50.359959456970884,4.019998629644706,16.160388982345317,-62.241962667405296,-42.47395782231281,19.768004845092484,-49.673012359660916,-0.980088756663415,2.0248297866839478,1007.1991891394177,0,0,1
-40.688967313937994,1.8582846825384776,3.45322196135713,-43.712738728144956,-36.939135177481944,6.773603550663012,-40.75249401439541,0.37019885450165857,-0.5987913552631539,813.7793462787598,-46.49803599302153,1.84854819563772,3.4171304315954707,-50.46919770224249,-42.9806134954338,7.488584206808689,-46.3606271199299,-0.16262180127091636,-0.4866199287033304,929.9607198604306,-43.32382824542616,1.758691105188503,3.0929944034691585,-47.06772691767425,-41.013772621560136,6.053954296114114,-43.214137678323084,-0.5560328402944075,-0.7636443886619149,866.4765649085231,-50.70979479637435,1.8413605402483535,3.3906086391837085,-53.52546391133952,-46.402188116417584,7.123275794921938,-50.75444255664192,0.3294488925123892,-0.5704863428461322,1014.1958959274868,0,0,0
-40.93635400519752,1.474786050896297,2.1749938959182953,-44.76605248558418,-38.13718189578642,6.628870589797764,-40.78112650401615,-0.5966227584763157,0.862197295018543,818.7270801039504,-46.017540636731944,2.2835643001017782,5.214665912699324,-51.715679951315316,-42.63438595192721,9.081293999388109,-45.60737311172785,-0.8006765845806033,0.17582909544066982,920.3508127346388,-42.84992436309954,1.6320562611535365,2.6636076395704604,-46.11838258613651,-40.71792971750976,5.400452868626751,-42.44138125461555,-0.4655072156862018,-1.11609276215281,856.9984872619909,-49.61816779768112,2.004701328320504,4.018827415769993,-53.03397456473303,-44.89406320003503,8.139911364698001,-49.9731423972116,0.36348606172694314,-0.4195449853397637,992.3633559536224,0,0,0
-40.22423557805824,4.207800287691089,17.705583261093217,-50.08122498362576,-31.30772568785669,18.77349929576907,-40.320640006961256,0.022082506964227987,0.3084779655473153,804.4847115611647,-45.986161585700266,4.532072923329637,20.53968498237764,-57.396714178709445,-38.52802345346159,18.868690725247852,-46.044606158233584,-0.3686901285812457,0.17747903857685188,919.7232317140054,-40.9894374260639,5.602541252928401,31.388468490764545,-52.66290514739045,-30.0,22.662905147390447,-41.04202959981005,0.1381032794122183,-0.4236943620567466,819.788748521278,-50.67054999340688,4.31905381529514,18.654225859415504,-60.6592278000531,-42.25078157091245,18.40844622914065,-50.99267156943961,-0.12633974149456634,-0.15882221196351454,1013.4109998681377,0,0,1
-39.95736064006504,2.030145392704898,4.1214903155209255,-44.92603415153262,-36.24422609613872,8.681808055393901,-39.64185444121853,-0.3124207405758088,-0.034701978490760066,799.1472128013007,-46.22592169629624,2.255726653877494,5.088302737013356,-50.28653311290676,-42.37237990384417,7.91415320906259,-46.424236999850756,-0.06324353789814433,-0.7963224984016932,924.5184339259248,-42.59258053581327,1.5852640249569196,2.513062028822613,-46.03294836867859,-39.61724103812782,6.415707330550767,-42.911458286727616,0.00034845101052460067,-0.38321867590611136,851.8516107162652,-51.473169405222016,1.9182721822300826,3.679768165117763,-55.80407685614221,-48.27228349697884,7.531793359163373,-51.16693683250371,-0.40578305901982337,-0.16713462789441014,1029.4633881044404,0,0,0
-40.24546416737993,4.5819882812511,20.99461660952241,-50.58905798466183,-33.993520509074266,16.595537475587562,-38.861057522502094,-0.6557473252149807,-0.6162685772964669,804.9092833475986,-46.88165638627716,3.1010580649916784,9.616561122449934,-53.638377028226174,-42.08001606495446,11.558360963271717,-46.13486908697175,-0.747984483176845,-0.18788822881788958,937.6331277255433,-41.86105006348416,3.748095710516787,14.048221455194337,-49.919878100586914,-32.74047511938336,17.179402981203552,-41.89971805989885,0.045488861687594334,0.4682499975228249,837.2210012696831,-51.05223712442223,3.3401404741175664,11.15653838683832,-56.716030394248165,-43.48749855818185,13.228531836066317,-51.095388638032304,0.3887341366603965,-0.2425479961634327,1021.0447424884446,0,0,1
-40.60185573214234,2.1078645923416683,4.443093139647707,-44.024023211256576,-35.40065804394436,8.623365167312215,-40.88835359451272,0.5975140641148997,0.02378393833155723,812.0371146428467,-46.17283125622673,1.7869458948200925,3.1931756310143813,-49.006596837727145,-41.74173915827337,7.264857679453776,-46.25906803354303,0.50201100026265,-0.10003231021316283,923.4566251245345,-42.85127950367808,1.8281844556172715,3.3422584037606193,-46.49079347192989,-38.71220645124831,7.778587020681577,-43.27648539470259,0.38764626151630954,-0.25051709074902284,857.0255900735615,-50.67511163622203,1.685251734327429,2.840073408053607,-53.90329360573355,-47.75699934851511,6.146294257218443,-50.47512195789247,-0.3414198127400934,-0.6813814524483375,1013.5022327244405,0,0,0
-41.30490298864755,3.5399417335558425,12.531187476970343,-48.65349507471308,-35.79447563058984,12.859019444123241,-40.61524735194362,-0.4753575146724914,-0.745980592601514,826.0980597729509,-45.329088248103105,3.1412038939746396,9.867161903521438,-52.645911282311914,-39.28298022199425,13.362931060317663,-44.53541302834731,-0.40144131418005524,-0.0799686433175717,906.5817649620623,-42.29709280417146,4.994584775595548,24.94587708061083,-49.25702782351057,-32.95963422955323,16.297393593957338,-42.76144690727655,0.23201362555246274,-1.0210477417652044,845.9418560834292,-51.883313816638314,5.901328049247946,34.82567274484056,-62.08076831644681,-37.62854565249165,24.452222663955155,-52.14333455665472,0.35859344889589023,-0.1766545140864082,1037.6662763327663,0,0,1
-38.99184065918239,3.7924443468757585,14.382634124149897,-46.929455181382295,-31.359443771705223,15.570011409677072,-38.268436135716286,-0.29353527124239287,-0.4318631336465577,779.8368131836478,-44.52877582904836,4.060209122457105,16.485298118083897,-54.74341350440336,-37.74696276095015,16.99645074345321,-44.491334842380354,-0.5482859892893026,0.14034955483582445,890.5755165809674,-42.431535790261464,4.150466453897817,17.22637178493112,-53.05028528278096,-34.582944050128134,18.467341232652828,-41.988724546130015,-0.425496277657824,0.35175864486370756,848.6307158052293,-51.806143282174034,3.7161175230909893,13.809529445423909,-59.74519206101938,-44.13419177695265,15.611000284066733,-52.56224062785955,0.05725286236358807,-0.3005580879545273,1036.1228656434807,0,0,1
-40.24112608921,4.727566826959321,22.34988810336622,-50.74537300947922,-31.347811285979557,19.397561723499667,-40.1513239488771,-0.15308899609507873,0.144018257442164,804.8225217842,-46.93697948226678,3.801340708977655,14.45019118573074,-54.203524821463844,-38.364499303492146,15.839025517971699,-46.77925543234119,0.07453856542157672,-0.4095413480735042,938.7395896453355,-41.73308517560685,3.973112901834991,15.785626130727664,-48.63024525288398,-34.41232296156741,14.217922291316569,-41.63585628392026,0.027286848923166258,-0.8873170733336937,834.6617035121371,-51.76136276391601,3.4483354348571322,11.891017271291329,-59.21143317198483,-46.39691485216332,12.81451831982151,-52.355383118885,-0.25704468515955725,-0.6768447574904486,1035.22725527832,0,0,1
-39.963807630294724,2.0829775303729345,4.338795392038529,-45.74339019612982,-36.46793252862316,9.275457667506664,-39.957401642085046,-0.7251935310210776,0.9896442938235164,799.2761526058944,-46.414113398103154,1.3451285732729081,1.8093708786352096,-48.884854341864674,-42.576939744534194,6.30791459733048,-46.68851939815359,0.682999733421727,1.434268819490506,928.282267962063,-42.53349107436592,1.660300609358289,2.756598113435506,-45.61460823646172,-39.94810894897171,5.666499287490012,-42.03838229497983,-0.2914531561195647,-1.056778105149865,850.6698214873184,-51.48397325752526,1.7645964889082535,3.113800768667336,-54.628462531166704,-47.231171850585476,7.397290680581229,-51.55389163163754,0.07947558695274935,0.06954692282989461,1029.6794651505052,0,0,0
-40.63466058490893,3.611416948513921,13.0423323760136,-50.136874255670364,-34.238861724484785,15.898012531185579,-40.09386113473737,-0.8809124608039666,0.8512282502961837,812.6932116981784,-46.76653817967485,3.132377845537644,9.811790967215051,-53.47790211057849,-41.43901148874203,12.038890621836458,-46.99407933188158,-0.11080774658580514,-0.3063071075315853,935.3307635934971,-43.27493092021846,5.040650162641821,25.408154062141023,-52.74635714929617,-32.826746473517204,19.91961067577897,-43.94247058978316,0.3969575492386685,-0.25334153042286456,865.4986184043692,-50.38176684706984,3.8682358174148748,14.963248339131326,-58.87403342980206,-44.14384926693669,14.73018416286537,-49.96867773055914,-0.3006786678607614,-0.6212898952268446,1007.6353369413966,0,0,1
-41.68134702303355,4.7545660780291055,22.60589859034507,-51.11961756003898,-32.816030445639115,18.303587114399868,-40.54303789012131,-0.45550624235610254,-0.43300196640036326,833.6269404606711,-47.4767452308546,3.5160628350115357,12.362697859749357,-56.040038109457576,-41.864596102372246,14.17544200708533,-47.00246945730021,-0.7071905905070751,0.08505036958597678,949.5349046170919,-42.17090154434291,3.4304740498739945,11.768152206858886,-49.064951101133616,-36.97693472486299,12.088016376270623,-42.339068204702976,-0.3026628613290619,-0.9704424709751485,843.4180308868583,-50.046047532792166,2.652863703027228,7.037685826839336,-54.424838421921,-41.57737096503664,12.84746745688436,-49.97223661614303,1.3188263259689195,2.9756838128989678,1000.9209506558433,0,0,1
-41.00098395342271,4.26099174902136,18.15605068522811,-45.95197472551028,-32.64005298122947,13.31192174428081,-43.10303045311319,0.8946102024100573,-0.7358688527351416,820.0196790684543,-45.70595824171771,4.470524422995283,19.985588616597312,-54.45296439575308,-34.531062417118804,19.921901978634274,-45.387164768761174,0.1280509295825974,0.36358207390743624,914.119164834354,-41.92528790195956,4.304614061839971,18.529702221390416,-51.050496966122786,-30.838706085336796,20.21179088078599,-41.9132246723408,0.5675210786680588,1.0280060599920962,838.505758039191,-51.004713855166266,3.7011946749569398,13.698842021929607,-62.303409477200326,-44.86637773718195,17.437031740018377,-50.5305976808304,-1.3332375862208374,2.3681060036028887,1020.0942771033253,0,0,1
-40.803855703584944,4.806098550362475,23.098583275796287,-49.59234399072407,-31.033028731096614,18.559315259627454,-41.09301852185415,0.13821635239891178,-0.8136073693222579,816.0771140716988,-45.57717536856018,3.935252268443164,15.486210416287069,-53.61500550557388,-37.67922241627931,15.935783089294574,-45.20952443889153,0.08569395369406654,-0.2948453474546189,911.5435073712034,-42.3390990575361,3.1109665185553097,9.678112679572143,-49.51266267867936,-36.435318876847035,13.077343801832328,-42.16701216284896,-0.15309103679053646,-0.14209284144417733,846.781981150722,-49.60398808354334,3.7194663046745227,13.834429591609148,-59.96411478147829,-43.167712985365995,16.796401796112292,-49.33521931536672,-0.8286105485865939,0.9192320066228419,992.0797616708669,0,0,1
-39.725470246206356,3.6694047542272537,13.464531250345573,-49.911400349004424,-34.11190815564277,15.799492193361651,-39.098767127919544,-1.2776954304416117,1.549967159129733,794.509404924127,-46.237630545194506,4.573981867273962,20.921310122151,-56.21646658498324,-37.67580538471166,18.54066120027158,-46.40444371644644,-0.2762102326129587,-0.3896592150977338,924.7526109038901,-42.51161258120103,2.8512676014940213,8.129726935329469,-50.05764808005122,-36.92199184113609,13.135656238915132,-42.30279503543945,-0.48238043122748586,0.693585086881793,850.2322516240206,-49.623840402495816,3.9766536043993157,15.813773889382068,-56.90555986683232,-42.65355517775968,14.252004689072642,-49.324372785879355,0.004907513183807798,-0.7358961387802614,992.4768080499165,0,0,1
-41.45854676075785,2.4217609348173235,5.864926025407277,-45.46194026834979,-37.110924322861294,8.351015945488498,-40.69533884181733,-0.0560575663274445,-0.9451505776568832,829.170935215157,-45.353651899104264,3.958791890658391,15.67203323354264,-51.19490659456792,-35.16896176946575,16.025944825102165,-46.207990609918916,0.9201735838318215,0.45602451213968154,907.0730379820852,-40.89946413052056,3.097045620940053,9.591691578183958,-46.538558843932435,-35.10647384789186,11.432084996040572,-40.44787734078787,0.07265559937137193,-0.6767941908491797,817.9892826104112,-50.60992970164746,4.0343408361451925,16.275905982188693,-57.35404437857629,-42.14220959868539,15.2118347798909,-49.63583815054707,0.1666407669063133,-0.7719288461284295,1012.198594032949,0,0,1
-42.59060489087078,3.75867791825323,14.127659693164436,-49.42982268144523,-33.20384273697884,16.22597994446639,-41.77971593835059,0.15174470471801818,0.19287955265813173,851.8120978174157,-45.60262512793746,3.023432407656217,9.14114352366587,-49.48687230726471,-39.295135165295655,10.191737141969057,-45.55843013261013,0.3982796907731687,-1.0100799989370854,912.0525025587492,-41.029789140794136,4.951891436207925,24.52122879598938,-49.77673846950128,-33.8798102947325,15.896928174768782,-41.362699457080694,-0.12542263357448954,-1.1112359072991314,820.5957828158828,-51.02865655025293,2.512142140693194,6.3108581350465816,-55.100087574998554,-46.48007271682968,8.620014858168872,-51.00146320265996,-0.12876952032624722,-1.0035635147060937,1020.5731310050586,0,0,1
-39.232206485782115,4.452916163298823,19.828462357367908,-46.62198160666915,-30.0,16.621981606669152,-39.72591702649012,0.3047851273221205,-0.8068969039599572,784.6441297156424,-47.637467982803415,3.3841883684182616,11.452730912937454,-52.73722305411688,-38.232539910848246,14.504683143268636,-48.174597931655626,0.8341966950251855,0.6802658495680229,952.7493596560685,-41.865064156323285,3.181241215757765,10.120295672835942,-46.88245627461983,-33.92238053060365,12.96007574401618,-41.6305810596255,0.3787773784552408,-0.04389153805456614,837.3012831264657,-51.34465471060493,3.5149445646574704,12.354835292615093,-57.03282622747867,-43.5085110501701,13.524315177308573,-51.92147563411609,0.5478065277000155,-0.28482882299193246,1026.8930942120985,0,0,1
-42.13572106190722,3.1679922188344527,10.036174698595639,-47.73891818774077,-35.131034772988706,12.607883414752067,-42.71131866412946,0.4064782355373799,-0.4809584474652606,842.7144212381445,-47.20543443219791,3.6665597433845996,13.443660351808541,-55.09800371339779,-39.81846669929668,15.279537014101109,-47.38585735421914,-0.19615007010104263,-0.08800430601405207,944.1086886439582,-43.332251015226106,3.8249542721719805,14.630275184206685,-54.197892226025196,-36.24624802193588,17.95164420408932,-43.22173794335755,-0.6819618813978837,1.2175279697192023,866.6450203045221,-52.09148776971112,3.2182415041538244,10.357078379058269,-56.75833258542094,-45.36139561252605,11.396936972894885,-51.25332927037101,0.29872576888341174,-0.5318820434202984,1041.8297553942223,0,0,1
-40.340153165809525,2.061777136238791,4.250924959517031,-44.10779286441457,-36.11511479548619,7.992678068928377,-40.726278396587915,0.489693541257167,-0.2570132579480915,806.8030633161906,-46.815358472710436,1.9369776102703244,3.7518822626885373,-50.50071311702063,-43.941577648649485,6.559135468371146,-46.910394867857704,-0.12675416028179526,-1.1822073074328967,936.3071694542087,-42.61212708933114,1.27022856654706,1.6134806112721989,-44.674504238183864,-40.69673430889469,3.977769929289174,-42.54848260320649,0.003754729097433578,-1.4359464638862272,852.2425417866227,-50.60634264362817,2.2293758897527374,4.970116857810809,-56.452894291866265,-47.09705972478738,9.355834567078887,-50.43857413003741,-0.734849872779828,0.5435246426169629,1012.1268528725633,0,0,0
-41.57317203810114,2.560354034682242,6.555412782913637,-46.330123402923846,-37.40887277538725,8.921250627536594,-40.95976257609486,-0.19158338693207322,-1.0671284626284638,831.463440762023,-47.237961375359774,4.092264239554967,16.746626606340392,-53.676923949608174,-39.73436430497661,13.942559644631565,-47.84411719222136,-0.004609273848353475,-1.0923376111713334,944.7592275071953,-41.586273850383215,4.500989093956704,20.258902823917193,-48.88846520434809,-30.0,18.888465204348087,-41.211054109279615,0.37638464955873874,0.19183515365939519,831.7254770076643,-50.61336132857991,3.4964827082661816,12.225391329204413,-57.189383049305086,-43.43441173483104,13.754971314474048,-51.666385435144115,0.3388704483664131,-0.6139688022157053,1012.267226571598,0,0,1
-40.91382022301781,3.8021698910516983,14.456495880420084,-50.315403035859525,-34.79626548745689,15.519137548402632,-41.19303386355588,-0.4623805682907745,0.05281775373165809,818.2764044603562,-46.200433811402156,3.743997275516731,14.017515599076706,-50.586734613496816,-37.61924762251489,12.967486990981925,-47.01491702233882,1.1556197302797524,0.29861279712205935,924.0086762280432,-41.889620852858755,3.8901850195146674,15.133539486056332,-50.102004998518176,-34.02619270034197,16.075812298176203,-41.915298812341206,0.031017301112013385,-0.5273595932112705,837.792417057175,-49.35570338900952,3.8230525264645543,14.615730620107012,-55.123528851078056,-38.91057910147647,16.212949749601584,-49.98748079551368,0.8390834199398256,0.7081748110055628,987.1140677801903,0,0,1
-40.85313673293628,2.738101458489811,7.4971995969840295,-46.802852093325555,-36.23250614106037,10.570345952265185,-40.75137262785925,-0.3117170196405494,-0.5874286593192273,817.0627346587255,-45.83118134568118,2.499334951455037,6.246675199564754,-52.05863794701892,-41.46257498848807,10.596062958530851,-45.35167320614951,-0.6492966940154637,0.12151033625359586,916.6236269136239,-42.39465559722537,2.206254418105115,4.867558557408339,-46.470069989426165,-38.274059064380815,8.19601092504535,-42.40883465838306,0.14702613520515082,-0.7019970454929991,847.8931119445074,-49.9099431430847,1.3080728884835848,1.711054681585789,-52.25382047776295,-47.48748885535931,4.766331622403641,-49.92683256097037,0.013555325843831352,-0.8206922101623775,998.1988628616944,0,0,0
-40.02313929867363,3.6884336786637775,13.604543001901206,-47.60016833210562,-30.108196510461198,17.49197182164442,-39.559476641020986,0.439783393879073,0.9255433669258437,800.4627859734724,-45.87890754968174,3.417662198787215,11.680414905019063,-51.50194260505325,-40.275151121434725,11.226791483618527,-45.687745333145855,-0.0629407821894888,-1.212419872128446,917.5781509936348,-44.17992060071441,5.02040612953539,25.204477705476513,-53.633391525151325,-36.431616124815804,17.20177540033552,-43.47665721784786,-0.1966301150482348,-0.9653857411756595,883.598412014288,-50.047836905274764,3.842400348096412,14.764040435051431,-57.72014703548115,-42.269964288702475,15.450182746778673,-50.80107878680839,0.4182599073645307,-0.34978601128145836,1000.9567381054953,0,0,1
-40.77500648267184,4.511095966098914,20.34998681535389,-48.449357657117254,-32.38498571658717,16.064371940530087,-40.93965850724415,0.1130063272141074,-0.8339157709305072,815.5001296534369,-45.31492126238262,3.49257361585136,12.198070462141043,-51.54476120985005,-40.157553158659475,11.387208051190576,-44.71265105793204,-0.42515407201228606,-1.1000487168541964,906.2984252476525,-42.288671026823216,2.779762825812993,7.727081367771836,-49.127408105632924,-38.19842731467726,10.928980790955663,-41.80416111362463,-0.8025397457863517,0.3056027028219095,845.7734205364642,-51.30310574746575,3.720308786120167,13.840697464082911,-58.7495265868088,-42.990182046259,15.759344540549797,-51.55934147438079,0.11592485113555982,0.1577814520056231,1026.062114949315,0,0,1
-41.376169881565744,3.8211943691652075,14.601526406939888,-47.63258494248965,-33.29878859996106,14.333796342528593,-41.00709392810711,0.11553841071484311,-0.615258954676126,827.5233976313148,-45.24905575281493,5.071311014250432,25.718195403257745,-53.350462259073495,-36.27052908564092,17.079933173432572,-44.475169735551,-0.08597047784759314,-0.9348134154996242,904.9811150562987,-43.45706107125362,4.396577820638019,19.329896532926146,-55.33912849783457,-36.105202054226936,19.233926443607636,-43.07159426610977,-0.7207172036260904,0.683610973121719,869.1412214250726,-50.2099844037896,4.502310848327483,20.270802974967346,-59.87725228905158,-43.032160046166204,16.84509224288538,-49.63112047912806,-0.2654689185715049,-0.6970035383263413,1004.199688075792,0,0,1
-40.57749200826241,2.2599454354949655,5.10735337141453,-43.89213947789244,-34.95392493561387,8.938214542278573,-40.639227731662686,0.3907976769514152,-0.05377948204371075,811.5498401652483,-45.88148236600831,1.7923056062418454,3.212359386165949,-48.39256679405491,-42.59644839875843,5.7961183952964745,-45.5036210672523,0.05366348071671698,-1.1741784810446154,917.6296473201661,-42.42277827494163,2.3554626082478376,5.548204098853707,-46.46308384160767,-39.29012687242519,7.172956969182479,-41.77634560245119,-0.29228748757577516,-1.3714098605285765,848.4555654988326,-51.29265528533095,1.4861055968590828,2.208509845015891,-54.925954483819986,-49.15093379658571,5.775020687234274,-51.45812976471407,-0.4951607049854924,0.007071442930717264,1025.8531057066193,0,0,0
-40.552573889197944,2.21485563591379,4.90558548793908,-43.88889120941915,-36.404045973867035,7.484845235552115,-40.75462348139919,0.3380820377070644,-1.0698721428204538,811.0514777839588,-45.77371528593826,1.8261421265343392,3.334795066303358,-48.17772972199189,-42.1650668428111,6.0126628791807875,-46.246503564622344,0.5340602077202223,-1.0742180651858892,915.4743057187652,-42.03725671510658,2.5376247631490734,6.43953943854739,-47.16970770077816,-36.092446103345594,11.077261597432567,-41.74213897870619,0.08526933748430818,0.13616731878664767,840.7451343021314,-50.918181174970165,1.6421506167547562,2.6966586481080257,-53.983391583834596,-47.48397470962384,6.499416874210759,-50.967412080890654,0.11920007419951997,-0.267997486917094,1018.3636234994032,0,0,0
-39.37511568655012,3.4490531653840457,11.895967737645705,-45.00910998010191,-31.645335385531972,13.36377459456994,-39.92739120974437,0.46388989286230187,-0.3525692245759027,787.5023137310025,-45.5462882103859,3.886106657805544,15.101824955840575,-53.25453389842712,-36.8262989688679,16.428234929559217,-45.716096724545324,0.24177908209819332,0.04402911607087301,910.9257642077182,-42.42408193963979,4.021530809061176,16.172710048228236,-50.48847867543604,-33.49546141308862,16.993017262347422,-42.63723103813077,0.17449876639641873,-0.3495893487580406,848.4816387927959,-48.61739759141124,2.342111296532996,5.4854853253474705,-52.08379858563302,-43.56572218844331,8.51807639718971,-48.479301232767654,0.24432306696910697,-0.8307396091857866,972.3479518282247,0,0,1
-40.590111183764726,3.6215944142809726,13.11594610155114,-48.94313522126866,-36.208053603018456,12.735081618250206,-40.21218000997202,-0.8126647646426733,-0.0549188122304769,811.8022236752945,-46.70346685592972,3.6353808920402364,13.215994230211265,-54.23150687128069,-38.422830701771616,15.808676169509077,-47.18234889044337,0.42814499827748814,0.44353875175009216,934.0693371185943,-42.762185081272406,3.5374958182488965,12.513876664128428,-48.88466308917795,-37.2245607077209,11.660102381457051,-42.58923011616554,-0.20133572312812542,-0.8349608275066913,855.2437016254481,-52.03700239081312,3.508813442199402,12.311771772159217,-61.55738675885591,-46.14558749109139,15.411799267764522,-51.68532599599378,-0.6504878094626266,0.6568931425235709,1040.7400478162622,0,0,1
-40.96658027499481,1.6154303305116886,2.609615152737103,-43.54644922755801,-35.652872583813696,7.893576643744311,-41.17074656508786,1.4640474483887385,3.4913241617333073,819.3316054998962,-45.2115652206151,1.9572088695875713,3.8306665591922586,-48.82073929687772,-41.68189614994787,7.138843146929851,-45.62148174415745,0.19148688997765254,-0.8481015431414671,904.2313044123023,-42.56058265152939,1.4778215268815966,2.1839564653146537,-45.37256215388982,-40.18511170546088,5.187450448428933,-42.54762544520227,-0.3703033526842598,-0.7431775896745059,851.2116530305879,-51.216349733738255,1.6323991246118672,2.6647269020335904,-53.751896941341,-47.6608876159549,6.0910093253861035,-51.01508629602284,0.08174669903591228,-0.6409866548917176,1024.3269946747653,0,0,0
-42.63804295382279,3.842408158778724,14.764100458649304,-53.50186071874651,-36.250362245864835,17.25149847288167,-42.65456422332346,-0.7547111939821406,1.2980400292628689,852.7608590764557,-45.10356921476479,3.945320840261198,15.565556532599325,-49.81358555030146,-35.745591744958,14.067993805343463,-46.29848305034161,0.8578810687600252,-0.22733466326907603,902.071384295296,-42.9977523023152,3.8502786630406036,14.824645783065739,-51.13632463686901,-37.84085807056006,13.295466566308953,-41.972331714693205,-0.6092408485248003,-0.6834384879204376,859.955046046304,-50.904966570751284,3.7390467361707347,13.980470495269023,-58.104685130442014,-42.73558905310156,15.369096077340451,-51.180101765104894,0.03296838838871574,-0.21450416456002497,1018.0993314150256,0,0,1
-40.16484977626461,1.8791666520490584,3.531267306173267,-43.94910114292352,-35.691245645360425,8.257855497563092,-40.52142854803236,0.2977367878634424,0.07152874094974448,803.2969955252921,-46.54450410577833,1.6004414956841346,2.56141298110767,-49.7249863740774,-42.03739676455518,7.68758960952222,-46.70279207890313,0.8433206770166493,1.5444465900835072,930.8900821155665,-42.630810944542425,2.3714703261472314,5.6238715077968555,-46.19603412682297,-37.01171795966065,9.184316167162322,-43.02460825354082,0.5697709170924463,-0.24423628414306586,852.6162188908486,-50.712466723935265,1.6658458271172174,2.775042319723846,-54.9118095935353,-47.12850530626754,7.783304287267761,-50.47737265533166,-0.29245741706444767,0.5894195542303522,1014.2493344787051,0,0,0
-40.655285345813546,3.724712600835025,13.873483958819218,-48.583900918843604,-33.145360504446174,15.43854041439743,-41.50644394091218,0.18898244564032798,-0.36594714371985226,813.1057069162707,-47.240877108599186,4.578421658910541,20.961944886781147,-56.51469816347398,-38.58320473141005,17.93149343206393,-46.802454502913484,-0.0016598135888333326,-0.32916363718666997,944.8175421719836,-41.476377016008634,3.8606446767833633,14.904577320375719,-49.22278206314273,-32.20194423281267,17.02083783033006,-42.17614312764384,0.4052096996537714,0.07568255325572215,829.5275403201729,-50.003383833485536,3.961975104404902,15.697246727924234,-56.27830585152354,-37.838166433226554,18.440139418296987,-50.368731822207735,1.1357777780167382,2.239431514076446,1000.0676766697106,0,0,1
-40.5384128423732,1.792798159910367,3.214125242177998,-44.7869547805007,-38.45169243692658,6.335262343574122,-40.00899661399092,-1.0952695046570295,0.40116330553139035,810.7682568474638,-46.61196325363991,2.007471321773061,4.029941107741281,-51.4918418857379,-43.46429159667967,8.027550289058226,-46.66348003863371,-0.5895427438215372,0.10031164911410606,932.2392650727982,-42.384814458537726,2.074298322515448,4.302713530790401,-46.71680764633837,-37.68453767175815,9.032269974580217,-42.39421975456212,0.1396386518021341,0.10634283118959997,847.6962891707544,-49.90154418449653,2.5552755296253253,6.529433032301988,-54.72340306979588,-45.40265163001724,9.32075143977864,-49.65946535635459,0.01103841678003281,-0.9102004745698498,998.0308836899305,0,0,0
-40.26623986435471,3.150760488303518,9.927291654654624,-45.59887910810316,-33.49495717894662,12.103921929156542,-40.9300487148914,0.3706431227334291,-0.6554849306279595,805.324797287094,-46.275508620024894,4.45271251169916,19.826648711842243,-55.38804992858521,-37.09702151103673,18.291028417548482,-45.45175669098725,-0.03957871892383791,-0.36660395596124085,925.5101724004978,-41.84010484640761,3.229171589621286,10.427549155217262,-46.43650510155294,-34.63541753919796,11.80108756235498,-42.46548889343583,0.4969380971086634,-0.7129594952378242,836.8020969281524,-50.62627891900505,3.748693997133021,14.052706684141146,-59.76632248343118,-43.60850989199999,16.157812591431195,-50.8602644157316,-0.19630165558982574,-0.02719642590626803,1012.5255783801011,0,0,1
-39.919301427470806,1.5761098233047368,2.484122175117689,-42.95080169463008,-36.602580315706405,6.348221378923675,-39.89811754295713,0.20293144212461614,-0.6321610732826177,798.3860285494163,-46.081537021850025,1.553834236455195,2.4144008343802983,-48.86881980370406,-41.92727174276877,6.941548060935297,-46.57077959505227,0.6952012172102218,0.5319974459815491,921.6307404370004,-42.65046745951305,1.9732074482042936,3.8935476336489003,-45.58000575864551,-38.298933571471494,7.2810721871740185,-42.5860965227385,0.2072603741307618,-0.7950479930476573,853.0093491902612,-50.60228107354852,1.8509709852047498,3.426093588069842,-53.70458430532613,-46.527151424425796,7.177432880900334,-50.75568829089436,0.34461209232760304,-0.5239871924183506,1012.0456214709704,0,0,0
-40.68448048141137,3.320903186984357,11.028397977322857,-49.09234729358279,-34.3710452300932,14.721302063489588,-40.30771818376688,-0.5607068675639774,0.3019524848981896,813.6896096282276,-47.17217780690955,3.5129016844004117,12.340478244263249,-54.95210672087137,-40.78706481830541,14.16504190256596,-46.37041163320559,-0.2263655550575796,-0.47911004185726336,943.443556138191,-43.267813402384306,3.5775509531231835,12.7988708221926,-50.14344282325792,-36.501938455606535,13.641504367651386,-42.70418951796843,-0.06592912094649996,-0.9157661533918886,865.356268047686,-49.29409604794098,3.2386204912390166,10.48866268627325,-56.145215178278626,-42.95726968461896,13.187945493659669,-49.77127337742195,0.12641334282969224,-0.5175358355106141,985.8819209588197,0,0,1
-42.25129402625687,3.4523553285244724,11.918757314391316,-50.05466093912173,-34.85061432482807,15.20404661429366,-41.978874814210386,-0.24473944511029377,0.24409618149244716,845.0258805251374,-46.89689235776409,3.276002471762872,10.732192194996447,-53.96880686150733,-40.87908860242338,13.089718259083952,-47.565305247296365,-0.07554122342214539,-0.6118078134379696,937.9378471552818,-42.27324255263905,4.536431946635701,20.57921480645697,-52.76347951521736,-33.28415107332039,19.479328441896975,-41.318653683505346,-0.2437486933693309,-0.08213973821057552,845.4648510527809,-51.20457431940402,2.3126557407648605,5.348376575292666,-55.307240615120854,-46.951170270945816,8.356070344175038,-50.976175210750235,-0.13580250013320608,-1.0099361354901264,1024.0914863880803,0,0,1
-40.02175447720092,2.225896878250812,4.954616912606711,-46.48202599875703,-36.609490135293285,9.872535863463746,-39.54503718453746,-1.0556248581247187,1.3800849056204347,800.4350895440184,-46.48514959951258,1.4741424319377219,2.173095909639261,-49.534083819604916,-43.49246932474305,6.041614494861868,-46.43075714132121,-0.2881083236414525,-0.004956549823034617,929.7029919902517,-42.38202310886071,2.2853197392800855,5.222686310743198,-45.97378980018813,-38.12549683196588,7.848292968222246,-42.765904909700666,0.401167163820041,-0.829509796212287,847.6404621772142,-50.795173348388246,2.041738682547808,4.168696847812059,-53.57824283162448,-46.23125044204818,7.3469923895763,-50.8141497408519,0.42704508562253035,-0.6442491403489856,1015.9034669677649,0,0,0
-40.34086399029421,3.2488269967114776,10.554876854561318,-45.96513028189266,-32.804220538429064,13.160909743463598,-40.42003486902385,0.40474359920555786,-0.10253574354091866,806.8172798058843,-46.14920545940091,3.40039610722387,11.562693686023248,-54.5008256956827,-40.48590201863202,14.014923677050682,-45.91886594042012,-0.6634016679794483,0.09162252347143118,922.9841091880184,-42.647752718960035,3.781779764124816,14.301858184343951,-48.73524793336955,-35.599957406488144,13.135290526881406,-42.687198407155385,0.23207663326903719,-1.1032687899813498,852.9550543792006,-51.88218719583032,4.484439927478432,20.11020146316276,-61.95291963532426,-44.77747472940716,17.175444905917097,-51.703890410155665,-0.41454922858441534,-0.6530062038219149,1037.6437439166061,0,0,1
-41.00358175497959,3.812525772266905,14.53535276419936,-46.62918756791282,-32.222334812072276,14.406852755840546,-41.05609177198088,0.419297180888284,-0.5451839887201095,820.0716350995918,-47.352246921585945,4.167298146187062,17.366373839214123,-55.396022910375734,-39.233559852672066,16.16246305770367,-47.52345593096311,0.2623962397858126,-0.49848930676448644,947.0449384317187,-43.794810083848006,4.260980132777661,18.15595169192593,-50.75443769009689,-37.18615710357615,13.568280586520743,-44.11660117917192,-0.04181043437333279,-1.066911695560985,875.8962016769601,-50.02009908820874,4.993960129872334,24.939637778754495,-58.058247208113535,-40.31223857758783,17.746008630525708,-50.91227848322538,0.43599064263918674,-0.7527110863546675,1000.4019817641747,0,0,1
-39.02394120384236,2.5309081078553692,6.405495850408046,-44.911636394559196,-33.39899012127796,11.512646273281234,-39.12259106653619,-0.07910204915919566,0.26262273861436825,780.4788240768472,-46.637595182402904,4.215411495087615,17.7696940729168,-54.536752368224484,-38.50275260099867,16.033999767225815,-47.04148793020558,0.0024261482873257733,-0.8269652341109022,932.7519036480581,-42.90856689889461,4.611556823345103,21.26645633494078,-51.188317643459314,-35.07837195830732,16.10994568515199,-41.74531624956824,-0.14559071981310456,-1.1142378057684108,858.1713379778922,-50.2951465820271,4.289827888142872,18.402623309888334,-56.29578933092062,-41.21739364160428,15.078395689316338,-51.15887401203848,0.5184163798590172,-0.7757108950477472,1005.902931640542,0,0,1
-40.3501752877744,2.1248306103540764,4.5149051226976775,-44.302099620425125,-37.298624556714394,7.003475063710731,-40.59896905005584,-0.21283284572218178,-1.062438358226192,807.0035057554878,-46.28370242004471,2.046056120145341,4.186345646784205,-50.90181889942228,-40.87672593034836,10.025092969073924,-46.4549189605474,0.4533150042415103,1.1894826502244582,925.6740484008942,-42.48740140982346,2.235577789241598,4.997808051750351,-46.973491490081,-39.2170898844882,7.756401605592799,-41.644329835575434,-0.6622771232188662,-0.6329380110414,849.7480281964692,-50.904220770015414,1.6217354833556226,2.630025977974695,-53.93120988743647,-45.546406218697086,8.38480366873938,-50.90768755080376,1.278345840790194,3.9883253782152055,1018.0844154003082,0,0,0
-39.38581189549217,3.1312208699483617,9.804544136400175,-44.75406473953714,-33.951109584869265,10.802955154667877,-38.77630958944083,0.09776230364088728,-1.0766304875403498,787.7162379098434,-44.826172257909064,3.8890330159404742,15.12457779907506,-54.781762398883096,-38.8570784997268,15.924683899156292,-43.98197108793481,-0.7115046952359516,0.07472710421502304,896.5234451581813,-41.568637936378295,3.718472611557782,13.827038562905352,-47.93342109292137,-34.83656479757875,13.096856295342619,-42.397341821077845,0.22537783342560058,-0.9667513198699718,831.372758727566,-51.670642623584875,3.447545445326773,11.885569597593378,-58.589490057315565,-45.68832891493959,12.901161142375976,-51.09998314412057,-0.6354841262810859,-0.4367404514411075,1033.4128524716975,0,0,1
-39.24665650871135,4.264849770175728,18.188943562167964,-48.74656746367382,-33.22466796324697,15.521899500426848,-38.19663441059025,-0.5482712211881545,-0.5368500525534516,784.9331301742269,-46.281244495045065,3.4399622061681723,11.8333399798654,-52.57064042172293,-39.7316619838717,12.838978437851225,-45.84813832496346,-0.029672578863140203,-0.8288622186951038,925.6248899009014,-42.10693089962261,3.0241692706914822,9.14559977779465,-46.39247596834696,-35.65377007343459,10.738705894912364,-42.33315742885131,0.5563594402600567,-0.59211760283769,842.1386179924523,-49.72288221460798,4.266463903854128,18.20271424289021,-57.662786279192495,-41.75723895644042,15.905547322752078,-49.104464870728584,0.08818750284232751,-0.8047608329536375,994.4576442921594,0,0,1
-42.19584853055142,3.0466429248603144,9.282033111601411,-47.14930335881165,-35.80302666673431,11.346276692077339,-42.64533599624362,0.5920797251181353,-0.3383800943777868,843.9169706110284,-48.18531512532389,4.845148458919289,23.475463588967965,-57.70687236199019,-40.77665350910153,16.930218852888665,-47.98119084902871,-0.17862064149770304,-0.9707287324261382,963.7063025064778,-41.92339083971031,2.8139657288146056,7.918403122943114,-48.439795106352385,-37.637262983797015,10.80253212255537,-41.67862967987037,-0.44003116186066543,-0.47571507746991903,838.4678167942062,-49.73147109517727,4.010798856164542,16.086507464610797,-57.57002432341019,-41.530635515105566,16.039388808304622,-49.850184919337096,0.06722549943841447,-0.6312662141959327,994.6294219035451,0,0,1
-40.859241344413036,3.6646508085575036,13.429665548661166,-46.58906820366241,-33.73081623814352,12.858251965518889,-40.82894178127979,0.23126124242836463,-0.7208889767785509,817.1848268882608,-45.50696591674192,3.7541161584285625,14.093388130974427,-52.17046418334206,-36.18886733060125,15.981596852740815,-45.20901052586238,0.3511426665379433,0.15740997057939587,910.1393183348382,-42.46613049853773,4.018763956772561,16.150463740254246,-51.130182864759014,-35.75590050385021,15.374282360908808,-42.7214511886862,-0.18830637633857483,-0.25979344302947727,849.3226099707546,-52.48209067851743,4.028710245340713,16.230506240913233,-57.96752062384296,-41.312320699692684,16.655199924150274,-53.384725578647135,0.9918742330844676,0.7127488873594969,1049.6418135703489,0,0,1
-40.64397462120156,1.8764079889154028,3.5209069408655465,-43.91034660062069,-37.97763245743571,5.932714143184981,-40.92567155383649,-0.033914544939874364,-1.3596872592542004,812.8794924240312,-46.39493771856283,2.0202373455081792,4.0813589321859345,-50.54559439474558,-42.89122040556835,7.65437398917723,-45.73130873425747,-0.7520070228956781,-0.3102829241642211,927.8987543712567,-43.47520083760249,1.8955865951134172,3.593248539573678,-46.85992030736192,-39.948591621026935,6.911328686334983,-43.34289970915302,-0.04796915860951382,-0.8900127598029473,869.5040167520499,-51.30733845515923,2.404717486298885,5.782666188911628,-55.112752344594014,-44.898680271327045,10.21407207326697,-51.92538211221931,0.788701752242169,0.4150876809995996,1026.1467691031846,0,0,0
-40.311803344295456,4.123021530992142,16.999306545024787,-47.963033519348464,-32.17473738674772,15.788296132600742,-40.9171211928112,0.20977985442409255,-0.7563841351787208,806.2360668859092,-44.535091358586335,3.740740983463518,13.993143105363606,-51.82951459795931,-39.11130873029173,12.718205867667578,-43.611687601394785,-0.20833029018474358,-1.206461781465824,890.7018271717264,-42.819034073795656,2.7927187879545445,7.799278228594299,-49.35121777987191,-38.11939903956199,11.231818740309919,-43.237377338404656,0.01010890210772096,-0.08840225175160477,856.3806814759131,-50.00671947623476,4.282131636225912,18.3366513499668,-58.34322504162161,-44.67971870267916,13.663506338942447,-48.859914856178605,-0.43877842623420993,-1.0534725326053715,1000.1343895246953,0,0,1
-38.77460325681641,2.774837363364078,7.699722393121308,-45.17829538276295,-33.818464796528616,11.359830586234331,-38.34257451582542,-0.4616898444175113,-0.34008211841498026,775.492065136328,-45.36305581480359,3.5789917403733487,12.809181877660652,-54.55014974165129,-38.89538927511533,15.654760466535961,-45.94712262509678,-0.4287985312316919,0.2691656307638306,907.2611162960718,-42.87004026458334,4.935527485874037,24.359431563818084,-50.46456470414087,-30.0,20.46456470414087,-42.81218005159724,0.5957428908476619,0.220343843005951,857.4008052916668,-50.51304209579963,2.899178156349361,8.40523398225328,-55.52239806976754,-43.38676725252471,12.135630817242827,-50.444493146199505,0.5971132492191619,0.38724874696281564,1010.2608419159925,0,0,1
-40.53214485772492,1.9679551144850511,3.8728473326278703,-45.69456106664267,-36.538277956844176,9.156283109798494,-39.980541493892844,-0.583049717786638,0.6575514542141265,810.6428971544984,-45.99645181705916,1.9931346515742294,3.972585739305925,-50.67249354703952,-43.061609303418905,7.610884243620617,-45.80947552982016,-0.619244558345643,-0.09704828517816821,919.9290363411831,-42.63804899788393,2.126549060167386,4.522210905298793,-46.394118129027156,-37.79192034066223,8.602197788364926,-42.56401743444462,0.5369444817959863,-0.044862041785114215,852.7609799576785,-50.97452641460619,1.5324889058429538,2.3485222465317337,-53.90516329106021,-48.11654357783779,5.788619713222424,-51.0619165661238,-0.10213174891698526,-0.7009107832501091,1019.4905282921238,0,0,0
-39.1264324758947,4.429379541404436,19.61940312181217,-48.18209482916069,-30.0,18.18209482916069,-38.85563293724033,-0.10670088829362114,-0.3906375915906075,782.5286495178939,-48.10368750271202,3.7374742648347596,13.968713880302127,-58.30859774683931,-42.33627342878251,15.972324318056799,-47.54581382095534,-0.8894401262438002,0.6906427825410777,962.0737500542405,-40.83124213133293,3.810899154407552,14.522952365064196,-48.099201836324724,-33.53103405589601,14.568167780428716,-41.01375886877892,0.10523419838958355,-0.6413419504892643,816.6248426266587,-51.21183941114704,3.3831804946658406,11.445910259487402,-57.7928988607227,-45.07342770501816,12.71947115570454,-51.025605242359816,-0.20781720333385917,-0.8120007225121908,1024.2367882229407,0,0,1
-41.29658450928136,4.288618021267119,18.3922445323371,-49.22101461431356,-32.433663316528325,16.787351297785236,-40.60804872476177,-0.060244094193953664,-0.7683031848341524,825.9316901856272,-45.301831815314515,3.0121151799886143,9.072837857517841,-51.82851557883918,-40.73698759697065,11.09152798186853,-44.80368155242712,-0.7247381759284331,-0.14359235021327077,906.0366363062903,-43.352777619611444,5.215597277810669,27.202454964306064,-50.81189416658256,-34.01888199869084,16.793012167891725,-43.84293525390845,0.32901484957487565,-1.1099013688192274,867.055552392229,-52.840558080924644,5.059940327296175,25.602996115798124,-60.80283757687091,-41.65082070395155,19.152016872919354,-52.194527914546875,0.1225945801329288,-0.7432669767540836,1056.811161618493,0,0,1
-39.62461002752628,3.5655177506126794,12.7129168299341,-45.74051189674597,-32.64766905059709,13.092842846148883,-40.63897815811367,0.17843106429667802,-0.9206684533712095,792.4922005505257,-45.34877806042739,3.5383426232002475,12.51986851915561,-52.774772341075746,-36.23316451759585,16.541607823479893,-45.5146770865437,0.4199790597561354,0.860648917069827,906.9755612085478,-39.68467843076935,4.543495809979629,20.64335417530245,-46.71200835726732,-30.358805652875148,16.353202704392174,-39.65709040610646,0.15028674538037842,-0.8423431466164009,793.693568615387,-51.166439012965824,4.963837781002935,24.639685516112145,-60.37093764627773,-39.1425888802013,21.22834876607643,-52.886190787527354,0.6061938335316105,0.01798042244925968,1023.3287802593162,0,0,1
-39.11757340383453,3.216533358914785,10.34608684901163,-46.98988017558656,-31.739821660276554,15.250058515310009,-39.14580085259068,-0.023199413273019293,0.6093575788365375,782.3514680766906,-44.31426657735845,3.1958914323700105,10.213722047496036,-50.78242109971901,-38.21098968766138,12.571431412057628,-44.049996820751645,-0.09170994343194525,-0.5415310558860829,886.285331547169,-43.04898167466957,3.5830873047412455,12.838514633397882,-51.12997166639063,-37.32953790701042,13.800433759380212,-43.53150684513696,-0.3284180550998622,-0.39594270090231287,860.9796334933914,-50.59003123544464,2.5537147969413567,6.521459264117236,-56.14273994010113,-45.03996590111312,11.10277403898801,-50.64054714644842,0.06267454780054246,-0.18000487235944895,1011.8006247088927,0,0,1
-41.42932839685834,3.2856280060187757,10.795351393934915,-46.94563332930218,-34.691197961811135,12.254435367491048,-40.915822675812564,-0.047978337143354796,-0.5469098454455139,828.5865679371668,-45.06259409152581,3.885482237560144,15.096972218395385,-51.578758466196966,-37.248743551930225,14.33001491426674,-44.35389903006731,0.12830894271783932,-0.9560069047525923,901.2518818305161,-43.61071258239029,4.804297783716029,23.08127719461875,-49.45341428426307,-31.96918947830828,17.48422480595479,-43.30775533654143,0.8504187101038021,0.16717691154490533,872.2142516478059,-51.38531977701224,3.6103911583164234,13.034924316049407,-58.59293953581783,-44.250076307130044,14.342863228687783,-51.879480710129656,-0.06317495874200804,-0.48531110785150133,1027.7063955402448,0,0,1
-41.12100345687284,2.475617238310233,6.128680710618786,-47.40249498766929,-37.19733601021085,10.205158977458446,-40.46961337094454,-0.7571721986245639,0.23328608520564664,822.420069137457,-45.4725044653515,1.7894388909446608,3.202091544425258,-48.29585296470471,-41.93775123426994,6.358101730434768,-45.38552755183082,0.07596910659992202,-1.014780947622216,909.4500893070302,-42.85167147976616,2.033891086489165,4.136712951700075,-46.72016735420523,-39.582497657795116,7.137669696410114,-42.70517608820113,-0.3270915359696045,-0.7982626615998671,857.0334295953234,-50.217681520657166,2.141100556367863,4.584311592478772,-53.83384282224183,-46.00698328502571,7.826859537216116,-50.637682929447124,0.22355193529647557,-0.9619847677857689,1004.3536304131433,0,0,0
-40.45175947483656,3.559088642788807,12.667111967228273,-49.555729554862666,-36.23449407073145,13.321235484131215,-39.605796096434446,-1.0119158145299296,0.260866087744982,809.0351894967312,-44.83870950109936,3.369007429532085,11.350211060242385,-50.939348165404716,-37.21091559514849,13.728432570256224,-44.54641302459817,0.33639148798768864,-0.28723295859817277,896.7741900219874,-41.71414504063174,4.027964771398077,16.224500199623964,-50.56117055201624,-35.73514917208952,14.826021379926722,-41.71049926214387,-0.273632638785344,-0.727013139599745,834.2829008126348,-50.418209552515854,3.0898105257260915,9.546929084887745,-56.50773902652981,-43.35936874821093,13.148370278318879,-50.670823189530914,0.21811737951373356,-0.14964213889328537,1008.3641910503172,0,0,1
-39.9427196474483,3.6419500308703516,13.263800027356556,-45.63798318771545,-32.376866488477916,13.261116699237533,-40.00873319342268,0.438859569094889,-0.5132588561411335,798.8543929489662,-44.879663680074074,3.9732386632760606,15.786625475351737,-50.531165689684514,-36.29910574491757,14.232059944766945,-44.94524135341288,0.42937475299999933,-0.6998495819183419,897.5932736014815,-42.81723065147674,3.947987017357719,15.5866014892251,-49.434064090477975,-33.767679386209,15.666384704268978,-42.96477515079849,0.17825859044669837,-0.3720032522832559,856.3446130295349,-51.08917146185852,3.9114730431573292,15.299621367346457,-63.93048878245821,-45.73081513957232,18.19967364288589,-49.98156227397229,-1.6385153313201901,3.2256147016463146,1021.7834292371703,0,0,1
-39.8516128209189,2.1850399994409884,4.774399799157074,-44.8991317265715,-36.16992731625206,8.72920441031944,-39.68384652490891,-0.1845650090129464,-0.2933553503654962,797.0322564183782,-45.81557253706847,1.4862018303234281,2.208795880456708,-47.954075315994615,-43.14136598273504,4.812709333259576,-45.85255005901521,0.2451256034500488,-0.9138569308629112,916.3114507413693,-42.62572928409809,1.4261081776769085,2.0337845344369527,-45.96514052896043,-39.639277653578375,6.325862875382057,-42.76693698885592,-0.08728860330526791,0.03329428505128673,852.5145856819619,-50.46036016780425,1.547691186789722,2.395348009666578,-53.507078333853656,-48.252936692610874,5.254141641242782,-50.325932960454125,-0.38292486619172034,-0.7713818311456588,1009.2072033560851,0,0,0
-40.791002278458656,4.1493789283358025,17.217345490917175,-49.14102859115998,-34.56948104942555,14.571547541734432,-41.55006493502748,-0.1549650931205813,-0.9100595252483004,815.820045569173,-45.59473993990592,4.179202671259065,17.46573496745891,-53.72112440117894,-37.733924267989295,15.987200133189646,-45.231859233390715,-0.11633327767609618,-0.717674387862949,911.8947987981185,-41.76005331646614,3.994247215647632,15.954010819708861,-49.59136643363953,-32.65089264280198,16.94047379083755,-41.624811132109144,0.3748961626191627,-0.12312783509548542,835.2010663293229,-49.32146318373446,4.1487743347771255,17.212328480905377,-57.71025357153296,-41.44805876411091,16.26219480742205,-49.86585218906683,0.04669535602316085,-0.6505860671411638,986.4292636746893,0,0,1
-40.5997381856604,3.78885398602846,14.355414527443747,-46.25889104913606,-30.0,16.25889104913606,-41.258371790760904,0.8876258614959035,0.8493569554651006,811.9947637132082,-47.701912435691085,3.6122949027825726,13.048674464668954,-55.991233663140804,-42.344398670895984,13.64683499224482,-46.31964477461332,-0.5774210460522397,-0.5154018860392195,954.0382487138219,-42.95617067278951,2.227676464295529,4.96254242957623,-46.29366181261471,-39.850306125474226,6.443355687140482,-43.212788527961465,-0.05253754915354221,-1.4037298435139065,859.1234134557902,-50.722036754982284,3.62085737636706,13.11060813999175,-56.795398753677446,-43.618183243946014,13.177215509731433,-51.30210825661608,0.26744411482782615,-0.9077057026202482,1014.4407350996457,0,0,1
-40.52909424158838,4.118781238596487,16.96435889141441,-46.528802263791825,-31.38514047510275,15.143661788689073,-41.52855904355064,0.842507625209927,-0.21592221093095576,810.5818848317676,-46.57664860096275,4.320349852876313,18.665422851248376,-54.064565166180444,-41.121300372672465,12.943264793507979,-44.761964144952955,-0.30857559414049746,-1.4727228398971381,931.5329720192549,-42.43149718987833,3.25469669571988,10.593050581129905,-47.87324268972701,-36.22995658771136,11.64328610201565,-42.45926402661463,0.1238770498730567,-0.943354071628963,848.6299437975666,-50.824026843239736,3.1437005443987487,9.882853112852988,-57.388314768459736,-45.49117897197374,11.897135796485998,-50.763330068595494,-0.14507260282657222,-0.7594624958704128,1016.4805368647948,0,0,1
-38.98664467054568,4.504612324738196,20.291532196183255,-46.42112004611677,-32.07360465549732,14.34751539061945,-38.684199428560234,-0.1758583633357624,-1.0162834467537532,779.7328934109134,-45.0577888983423,2.6918021552372244,7.2457988429397675,-49.32225789509731,-39.71899717394304,9.603260721154271,-45.881267176943204,0.32338550897120216,-1.0401457884808087,901.155777966846,-42.16795567163673,4.832766295650899,23.355630068379313,-49.4280384126263,-32.33372796970463,17.094310442921667,-42.92864639004386,0.567212001162629,-0.5310075618298078,843.3591134327346,-49.88994620393525,3.367587401641456,11.340644907694253,-56.4127727246511,-43.94858035814661,12.464192366504491,-49.40789568515346,-0.16245229599059233,-0.8294189965922016,997.798924078705,0,0,1
-40.13077807239624,4.587539067042156,21.04551469163802,-55.70020306292184,-34.745978993571654,20.954224069350182,-39.275510429084825,-1.821009384720794,4.010930454902918,802.6155614479248,-46.153166788626905,4.648348972217204,21.60714816751274,-55.16233692553678,-37.643073436824025,17.519263488712753,-47.079918232555656,0.13139432554238506,-1.0456444728806313,923.063335772538,-43.112961404250754,2.9682193679294384,8.810326216151434,-48.90718955404737,-37.97913248565193,10.92805706839544,-43.26405255858177,-0.35199734735445454,-0.6780294451498432,862.2592280850151,-50.36978906780918,4.112017284152472,16.90868614516867,-55.57144331823581,-41.49310253231011,14.078340785925697,-50.90921192398024,0.5832941857578645,-0.6011219812028235,1007.3957813561838,0,0,1
-40.96852261507416,3.6178759385783774,13.089026306944376,-47.171729172639395,-33.62666631598684,13.545062856652557,-41.77270169426024,0.414194354015641,-0.5683461626959541,819.3704523014833,-45.10653347482448,4.921141196450987,24.217630675407044,-53.826408062036144,-36.874257879795096,16.95215018224105,-47.057592270962814,0.22564579227999126,-1.121471960249679,902.1306694964896,-41.24318365698157,3.131887927330728,9.808721989359963,-45.63258900122367,-33.412791570424126,12.219797430799545,-41.84189254134449,0.9085686977824019,0.20908111811457397,824.8636731396315,-51.10296342625304,3.9339734994384243,15.476147494283802,-58.92736948310502,-45.15791331364573,13.76945616945929,-49.92581260091686,-0.389039022072029,-0.9154992626443907,1022.0592685250607,0,0,1
-39.9892542401105,3.720534462271089,13.842376684946824,-45.27093384444979,-31.816931196580832,13.454002647868961,-40.756953409591915,0.8067232227919894,0.002516988183093982,799.78508480221,-47.60747364633901,3.6862455452836276,13.588406220123389,-55.165104667263684,-40.69775635999353,14.467348307270157,-48.006543187687626,-0.12112112567453498,-0.47946936556368147,952.1494729267802,-42.41772340998188,5.943582343313177,35.32617107174416,-55.56609119396668,-33.54548976390413,22.02060143006255,-40.380945427339626,-0.5396500344431947,-0.6740960516998098,848.3544681996377,-51.567542796812106,3.1282484114319034,9.785938123626227,-58.190417282454675,-45.83909859293074,12.351318689523936,-51.17733041152346,-0.43701218038901485,-0.07884850931166643,1031.350855936242,0,0,1
-40.87258825019505,4.230142327628054,17.89410411199049,-48.52813568731317,-32.957309425376664,15.570826261936503,-41.022779793194296,-0.05991365986971848,-0.6770235899959607,817.4517650039008,-45.31311814580972,4.007471739426537,16.05982974230235,-50.995590172559545,-35.94396475662539,15.051625415934154,-46.397935338304364,0.6329221382259892,-0.3530455806352988,906.2623629161942,-44.15054885365519,4.862350679359597,23.642454129068735,-51.32983609539379,-32.597470275774306,18.73236581961948,-43.444889152679266,0.30760692183304994,-0.44607347784875184,883.0109770731038,-51.372101750928195,3.328317256193947,11.077695757878406,-58.41325074582164,-44.82281906908079,13.590431676740849,-51.26789284003431,-0.24178668614632787,-0.39427525316700907,1027.4420350185637,0,0,1
-40.2697160955745,2.1490490357201413,4.618411757929669,-44.688777881902936,-36.40545819481829,8.28331968708465,-40.688577400912536,-0.19847242428917192,-0.31055279701395255,805.3943219114901,-46.081997749165794,2.0863083440553907,4.352682506475147,-50.09560156097719,-42.28858475587023,7.807016805106954,-45.77938476560159,-0.2706566950365693,-0.6347336951234688,921.6399549833159,-42.6656151555642,1.8883803246766295,3.565980250625813,-46.98331942650957,-39.48280403229732,7.50051539421225,-41.957958919946904,-0.652871038380033,-0.16342719178878928,853.3123031112839,-50.55166095411175,1.6897402168733877,2.8552220005193236,-54.10111228572395,-47.784487046037334,6.316625239686616,-50.32200591430356,-0.3676795081163757,-0.5637276872927122,1011.0332190822351,0,0,0
-40.38440932220054,2.0128252698907563,4.051465567110796,-45.47436480191523,-36.776752849658045,8.697611952257184,-39.88778931364203,-0.9625138533586982,0.9478188016721649,807.6881864440109,-46.16985019909476,2.652173729253682,7.034025490143383,-51.758778530309655,-42.21332403895324,9.545454491356416,-45.59668296897755,-0.5876222701319317,-0.4258362906633799,923.3970039818952,-43.29174117202602,1.9378449503950959,3.755243051771772,-47.12695916041312,-39.878532355210666,7.248426805202456,-43.16888603836966,-0.19613578895306444,-0.7611337753551837,865.8348234405204,-50.84113743356236,2.4248060916150367,5.8796845819333905,-55.71176875584089,-44.84468319035261,10.867085565488281,-51.29666044243531,0.4259450782659391,0.21373187516810166,1016.8227486712472,0,0,0
-41.05569197411075,2.081135096009855,4.3311232878439485,-45.760285198191575,-37.67037490217276,8.089910296018815,-40.800602573948396,-0.4278096388352151,-0.23714505068921188,821.1138394822148,-46.51571991772195,2.4030831694480783,5.774808719284621,-50.13587456467788,-41.98604638563646,8.149828179041414,-46.864955160081486,0.4278384638694483,-0.8632834721227662,930.3143983544389,-42.45456945192304,2.640166281992485,6.970477996570023,-48.36585453668379,-38.90907057391683,9.456783962766963,-42.08740069586504,-0.4878544578129162,-0.777780699700803,849.0913890384609,-50.38768967982902,1.6784924699702208,2.817336971746733,-53.04990108644179,-46.747785725331624,6.302115361110168,-50.18366707726716,0.23980624202470316,-0.6897367696713377,1007.7537935965803,0,0,0
-39.95244388620493,3.60666829725922,13.00805620645472,-46.87607443258564,-32.882603303039744,13.993471129545895,-39.87043471738457,0.12573156255554316,-0.28946479391233915,799.0488777240985,-44.98544930780564,4.336541798239581,18.805594767878972,-55.21502257071422,-34.64419548416056,20.570827086553656,-45.08735226951709,0.11095652900301578,0.7645302812101376,899.7089861561126,-42.99976953443613,4.204763215130553,17.68003369531503,-52.53817510592734,-36.3822126843356,16.155962421591738,-42.002466221227166,-0.4735685098419222,-0.6099021527556312,859.9953906887226,-50.88618801248028,3.7879061629547204,14.348233099350352,-57.20575350231945,-41.291931709301764,15.91382179301769,-51.22603561746631,0.6711984994607794,0.5411148366421781,1017.7237602496057,0,0,1
-38.86139594714056,3.720325918625582,13.840824940797281,-44.351991255633216,-30.541892160050853,13.810099095582363,-38.470517250168115,0.2944495205039727,-0.6640032774214575,777.2279189428111,-46.02807313684967,3.1572161941249797,9.968014096445021,-52.51148981599369,-40.714627796346605,11.796862019647087,-45.76362734298064,-0.222658070425143,-0.5702748413245593,920.5614627369933,-43.66740381403734,4.597206456843959,21.134307206847787,-56.13548438243842,-33.46550593519167,22.66997844724675,-45.07202536350662,-0.08883363000460535,1.539856658030664,873.3480762807468,-49.09020161681657,3.651389884000611,13.332648084981994,-56.07617097877762,-40.762559300407936,15.313611678369682,-49.33052080765955,0.24612995876210703,-0.2302524406766655,981.8040323363315,0,0,1
-39.54494750229273,4.1794916585907655,17.46815052422979,-47.74078981370413,-30.0,17.740789813704133,-39.32833678188713,0.27795856426169524,-0.019881569798763543,790.8989500458545,-46.2294079127161,4.8214687894628465,23.24656128776433,-54.84802523623175,-34.80816984200693,20.039855394224816,-46.33199456210904,0.19123837021278622,0.12501691675982096,924.5881582543221,-44.059899382335765,4.03797648517138,16.305254094797014,-51.352808348832326,-34.7306569753863,16.622151373446023,-43.827320563760736,0.16526147405008942,-0.158801153213179,881.1979876467153,-52.14477039785114,3.6666494036784165,13.444317849495288,-59.11650151240516,-45.15974659811411,13.956754914291047,-52.32272395519968,0.21585708081914604,-0.5073556029210864,1042.895407957023,0,0,1
-40.40841070686132,2.545293908732259,6.478521081829541,-45.68343769936599,-34.34806961335227,11.335368086013716,-40.9189179360177,0.40632727292257764,0.1483648558319275,808.1682141372266,-44.75692065389882,2.411784602568529,5.816704969186637,-48.815202179132896,-40.39072008051726,8.424482098615634,-45.12741514341772,0.16796909611079763,-0.7233560162245691,895.1384130779762,-42.39723861983057,2.101179883041372,4.414956900897755,-46.25451866991962,-37.71501606809512,8.539502601824502,-42.40126525614581,0.029103921992432946,-0.194406930363062,847.9447723966114,-51.383095351683586,1.9989930612031324,3.99597325873827,-55.41652989088944,-47.488500611067295,7.928029279822148,-51.080550679089185,-0.40117394222555663,-0.24611331528452185,1027.6619070336717,0,0,0
-40.08922194720315,1.16918348560962,1.3669900230222602,-42.66211860640605,-37.951336365323726,4.71078224108232,-39.8251253547395,-0.4634837229362366,-0.29462531985146123,801.7844389440631,-45.4511348584043,1.8873962207969441,3.562264494278587,-48.648990597413984,-40.91650559050924,7.732485006904746,-45.788280075203794,0.6273208307631539,-0.08829184689496694,909.0226971680861,-43.002031758870444,1.3467916741690216,1.813847813610996,-45.646265169030926,-40.22507354761847,5.421191621412454,-42.63969822813331,-0.027655814266278923,-0.7134004173440669,860.0406351774088,-51.09648026597439,2.0342369347321676,4.138119906628525,-53.780485861970945,-47.6430141718291,6.137471690141844,-51.52777871753577,0.3365609115950561,-1.2136327963703237,1021.9296053194879,0,0,0
-40.38123426908858,3.5110297294202635,12.32732976087293,-48.85587044463852,-35.169527060648306,13.686343383990213,-40.106119231782344,-0.7157717014741325,0.3237694470914958,807.6246853817715,-45.52796646056427,3.726253426710157,13.884964600069186,-55.16413414815952,-40.63930557161538,14.524828576544138,-45.1255194905386,-0.7733007684602281,0.09097041101017922,910.5593292112853,-41.461186447664815,4.109035246479294,16.884170656809154,-49.441416919470264,-33.915661115531535,15.52575580393873,-41.41916610332193,-0.11817170062574478,-0.43993466510940094,829.2237289532961,-50.41697094757965,3.0817283662151396,9.497049723135033,-54.85427847087231,-44.5024508240906,10.351827646781707,-50.5423124300237,0.2724211039326811,-1.0485735432283294,1008.339418951593,0,0,1
-41.37182573918688,3.4934854601823644,12.204440660505586,-49.795261303112845,-32.863581269424685,16.93168003368816,-41.45014007444802,-0.08293158336269296,0.923907794359935,827.4365147837377,-46.33606684883554,5.217570303639956,27.223039873425545,-54.59621691545153,-34.78772778313625,19.80848913231528,-47.57164166964074,0.5919459748881505,-0.546025363044393,926.7213369767107,-41.8546303814955,3.6169785738689995,13.082534003827423,-49.685274389666795,-36.85640807325775,12.828866316409048,-41.39095851808331,-0.37717134293073623,-0.8063902893270107,837.0926076299099,-49.81916056733912,4.226139261844616,17.860253060504558,-55.74529396534916,-41.17270725502636,14.572586710322803,-50.81711318197192,0.5128776315893738,-0.6546681042975142,996.3832113467823,0,0,1
-40.63175974317955,3.5844546507902493,12.848315143571847,-49.122473717786676,-35.30967039835116,13.812803319435517,-40.04515121459799,-0.9612100922293557,0.34353561344173755,812.635194863591,-46.35514293206993,4.633877038159547,21.472816404782293,-55.94129523607886,-39.51344294733545,16.42785228874341,-47.30670894515579,-0.24124458268670984,-0.9654232148651252,927.1028586413986,-42.84277614306847,3.4096188847846296,11.62550093947998,-49.23399635174836,-35.11982528240141,14.114171069346952,-42.70104037966247,0.3812937302164052,-0.274707350349193,856.8555228613693,-51.07011408830539,3.2491043726254736,10.556679224213973,-58.07970469539185,-44.640607115316485,13.439097580075362,-50.836797073109686,-0.11008146629268764,-0.4806828168105537,1021.4022817661079,0,0,1
-40.56922943686319,4.609005996867065,21.242936279156567,-50.45258888142618,-31.437484713623345,19.015104167802836,-39.822426755105624,-0.35866187607441313,-0.42586888188244254,811.3845887372637,-46.567232575241334,3.45017673562008,11.90371950701403,-50.83870554670854,-37.548257131767386,13.290448414941153,-47.17283682420818,0.9268278901075088,0.28969267615612004,931.3446515048265,-44.34617724225777,4.202856200269231,17.664000240141522,-51.927176647261504,-37.36630300535397,14.560873641907534,-44.336270987945916,-0.3176187398908597,-0.9364910174133505,886.9235448451553,-51.242869975395365,4.032402478501483,16.260269748624903,-58.964104339588616,-44.644160547748996,14.31994379183962,-51.48228094273577,-0.21428330136403356,-0.7074931429233451,1024.8573995079073,0,0,1
-40.96911084872251,3.401861207374555,11.572659674239866,-46.79584077330343,-33.964447846635004,12.831392926668428,-40.969025523833,0.14682480684377325,-0.2872890761452993,819.3822169744503,-46.043907528666885,4.262460946853125,18.168573323448037,-54.81103061689558,-39.55037329109691,15.260657325798668,-45.45048401416908,-0.3243826430298896,-0.8795180254697743,920.8781505733377,-43.257083743469124,3.199719932866385,10.238207648782463,-49.85480335774721,-35.98120926146244,13.87359409628477,-42.81507514035416,0.07124647050274688,-0.18038425994757556,865.1416748693825,-50.36411112986708,3.788348564106973,14.351584843171366,-58.181906902359884,-42.60620718663493,15.575699715724951,-50.72003079828421,0.18741289279478984,-0.46861258041592846,1007.2822225973415,0,0,1
-40.13604027618342,3.7471841610508134,14.041389136830087,-46.02335639166827,-31.35957287106583,14.663783520602443,-40.86898884282865,0.5827704943085033,-0.2694764382050372,802.7208055236683,-45.08695451935342,4.664349611227332,21.756157295756566,-53.886518147292534,-33.84621431802063,20.040303829271906,-45.57630417842755,0.33582577499830657,-0.06871466020071892,901.7390903870685,-41.72719256733267,4.1571129184971385,17.281587817135797,-47.804173180661145,-33.51353163768432,14.290641542976822,-42.949285285516424,0.3886389662429958,-0.887241352083509,834.5438513466536,-52.23291278898544,3.3348583984602254,11.121280537780699,-57.24768231359789,-45.01477805983003,12.232904253767863,-51.87816991329693,0.5675713168921152,-0.48059015591581344,1044.6582557797087,0,0,1
-40.78982361891737,1.5677468640012737,2.457830229585828,-43.63293532710055,-37.0534547261602,6.57948060094035,-41.29058435236979,0.5594613691956591,-0.18304671967312158,815.7964723783473,-46.18414398016983,1.7115423370584864,2.9293771715436256,-49.48824671993067,-42.7254935286712,6.7627531912594705,-46.410780306374676,0.19489796555141684,-0.5942612389520776,923.6828796033968,-42.33109947146365,1.6290098552745382,2.653673108581572,-44.769421566478066,-38.9124293923854,5.856992174092667,-42.34947873374737,0.26941122850505533,-0.855202973556568,846.6219894292731,-50.97750928782404,2.108906973842282,4.447488624320612,-54.901190371808276,-46.75410819949912,8.147082172309155,-50.83190732354432,-0.03603509314674186,-0.32408383288267517,1019.5501857564807,0,0,0
-41.128661474668874,2.044197644223223,4.178744008647774,-46.445997391844394,-37.99342218565991,8.452575206184484,-40.55595576416858,-1.023722392482818,0.5738030982151527,822.5732294933773,-46.51857820328323,2.1089587941607264,4.447707195467864,-50.27911924758887,-41.607802489309194,8.67131675827968,-46.851329433507985,0.5712452763376814,0.2583454326142749,930.3715640656646,-42.334383164556456,1.475957076890846,2.178449292824171,-44.91173088917698,-38.53834094700147,6.373389942175507,-42.63911932556399,0.9861286370195546,0.7973197779161967,846.6876632911292,-50.91680024277781,1.8610410493160263,3.463473787239296,-55.132097050217425,-48.34830581830196,6.783791231915465,-50.832630549077535,-0.8337214821196154,0.04673784168445172,1018.3360048555562,0,0,0
-38.80916233202135,4.252823496092854,18.086507688919447,-45.636338075139285,-30.98870171467142,14.647636360467864,-39.28405499808606,0.25848537006055494,-0.7316609198146695,776.1832466404269,-45.263801107938605,3.8492317377397978,14.816584970823342,-55.02765538618087,-38.95914939823661,16.068505987944256,-45.25953063748382,-0.5317110200993389,0.10198569312221784,905.276022158772,-42.80984086270595,3.5928519632544504,12.908585229861359,-48.58838845954925,-36.530308751673445,12.058079707875805,-42.98025827592331,0.017806998080927443,-1.185378612305553,856.1968172541191,-49.10304252938796,3.601928438416425,12.973888475472984,-59.026019385927476,-43.0542643914747,15.971754994452773,-48.93417284421881,-0.6583127151353932,0.8539743001269549,982.0608505877594,0,0,1
-40.55840325391811,1.6673258661764656,2.7799755440211014,-42.82574409385476,-36.34450517173456,6.481238922120198,-41.08749752650718,0.9304561052031954,0.21577690036515706,811.1680650783621,-45.640146332579015,1.9507368905446534,3.805374416131823,-49.365482420188975,-41.42596048961896,7.939521930570017,-45.67455121182711,0.22453173088752398,-0.27079042392737707,912.8029266515802,-43.01123707017684,1.8107650411454752,3.2788700342345742,-46.984956778177434,-40.73818335271591,6.246773425461527,-42.30299909887679,-0.6589502125289244,-0.631423476891146,860.2247414035367,-50.63127543115814,2.040990665461218,4.165642896499825,-56.30320973341615,-46.88372665543439,9.419483077981766,-50.371783616333374,-1.0017577230810861,1.3049258920503348,1012.6255086231628,0,0,0
-40.80074655552929,1.7345778095501396,3.0087601773837607,-45.112780430139665,-37.59517656484584,7.517603865293822,-40.891944778587764,-0.28325619255430373,0.15946167615258,816.0149311105856,-45.68060480380617,2.3132303028341146,5.3510344339500096,-51.349977858965005,-41.78661949616777,9.563358362797231,-46.063767684482414,-0.30698785241067233,-0.10002752403599535,913.6120960761234,-42.457599229808935,1.578833265063799,2.492714478872016,-44.45895915599375,-39.659485355896784,4.799473800096969,-42.71151199377812,0.46766024855053484,-1.086325233155375,849.1519845961786,-49.752827053611554,1.8700134521993577,3.4969503114065597,-52.52418337730056,-46.214086493892566,6.310096883407994,-49.52523679659653,0.06497382197621801,-1.103404102288174,995.0565410722311,0,0,0
-40.84374874425599,2.903339808658657,8.429382044542086,-47.19275620673099,-36.44501301908576,10.747743187645227,-40.611362588071984,-0.5057078317234753,-0.4398590744992634,816.8749748851199,-45.73163660306678,3.427028453698001,11.74452402245571,-52.176581407236235,-39.95793279296589,12.218648614270343,-45.60989939023831,-0.051391374738461004,-0.8554680209143091,914.6327320613357,-42.44036477728937,2.7088678925599723,7.337965259342305,-47.24437683890116,-36.86899518223889,10.37538165666227,-41.94017140263474,0.11098124478495329,-0.44217606518469177,848.8072955457874,-51.662459266020164,3.2328710261096445,10.451455071459225,-56.64102287943365,-45.919289321680075,10.721733557753574,-51.619054762456486,0.25651285157421344,-1.0248764346488148,1033.2491853204033,0,0,1
-40.12659895081749,3.667065384882089,13.447368537000424,-47.617872578699334,-34.83636167524132,12.781510903458013,-39.29326910060972,-0.5485959606969861,-0.6261951647727946,802.5319790163495,-45.64642143464785,3.1888341760847534,10.168663402566127,-51.118561674941475,-39.99419108565567,11.124370589285803,-45.50387257982531,0.05807368003729986,-1.0202352446836203,912.9284286929571,-42.17397621094172,3.37720206445564,11.405493784163438,-52.22957380827224,-37.11140045372407,15.11817335454817,-41.9593416041386,-1.0563816179340542,1.7967380857320636,843.4795242188343,-52.01196579307882,3.753503236898156,14.088786549404935,-58.78507000623145,-46.07029186001338,12.714778146218073,-51.27348079184881,-0.3163837860277228,-0.890660260724538,1040.2393158615766,0,0,1
-41.29545480006663,4.748165513114975,22.545075739934394,-47.742647735036414,-30.0,17.742647735036414,-42.23089461669744,0.6271171333868591,-0.4171689628203352,825.9090960013325,-45.87030552998389,3.658483546012661,13.384501856445372,-51.88159959821197,-39.8996625173307,11.981937080881274,-45.14885605896866,0.005339467742345138,-1.2199434455078446,917.4061105996776,-42.545232393958926,2.8101734073025684,7.8970745791105275,-48.743159345499656,-37.142231078638424,11.600928266861231,-42.37493651545719,-0.24794803683045896,-0.4242923735899162,850.9046478791785,-51.180199461558125,4.643173477719214,21.55905994419514,-59.337534365905555,-41.60197278846124,17.735561577444315,-51.87751012456645,0.32923375338466093,-0.23495129313890883,1023.6039892311624,0,0,1
-41.194353289776274,3.8328102692556723,14.69043456011174,-49.03203574319751,-31.31586612921167,17.71616961398584,-41.27487604386259,0.3072673847838675,0.620921987251291,823.8870657955256,-46.98555026034703,2.9835986461621404,8.901860881380557,-54.565815081213316,-42.1314699408044,12.434345140408915,-46.51861522459822,-0.6855983197293855,0.0298275901945666,939.7110052069405,-43.41270219162469,4.396093904858203,19.325641620331446,-50.76507089263878,-35.1422821160198,15.622788776618982,-42.33271230548728,-0.17426666730944015,-0.9556591760829987,868.2540438324936,-51.098187042808476,3.7748047747519244,14.249151087489926,-58.4072677184932,-44.03427777215148,14.372989946341718,-50.75299846263499,-0.47479207366612863,-0.17270950716702016,1021.9637408561696,0,0,1
-39.88973200908199,3.540750578939013,12.536914662256955,-45.621019137009284,-33.53945193393476,12.081567203074528,-40.07272626869906,0.1940071397433312,-0.8119776021787208,797.79464018164,-44.33958806051128,3.996067773877548,15.96855765342266,-52.694303073033666,-37.58862783454465,15.105675238489013,-42.94962913988567,-0.392795884882786,-0.651937605819648,886.7917612102257,-42.16367958863631,3.5040305428688368,12.278230045357674,-47.33109564350847,-34.43813230093845,12.89296334257002,-42.34034981622741,0.4227045883809117,-0.7095651399949596,843.2735917727263,-50.96772483706914,4.025678048363558,16.20608374907622,-58.165429704930645,-42.98101402253378,15.184415682396867,-51.6888550878145,0.08634464797360923,-0.6493622105999561,1019.354496741383,0,0,1
-39.27816023210751,4.309171211750626,18.568956532180362,-47.07244890575529,-31.36449777012779,15.707951135627496,-38.89029336045819,-0.14492508541660543,-0.972607253513059,785.5632046421501,-45.88788395214267,3.641573859461866,13.26106017391599,-54.27898127646312,-40.58695905405214,13.692022222410984,-45.26828008432095,-0.5411115017887038,-0.379883097677129,917.7576790428534,-41.26541268381535,4.248681719123012,18.051296350410077,-49.31708971781106,-33.063257952303104,16.253831765507954,-41.32911925688619,-0.042344866444565143,-0.5810093553144906,825.3082536763071,-52.499279832787735,3.6427956230088174,13.269959951012197,-59.40811441994369,-44.755835248122864,14.65227917182083,-53.13902666594904,0.27552162448412426,-0.5059371073573771,1049.9855966557548,0,0,1
-42.514532479056285,2.755786790326637,7.594360833738788,-47.03890675867812,-36.484425454772804,10.554481303905312,-42.19425342371197,0.02078739955546803,-0.5655943839703932,850.2906495811255,-46.28092780601449,3.7904168623699146,14.367259990538187,-55.76166919153285,-40.79616993184376,14.965499259689096,-45.567807784537464,-0.7960107879476228,0.18433616568009148,925.6185561202898,-43.18671418777427,3.5583165513765875,12.66161667980057,-49.44225785566107,-35.29329274597753,14.148965109683537,-43.02527746541598,0.10227193878063318,-0.34917640416387785,863.7342837554854,-51.37153601832946,3.686201802214341,13.588083726648254,-60.57732099701201,-44.193064428934264,16.384256568077745,-52.25289411011576,-0.0050821172887338594,0.5055240280259619,1027.4307203665894,0,0,1
-41.51240342977428,3.877201293127381,15.032689867428633,-49.12672790181193,-34.37207857561485,14.754649326197082,-41.66260026398013,-0.21949881284301417,-0.5474523809088447,830.2480685954854,-46.356422603905216,4.1227831503640875,16.99734090492603,-53.636598947094654,-34.709286081405565,18.92731286568909,-46.31311758906793,0.839228412211613,1.2232263949827242,927.1284520781045,-42.277632495739084,2.911654131912811,8.477729783884945,-47.11333279834257,-35.437506800526634,11.675825997815934,-42.510845426001424,0.4469649122569513,-0.20140749918111434,845.5526499147816,-50.32720884306174,3.113098550876589,9.69138258746992,-56.970181583270005,-43.52860357659937,13.441578006670632,-50.086775449691174,-0.35831797731582204,0.193622479816018,1006.544176861235,0,0,1
-40.54688197118497,2.337211850888502,5.462559235933656,-46.87094529974172,-36.30320305330414,10.567742246437582,-40.6516352776851,-0.5307843483365631,0.9647508698628688,810.9376394236995,-46.09992244294083,1.5142706651103572,2.2930156472137635,-49.40556730522173,-42.33000627511953,7.0755610301022,-46.02061402606151,0.7133834069742988,1.4405886163495705,921.9984488588166,-43.03903821016448,1.6558479181949357,2.7418323281905024,-46.76795435111667,-40.40158651133975,6.36636783977692,-42.561009464982554,-0.7679888959832657,-0.17087479619155577,860.7807642032894,-51.19787232806888,2.1557580360742206,4.64729271009858,-55.44967245131902,-46.73337191430789,8.71630053701113,-50.973200301177854,-0.0588053372174378,-0.31172168636866227,1023.9574465613777,0,0,0
-40.32047277437084,4.869100518454719,23.708139858816008,-48.569239147508995,-30.0,18.569239147508995,-41.45332460760066,0.5774042130327476,-0.22717466295678612,806.4094554874168,-45.52583603051595,3.693409737165,13.641275486585235,-52.6872616819153,-37.7239976226532,14.963264059262102,-45.27087784183359,-0.08462355621767031,-0.4405029702801526,910.516720610319,-42.39556851831994,3.5742197220430922,12.775046621441799,-48.260818358675095,-35.81547323477306,12.445345123902037,-42.54291180872464,0.13972203484922666,-0.8943292740894226,847.9113703663987,-50.25109538736113,4.5767937431866414,20.94704096767239,-61.962329008037926,-45.294359562293586,16.66796944574434,-49.02273551291502,-0.9768764946131925,0.052769190169158264,1005.0219077472226,0,0,1
-39.05756550030676,4.06370704293131,16.51371493076953,-46.205018971949265,-30.0,16.205018971949265,-37.97206316713453,0.12997319236580343,-0.6104036186953756,781.1513100061352,-46.27441075788395,4.288362963432102,18.39005690613616,-52.78220016325176,-32.90036970311678,19.881830460134978,-46.861031242516965,1.3201337726505897,2.42612347431378,925.488215157679,-42.54976628069929,4.562703294345676,20.818261352232884,-50.82050911534584,-35.232907383385985,15.587601731959857,-41.72124590888406,-0.3168746706078831,-0.8289743492205242,850.9953256139858,-50.24530557825965,3.756668254924373,14.112556377556533,-55.21375938042248,-39.76687708350808,15.446882296914403,-50.615340425171176,0.9808314226951004,0.7862599707123179,1004.9061115651929,0,0,1
-40.027052763378734,1.9194753503950026,3.684385620774018,-44.10699594860656,-37.16785777672571,6.939138171880849,-39.89058200220441,-0.28057328443025953,-0.8942004638840517,800.5410552675746,-46.21418280947082,1.8317640905283488,3.355359683349149,-49.25364774802851,-43.55308507113386,5.700562676894656,-46.056149636556746,-0.2604098347451329,-1.294444941228678,924.2836561894164,-42.96914654596018,2.1143264470928544,4.470376324876293,-47.37820466695824,-38.58518802316561,8.793016643792633,-42.76126647073312,0.04025463631460511,-0.30817435124038717,859.3829309192037,-51.20006006119773,1.8524400954829765,3.4315343073529787,-54.81070704257973,-48.297719061061066,6.512987981518663,-51.10331332223453,-0.2102345508139535,-0.8766841921838222,1024.0012012239545,0,0,0
-39.30604149634436,4.20728733005793,17.70126667766599,-48.1529013731023,-30.0,18.152901373102303,-39.4793078061814,0.1066977241420177,-0.08068739221456855,786.1208299268874,-47.771024268274914,3.779299786905924,14.28310687930716,-54.50881125913872,-41.86954437555308,12.639266883585634,-48.73254467602213,0.20925209226606759,-1.1647400299339938,955.4204853654983,-43.18398732375968,3.998955104603871,15.991641928637355,-50.24143979901282,-31.292109909425577,18.94932988958724,-43.67759103478543,0.9968905911660143,1.8105587754671415,863.6797464751937,-51.48449695059942,3.9237413239815533,15.395745977520514,-57.314571806347935,-43.17071837469658,14.143853431651358,-50.82108192690886,0.447611549459913,-0.7784563105945295,1029.6899390119884,0,0,1
-40.67529680583402,4.037167793729303,16.298723794725127,-49.00545597453622,-35.676053994572946,13.329401979963272,-39.855860049892534,-0.8096847486876109,-0.5665344382554105,813.5059361166805,-47.14130604291158,3.0689393604565662,9.418388798159558,-51.68735417047431,-41.844271057655384,9.843083112818924,-47.8495713202005,0.1873371581277171,-1.1166689600363244,942.8261208582314,-42.44382686752133,4.1076761024669715,16.873002962778248,-52.35748643315057,-34.82761952470719,17.52986690844338,-42.01318329457376,-0.22305259306977013,0.18522667711120944,848.8765373504267,-51.85210337945347,3.0152536498061924,9.091754572669563,-58.00012969059067,-45.83124981904819,12.16887987154248,-51.21668298860723,-0.14344154862492994,-0.6261962491607691,1037.0420675890693,0,0,1
-40.40673220036334,1.5816790609147064,2.5017086517360276,-43.626732602883735,-37.46610775520875,6.160624847674981,-40.153285275151724,-0.2639033940466589,-0.7207616961544496,808.1346440072667,-46.37193184894459,1.8212003185263845,3.3167706002006048,-49.99471667862535,-43.25784356336744,6.736873115257914,-45.99033274818437,-0.25773678595912464,-0.8912858105430712,927.438636978892,-42.94750047347829,1.81837250802773,3.306478577951057,-45.43055693119221,-39.50560680619095,5.92495012500126,-42.956804967639286,0.2656507210580224,-1.009230829588234,858.9500094695659,-50.95679921303321,2.28449519398175,5.218918291325712,-56.451769000971524,-46.93327042567422,9.5184985752973,-50.826593234350156,-0.378760861564939,-0.05472981593394799,1019.135984260664,0,0,0
-40.81405375444619,4.686897152360151,21.96700491680169,-49.7320767718936,-30.0,19.732076771893603,-41.0351490299024,0.08950704134892197,0.07686032319984815,816.2810750889239,-45.70092267551145,5.28231449731326,27.90284644852584,-55.19306970136033,-36.11787573979273,19.0751939615676,-45.73033204055304,0.12411784861093307,-0.8938272001356542,914.0184535102292,-43.01153138252101,4.035434906682807,16.28473488607407,-51.19990251159103,-36.47315441012494,14.726748101466086,-42.426045268000806,-0.32943296217600626,-0.43570142260563127,860.2306276504204,-48.668880748163275,5.1710419804674705,26.739675163756942,-56.63238326146535,-35.92153092545162,20.71085233601373,-49.56909764738252,0.6373799570641148,-0.118965237452195,973.3776149632654,0,0,1
-40.296290025913684,3.9075619614147348,15.26904048229537,-47.559196205597466,-32.47018642868436,15.089009776913109,-40.89641927543102,0.28909603251028326,-0.6756251915630216,805.9258005182737,-45.7145187666092,3.257540727647617,10.611571592282965,-53.13804623744139,-38.86820978040423,14.269836457037158,-45.62259323544002,-0.3655286451801573,0.2021595988911642,914.2903753321842,-42.903679673787074,2.937846163933639,8.630940082939599,-49.23648661827557,-36.8102425102351,12.426244108040471,-42.552917305050556,-0.1313077003475324,-0.3318116505735329,858.0735934757415,-50.37907901713836,4.223311896043432,17.83636337126197,-58.94760687708087,-42.42218257519175,16.525424301889124,-50.74850576195912,-0.12095210789157862,-0.4647255718908698,1007.5815803427672,0,0,1
-40.49041414742083,1.783183559809416,3.179743607974581,-45.59697504966026,-37.95804170798493,7.638933341675326,-40.14424293167985,-1.1389170785909568,1.1039810105801662,809.8082829484164,-45.94666756270006,1.6785045378360453,2.8173774835361955,-48.93917100273997,-42.74669883565729,6.192472167082677,-46.17766643108274,0.061766313362917616,-0.807774830837785,918.933351254001,-42.80041060285112,2.562187457721123,6.564804568503431,-49.1211162913449,-38.42155054245485,10.699565748890045,-42.08055383949819,-0.5569143195650539,-0.15219470756821263,856.0082120570225,-51.69764049271396,1.8543720272148487,3.4386956153169073,-54.53478365030202,-47.37018357034022,7.164600079961801,-51.98292848456002,0.6371496002800959,-0.29702507493817043,1033.9528098542792,0,0,0
-39.347298593433656,1.686389265079767,2.8439087533762764,-42.15689217604699,-35.30272349396339,6.854168682083596,-39.65419804429945,0.7495390355995067,0.08696830225414365,786.945971868673,-45.67039088986855,2.382769873611337,5.677592270589788,-50.829849216025316,-41.10248122152303,9.727367994502288,-45.668726006378364,-0.22663389948747484,-0.4450452443605202,913.407817797371,-43.19429679842722,2.162011871130545,4.674295330909402,-47.3088424492047,-40.461834401925884,6.847008047278813,-42.29320825220428,-0.5489225596568401,-1.0285246735683398,863.8859359685443,-50.65377149145145,1.8481622798935673,3.4157038128213886,-55.94788382298052,-48.15560507038332,7.7922787525972055,-50.26469709408371,-1.0348765847837127,1.0083536496157217,1013.075429829029,0,0,0
-38.54511503948634,3.3767161387231788,11.402211881513574,-45.32438795685298,-30.0,15.32438795685298,-37.99066680548667,0.29416330045461886,0.430758195691864,770.9023007897267,-46.42630420521163,3.4267551482008525,11.742650845721046,-52.32767059753337,-40.012658416432885,12.315012181100485,-46.624002671652846,0.20130239212788725,-0.8472913407497735,928.5260841042327,-43.90497622340173,4.014186756474491,16.113695315855193,-55.20193196446384,-36.06296452218925,19.13896744227459,-43.981718330623664,-0.684483415226764,1.2874567708290359,878.0995244680346,-50.84658690284726,4.283923840887346,18.35200347452299,-58.2429816183455,-42.74822735304032,15.494754265305183,-51.54786519886651,0.14102767613618106,-0.965458261341396,1016.931738056945,0,0,1
-40.7336262482237,3.7804644833274255,14.291911709700098,-45.7905613080671,-32.01618053401599,13.77438077405111,-41.65901396793844,0.7927378941834246,-0.26786134823471963,814.6725249644741,-46.38726342178974,5.773410922432724,33.33227367926548,-58.098248874418786,-36.83299355825627,21.265255316162516,-46.05310676724844,-0.34138620007410575,-0.667339564325157,927.745268435795,-42.18432796673967,4.008400629923665,16.067275609972434,-47.84489164098247,-34.11649370851839,13.728397932464077,-41.96574469878435,0.26196240306097823,-0.8135709969640752,843.6865593347934,-51.17787002278982,3.418015781118772,11.68283187997697,-57.95019063004271,-43.00192134790348,14.94826928213923,-51.250156918184246,0.38617356889018223,0.08254504263008267,1023.5574004557964,0,0,1
-42.23911375599424,2.893478124740004,8.372215658348932,-48.24003344853205,-37.01761038976904,11.222423058763013,-42.61895161806669,-0.10095781789828259,-0.8561573424644795,844.7822751198848,-48.65379092326463,3.364241618221944,11.318121665776605,-55.10566214634612,-41.906928153334455,13.198733993011665,-48.980031347214485,0.18657036981284555,-0.6957483016869861,973.0758184652925,-45.51170953900201,3.824613116877776,14.627665493793538,-51.4603703359414,-39.494007353001685,11.966362982939714,-44.19804681611745,-0.1852992235483329,-1.14133104971555,910.2341907800404,-52.973099785890724,3.239411247718789,10.493785231847003,-58.61867174007155,-45.31881051400171,13.299861226069837,-53.33648523702388,0.5309236840036785,0.018692373324452838,1059.4619957178145,1,1,1
-42.778340255669704,1.771540538623357,3.1383558799859337,-45.50100556372622,-39.202471273436785,6.298534290289432,-43.16759385321823,0.5403043110820716,-0.5872630630328559,855.5668051133943,-47.96817973364419,1.8724935841669124,3.5062322227462497,-50.71658287309985,-43.68583529308036,7.030747580019494,-48.00463713650178,0.34279383625959436,-0.5947323931619373,959.3635946728839,-44.15637380744312,1.6887393852034434,2.851840711137304,-47.87360605834966,-41.46965903184717,6.403947026502486,-44.32018379627128,-0.5141065686769591,-0.29579532361953964,883.1274761488625,-52.66706082585968,2.2377030618623697,5.007314993068225,-56.95292488574105,-48.03600067740393,8.916924208337115,-52.11328112486204,-0.18709713619123775,-0.49973219137813585,1053.3412165171935,1,1,0
-44.15658649910846,4.015969302429874,16.12800943805909,-52.55069411809193,-38.12809516991628,14.422598948175654,-43.3656916299158,-0.47260839032109087,-0.7599550722741979,883.1317299821692,-49.33452232309183,3.6385996372052367,13.239407319870079,-55.84876408435273,-42.18962226492271,13.659141819430019,-49.11841192989745,-0.0618406929168069,-0.7003117310574125,986.6904464618367,-45.48834647093332,3.3374376200157103,11.138489867496128,-51.75490257502524,-38.8685514857404,12.886351089284844,-45.14638917128383,-0.00551634914151781,-0.7725605731250291,909.7669294186666,-53.60486381436543,5.113093264579495,26.1437227322882,-61.400308072742504,-40.452244940088,20.948063132654504,-53.38880756073418,1.108232976900563,1.1024834881691215,1072.097276287309,1,1,1
-42.455961402428514,1.6878492242963905,2.848835003957927,-45.87158594705964,-39.46528139348514,6.4063045535745005,-42.662843041898995,0.08684053106755535,-0.36129378817857427,849.1192280485703,-48.764379645432264,1.7865574527683539,3.1917875320421487,-52.706217285825915,-45.70539113431367,7.000826151512243,-48.60561776138828,-0.4582350130636958,-0.5494449972380067,975.2875929086453,-44.79428319884051,1.95949599610459,3.839624558749919,-48.495526036406375,-41.797918693730196,6.697607342676179,-44.49430622836476,-0.40148712130202574,-0.8252511430330021,895.8856639768103,-52.9410796516147,2.196577583002377,4.824953078148564,-56.25625534807182,-48.98446515673147,7.271790191340351,-53.2699578296975,0.25750140103786273,-0.9822494603499385,1058.821593032294,1,1,0
-43.111140725727935,1.5176291762111749,2.3031983164874092,-45.7801659146939,-40.21985021501148,5.56031569968242,-42.829959077183545,-0.11638982358857711,-0.8244808586511434,862.2228145145586,-49.34218188193679,2.1981518367777886,4.831871497529566,-53.57309937485595,-44.3362666717979,9.236832703058049,-49.48221665459978,0.26479469039042286,0.3145760542007303,986.8436376387356,-45.585565884674224,2.159501393003497,4.663446266384044,-50.48754391552532,-42.640395270000006,7.847148645525316,-45.21581450969577,-0.581606746843214,-0.6669443406936133,911.7113176934845,-53.84261971871549,1.60254662604007,2.568155688632412,-56.61251290746771,-51.23691099776414,5.375601909703569,-53.794691898149864,0.07500466891062632,-1.2608118999447973,1076.8523943743098,1,1,0
-40.470192006405426,2.875625616516691,8.269222686367,-46.35297574613662,-32.6081526087179,13.74482313741872,-40.86339040384229,0.7770014033022843,1.1957537797216,809.4038401281085,-47.64160660080686,3.9540689136592744,15.634660973966636,-54.27333246421639,-40.40052879313191,13.872803671084476,-48.72850432394395,0.42576150609780383,-0.9696499055954368,952.8321320161369,-44.05064231244823,3.3515302596492558,11.232755081344608,-49.7150133732209,-37.44442869495231,12.270584678268591,-43.82925863293548,0.21544903915501346,-0.6368900061903764,881.0128462489647,-52.64253067414228,2.753308690638308,7.580708745944435,-59.36433936959345,-48.43660240041788,10.92773696917557,-52.774777073022875,-0.5410865938263796,-0.07484421106940298,1052.8506134828456,1,1,1
-42.34290511921958,4.467981948375651,19.96286269101068,-54.404960607720305,-34.220167704799465,20.18479290292084,-42.01508431340912,-0.6834671636936128,0.7564990154349256,846.8581023843915,-48.230709385070426,2.8561307747567612,8.157483002512658,-52.09668776962658,-42.98285848487093,9.113829284755646,-49.06787047670748,0.6066339370513704,-0.902501993393451,964.6141877014084,-44.62197952132884,4.741555648386162,22.48234996674271,-54.64640847353819,-35.22846930850398,19.417939165034205,-44.89233187225265,0.13732085670670988,-0.14547592389409036,892.4395904265771,-53.06388558444017,4.284849670500725,18.35993669879017,-62.5057644393857,-46.36032520258214,16.14543923680356,-52.720512639299926,-0.5214863888079142,-0.520720795610746,1061.2777116888037,1,1,1
-43.61666453441845,5.420192511644025,29.37848686328196,-54.6314345926159,-30.564389300856263,24.06704529175964,-42.07914131429435,0.0176822872665568,0.09137190085019453,872.333290688369,-47.924107518997886,4.198787964866108,17.629820373904476,-55.45008802585025,-39.317282915964135,16.132805109886114,-47.942924011739095,0.0676275048253408,-0.6095443671554124,958.4821503799578,-45.695611157430704,4.297676091959259,18.47001979139821,-53.68477245381543,-35.808799618994776,17.87597283482065,-45.952339104752284,0.3276566633093986,0.13111045416143208,913.912223148614,-53.11139330986879,2.994557730236956,8.96737599972191,-58.094674579170054,-48.08602604897145,10.008648530198606,-53.04783956658817,-0.019427734935271824,-1.1366476187971197,1062.2278661973758,1,1,1
-41.36938164849142,3.5361055662177954,12.504042575436475,-48.227575306234506,-34.85203232419762,13.375542982036883,-40.84370987107157,-0.24667877029070875,-0.6093702394709464,827.3876329698285,-47.13352471005042,4.758327284298168,22.64167854449638,-55.7948158346866,-38.989692690246216,16.805123144440387,-48.22252358391656,0.07409766841104062,-0.8042182173971253,942.6704942010085,-44.44055822700623,3.777771899390513,14.271560523824604,-49.42055315668354,-36.70164273369538,12.71891042298816,-45.50162274607934,0.6499047074532704,-0.8480588504568121,888.8111645401245,-53.06106266592568,5.181934831447494,26.85244859736877,-66.36099982410283,-45.03025907971956,21.33074074438327,-53.467140113623756,-0.41793002293957426,0.1837032537189387,1061.2212533185138,1,1,1
-41.21894085580754,3.676385389551569,13.515809532508243,-47.71443283842374,-33.14262817149528,14.571804666928458,-41.34311213025986,0.19893376938144716,-0.5147100590975366,824.3788171161508,-47.02881778557848,3.560706534608699,12.678631025605089,-53.48651200532571,-40.43319008444213,13.053321920883576,-46.762189099791485,0.03155117426854212,-0.7551625700168652,940.5763557115697,-45.25368620436544,3.7889770400744256,14.356347010211156,-54.39194847725669,-40.05468519443715,14.337263282819542,-44.97291068339479,-0.5680554660391082,-0.24497017207638372,905.0737240873086,-53.11125766029475,3.516827536092162,12.368075918616066,-59.771780444305406,-43.92043028342471,15.851350160880699,-53.52638882944606,0.2953412970630837,0.7106924018802205,1062.225153205895,1,1,1
-42.46879729579007,2.3199297695942174,5.382074135849479,-47.27122103213295,-36.46717144029707,10.804049591835877,-42.15857885346622,0.1320533366287191,0.8866899817029275,849.3759459158014,-47.1842860194737,2.3538591868865084,5.540653071690014,-52.4492418294662,-43.370065606128925,9.079176223337278,-47.46868468051004,-0.05740753797807982,-0.5216363790743532,943.685720389474,-44.54388350074642,1.7503352597869501,3.0636735216534503,-48.275055731648656,-41.521495100499585,6.753560631149071,-44.25936976047921,-0.2902554301710247,-0.5084857625624406,890.8776700149284,-52.562277811941314,2.5415211759249297,6.459329887674836,-56.61508294518218,-46.34353656250751,10.271546382674671,-53.23057893184016,0.9781436641833137,0.6421291607988451,1051.245556238826,1,1,0
-42.46481030648299,3.4750283457446627,12.075822003728886,-49.89468761740702,-37.89646189031875,11.998225727088276,-41.390046766585634,-0.32342621588410336,-1.0323684396260902,849.2962061296598,-48.5665915491693,4.190889131280024,17.563551710681033,-58.69829254693123,-42.71728597301642,15.981006573914804,-48.44771532195093,-0.83381151693884,0.3839154780554086,971.3318309833859,-44.7745770659513,3.5118350217983556,12.332985220329457,-49.866412727809845,-36.9965882729397,12.869824454870148,-45.25093134131298,0.7071666183168772,-0.13081752242011868,895.491541319026,-52.681522210378674,4.368091219612394,19.080220902854887,-60.77034192212338,-44.054445307298955,16.715896614824423,-53.41813514777766,-0.017380949004393114,-0.8602547736117692,1053.6304442075732,1,1,1
-43.09921080063813,3.5394325693653683,12.527582913084332,-52.36180257651621,-33.71191061206515,18.649891964451065,-42.96933251765625,0.15531727997461453,2.192814053951855,861.9842160127627,-48.69206438064554,4.281712580801958,18.33306262459777,-58.68369731890384,-43.00567758430538,15.678019734598458,-48.822541401689776,-0.7178994411337563,0.11570855685916825,973.841287612911,-44.76252186221704,4.549044256523971,20.69380364781373,-53.72913391861714,-38.45991437403633,15.269219544580807,-45.396386535897165,-0.08155732518413823,-1.121834179693427,895.250437244341,-53.137190900725216,2.604660792520764,6.7842578440948955,-59.74133289685055,-48.63948785716158,11.101845039688968,-52.73523680425073,-0.5351462405677235,0.08125989579229032,1062.7438180145045,1,1,1
-43.257494192878426,3.515339726675358,12.35761339394198,-48.98809216808692,-35.45629379179195,13.531798376294972,-42.93950187488848,0.17209574361869134,-0.523361558450619,865.1498838575686,-48.57383449914254,3.655646494292577,13.363751291233608,-58.558208063889595,-42.21247409598577,16.345733967903826,-48.43548343737503,-0.6588956074385697,0.7700306372810184,971.476689982851,-45.6942456665418,4.317718983419214,18.64269721977865,-51.99761071707845,-37.6633437282357,14.33426698884275,-46.35444587048647,0.3697058706274129,-0.9804495358585932,913.8849133308358,-54.06075695858108,4.0189534648500915,16.15198695263056,-64.58572105413907,-47.392590671569444,17.193130382569628,-53.32330188476101,-0.6986562438218334,0.3998066123019468,1081.2151391716216,1,1,1
-42.0873700492666,1.4876059047537618,2.212971327858258,-45.38758056924326,-40.04120761049096,5.346372958752305,-41.54858684090803,-0.5867213339081501,-0.722401756924357,841.7474009853322,-47.73644898413859,1.965021644962358,3.861310065170572,-51.05876579118779,-43.032562606167566,8.026203185020222,-47.80051676858726,0.4675440844545204,-0.3022044089736138,954.7289796827719,-43.91168258301911,2.3042752522988517,5.3096844383569355,-49.645852779305415,-40.001145613158,9.644707166147413,-44.17856206567015,-0.4098423091328344,-0.09781008705456218,878.2336516603822,-52.754268096887174,1.9956015021004079,3.9824253551854043,-58.18660924980361,-49.30168416488133,8.88492508492228,-52.72560569038018,-0.6018874914112876,0.8811721222125652,1055.0853619377435,1,1,0
-42.85072832698888,4.101224939628457,16.82004600543044,-50.701036800757294,-34.53418496210383,16.166851838653464,-42.57235037860076,-0.15772090207370565,-0.6639783382916518,857.0145665397774,-46.691064274271355,3.7477739409909456,14.045809512770806,-53.76048564692741,-39.68800214928516,14.072483497642246,-46.91797179721209,0.17636035669223427,-0.63039283952505,933.8212854854273,-44.48906545731953,3.801093165401682,14.448309252063378,-55.17064751941721,-36.43408273839773,18.73656478101948,-44.59618718272212,-0.6117459985825485,1.4196360392023823,889.7813091463906,-52.09504349316593,4.157674162392793,17.28625444062861,-59.29834831109234,-43.98889909523375,15.309449215858592,-52.000903881707444,0.07721987208011447,-0.6601019206405891,1041.9008698633186,1,1,1
-41.70392553489274,4.105298676794954,16.853477225694398,-48.92452351652719,-34.80009662632244,14.124426890204745,-41.184372848489,-0.02882702046279821,-1.073416049821009,834.0785106978548,-46.59541411355055,4.081673422835602,16.660057930682505,-57.316931536392275,-38.803483159147696,18.51344837724458,-45.91318429866293,-0.7137032370329921,0.7742364482747908,931.9082822710109,-44.948802286893645,4.504593353727277,20.29136128244395,-55.41463495131714,-36.792888483829856,18.621746467487284,-44.06076868082041,-0.1754595228538013,-0.15947829803333136,898.9760457378728,-54.15450674793063,3.8274456556867253,14.649340247235187,-60.32998947953647,-47.485094214675925,12.844895264860547,-54.530921164108435,0.07474125644598645,-0.9499320754969363,1083.0901349586127,1,1,1
-41.67731369341518,2.524255209040122,6.371864360366188,-47.692022167148494,-37.02404144052315,10.667980726625345,-42.01762199621413,-0.024527378253230685,0.047356724118911675,833.5462738683036,-47.841748404247895,2.4220302482523413,5.866230523449298,-53.865574821638155,-43.7528809968598,10.112693824778354,-47.506476365058,-0.5583512623061674,-0.010423110800855895,956.834968084958,-44.4060685907272,1.5937981169686433,2.5401924376527933,-47.10724331606464,-41.94626149700469,5.160981819059948,-44.26145428115815,-0.29234565204181007,-1.1102942945662755,888.1213718145442,-53.049735025795975,1.5353103822854286,2.3571779699534288,-55.63458777813973,-50.30064540849386,5.333942369645875,-53.69984146147655,0.37924617205776157,-1.063874373840677,1060.9947005159197,1,1,0
-42.574148258543964,5.2998067627060506,28.08795172202479,-51.19423725677329,-31.637998768085588,19.556238488687704,-42.98271166951839,0.3366627918840129,-0.5409961929445961,851.4829651708794,-47.754260571388265,3.7468461415626706,14.038856008543073,-56.909625170453474,-41.503274595782855,15.406350574670618,-48.17687507373674,-0.4963899571394485,0.06438601862246607,955.0852114277656,-45.17314446695419,4.533143909293419,20.54939370236402,-55.76971813274923,-37.9157188884048,17.853999244344436,-43.90315183360047,-0.3838342346901389,-0.24526764600147555,903.4628893390839,-52.19535863474708,3.8477027871452014,14.804816738204952,-59.22393677860747,-43.295917105678114,15.928019672929352,-52.201661535925055,0.31014103093319084,-0.1055647334646288,1043.907172694942,1,1,1
-42.32801354202043,3.5029524361856397,12.270675770178908,-48.23536868199317,-35.02753668104744,13.207832000945736,-42.484741582837984,0.25925757208014294,-0.43615678316168527,846.5602708404087,-48.66105559966091,4.627568861734875,21.414393570098202,-57.43638937932664,-39.65943322510261,17.77695615422403,-48.68284451426922,-0.14079024087007358,-0.6691605575781567,973.2211119932183,-45.035999850496324,3.3431035692432527,11.176341474686975,-52.76894024186963,-39.01836962589595,13.750570615973679,-45.46022795104804,-0.08770175203855671,-0.2786331026692026,900.7199970099265,-52.99873573916922,2.4757798498634034,6.129485864989656,-59.11094999745856,-48.595127180489285,10.515822816969276,-53.09400977709628,-0.31741341583462374,0.07675779965644391,1059.9747147833841,1,1,1
-43.55444891222702,3.661743613147666,13.408366288427723,-49.60877039597772,-36.96393746516966,12.644832930808064,-43.11553499869386,0.2738550663312182,-0.9805075376126298,871.0889782445406,-47.202796071534394,2.840606685084803,8.069046339348471,-51.7399909735139,-42.181617131765464,9.558373841748434,-48.2248863767364,0.2673468113742509,-1.1721020083516394,944.0559214306879,-45.248501519421225,3.478318586604439,12.098700189917903,-53.02816083551946,-39.345328190253774,13.682832645265684,-45.5389995509633,-0.18558893699534854,-0.45952287432507655,904.9700303884244,-52.93481600335523,4.25230958882689,18.082136839229115,-60.97562449529814,-46.03789527595097,14.937729219347169,-51.629700141092385,-0.5704299933475797,-0.5599706961514626,1058.6963200671048,1,1,1
-42.710361167312485,4.453203709184871,19.831023275497895,-50.70620582367818,-33.149734238938706,17.556471584739477,-42.57705547554414,0.15951123633013367,-0.8223402396839257,854.2072233462497,-46.256031948370854,2.778257246125386,7.718713325648212,-51.007039996753065,-39.64861323776473,11.358426758988337,-46.459609105484006,0.34554628060796433,0.009367792471056458,925.120638967417,-43.801411658849595,3.872863682342615,14.9990731020084,-48.53652757177308,-36.49080532839883,12.04572224337425,-45.184596623538965,0.5367553094007858,-1.1023916170982169,876.0282331769919,-52.409313384484086,4.300179301427328,18.491542024424028,-62.951750230163945,-44.388637904939785,18.56311232522416,-52.501771319061376,-0.33513532237620397,0.4354078526806111,1048.1862676896817,1,1,1
-42.173015507144825,4.358249441839763,18.994338197296603,-52.735201999163245,-34.185640790145825,18.54956120901742,-41.86242692182222,-0.3722611690609398,0.04548121000109173,843.4603101428966,-48.254652970112446,3.878037301591725,15.039173312536828,-58.29660184076526,-41.847952548407505,16.448649292357757,-47.23664471126975,-0.8587077954262657,0.374407113435566,965.0930594022489,-45.249282878349575,3.4795076453300173,12.10697345391004,-52.17979233221029,-39.79968849922275,12.380103832987537,-45.07376579277678,-0.23197528042424953,-0.7438707209956035,904.9856575669916,-50.712305503240835,4.045722865326695,16.367873503027248,-55.26708772510873,-38.86060825927792,16.406479465830813,-51.57172259429845,1.334249427687152,1.4216663579695004,1014.2461100648165,1,1,1
-43.620013355568496,4.234781155914706,17.933371438490294,-50.96133272601355,-36.96638600754223,13.994946718471319,-44.27876220414517,0.056922163585065265,-1.2237815546998252,872.4002671113699,-47.87332474973787,2.5671541908196653,6.590280639442971,-52.46066473050851,-43.022963100821904,9.437701629686607,-47.581590931848886,0.1080708531812829,-0.5666179716633648,957.4664949947571,-45.73670149827458,3.6208374733102353,13.11046400812765,-52.368754487516036,-40.791804478560756,11.57695000895528,-44.98596814553862,-0.2509340957200947,-1.2508645257116222,914.7340299654916,-53.29165414035295,4.462528417241102,19.914159874684376,-60.45884058704558,-44.67679531831842,15.78204526872716,-54.6421206609759,0.368216629917114,-0.9535470327309059,1065.8330828070589,1,1,1
-40.8580488348331,3.608400228471438,13.020552208832726,-46.33037495644026,-33.93025704590277,12.400117910537489,-40.76288965259387,0.279800434501009,-0.8019382632804066,817.1609766966619,-46.82110493398906,3.984690463808313,15.877758092364909,-53.3055781884433,-40.245162308525416,13.060415879917883,-46.641640439955665,-0.07466790858951758,-1.037291244292658,936.4220986797814,-43.32466513130964,3.75585366604407,14.10643676073668,-52.164657494378964,-36.39367919587223,15.770978298506733,-42.63330432404872,-0.3137827823636792,-0.19060277742373755,866.4933026261929,-53.774336097670755,3.61974191186009,13.10253150847654,-59.52634448803982,-46.8510861543485,12.675258333691318,-53.99242966043091,0.0510524613522596,-0.9949809323518561,1075.486721953415,1,1,1
-41.77171755645146,2.944398268017693,8.66948116070559,-47.204251164332945,-36.220749732071766,10.983501432261178,-42.316924801580704,0.38026188202611494,-0.7385390608911835,835.434351129029,-47.11629812064916,1.3987852997056753,1.9566003146726962,-49.927743324778916,-44.38077160737271,5.546971717406208,-47.12954893814988,-0.02736173739636962,-0.5319557436812454,942.3259624129834,-44.408723864729495,1.758149729228791,3.0910904703872712,-48.19695625155295,-41.06825105730829,7.1287051942446595,-44.52702254623843,-0.2543750840241343,-0.17051272890935953,888.1744772945899,-52.971901317104084,1.933704499931023,3.7392130930534875,-57.437910987597824,-49.70964524510568,7.728265742492141,-52.90786354962026,-0.46324365643416093,-0.10834086681592403,1059.4380263420817,1,1,0
-44.050573046924214,3.7760384465026924,14.258466349466465,-51.9951887084792,-37.4428401330047,14.552348575474497,-43.7796557609435,-0.2247472575583847,-0.5294712215063635,881.0114609384843,-47.43711964077347,4.090756507546794,16.734288804036442,-56.54064889284514,-40.22686074782472,16.313788145020418,-47.552385942420756,-0.5904577741754202,0.09035023950041632,948.7423928154692,-43.65392032473351,3.5315050876720484,12.471528184253563,-51.52471373349867,-37.383701780644124,14.141011952854548,-43.07686152020531,-0.5360070100111092,-0.18377863391909033,873.0784064946704,-53.80325816046125,3.98637699293992,15.89120152984072,-64.08961030445118,-47.322138660074614,16.76747164437657,-53.64304054123623,-0.7190813358512869,0.40221326417851744,1076.065163209225,1,1,1
-42.22065865780604,1.5036628369646037,2.2610019272684405,-44.49891900725598,-38.40072466196285,6.09819434529313,-42.504025877296996,0.7500315807597397,0.03530370123775883,844.4131731561208,-47.68768379228921,1.9580292394614491,3.8338785025859807,-50.626250255510854,-42.30741501213701,8.318835243373847,-47.27714989974112,0.6885093545895896,0.5692673117695057,953.7536758457843,-43.55709818117907,1.4534470554068515,2.1125083428708473,-46.4228825370755,-41.20975814615766,5.213124390917841,-43.427647909890396,-0.4158748643615939,-0.5323146512274168,871.1419636235814,-51.67763084083276,2.5225280438011435,6.363147731763224,-58.54698485072415,-47.52790947915493,11.019075371569222,-51.05340015487225,-0.8318157463254853,0.5623183505689315,1033.5526168166552,1,1,0
-41.056870289178455,4.382639062920845,19.2075251558397,-50.06600712298126,-33.30905254571355,16.756954577267713,-40.52290005171179,-0.07961267321064627,-0.6933476330605082,821.1374057835691,-46.49442901410633,2.857459156500299,8.1650728310674,-51.95611030705912,-40.40259658857749,11.553513718481632,-47.18938138053508,0.3221811291774169,-0.2427244354957514,929.8885802821267,-44.69930764477753,3.6000468350657457,12.960337214666893,-52.649437083724465,-37.42679124999811,15.222645833726354,-44.58460471374546,0.05221477767095339,-0.1906421750024383,893.9861528955504,-53.44008252531263,4.633279928399751,21.467282894911996,-60.7393543634762,-43.93000642345512,16.809347940021084,-52.23927130634972,0.17428572274062393,-0.9048790269092848,1068.8016505062526,1,1,1
-43.75688659945045,3.197891657748429,10.226511054696996,-49.36401621501325,-36.89196287046534,12.47205334454791,-44.16169076750246,0.4616282256111023,-0.32477057716353164,875.1377319890089,-47.65626850574545,3.4507609869476146,11.907751389039676,-53.991507375687355,-41.126440953465995,12.86506642222136,-47.7081981254456,0.08115093793986797,-0.4945936287122721,953.125370114909,-43.15673909381513,2.929083448467907,8.579529848088647,-47.39486319974349,-37.84944481676433,9.545418382979157,-43.589521002330166,0.33374711453285677,-1.0764067847744871,863.1347818763027,-52.45714489925848,4.128356504458314,17.04332742790327,-60.49484897037331,-44.33724126132975,16.15760770904356,-52.71458186837291,0.015622964256451908,-0.5795815030080669,1049.1428979851694,1,1,1
-42.4605159816824,4.395816002910928,19.323198331447813,-48.80855952916389,-31.297750873810468,17.51080865535342,-43.00020265526565,0.6616304097380558,0.33203293057136696,849.2103196336479,-47.29993652209056,3.1036086482099923,9.632386641243857,-56.52191462724173,-43.295488925276885,13.226425701964843,-47.168158896578745,-1.1941454683414423,1.582372212036188,945.9987304418112,-44.43151901131414,3.1053364219866664,9.643114293716952,-49.47498975125134,-38.59171352296514,10.883276228286206,-44.718868358818185,0.06768863194451019,-1.1028040226443439,888.630380226283,-52.58881296285563,3.740598530513946,13.992077366483093,-58.186933600929564,-46.89764701275199,11.289286588177575,-53.499250107048844,0.1320149440762586,-1.4690771036366204,1051.7762592571125,1,1,1
-40.73161712996871,4.0909005331730235,16.735467172315325,-48.8855106496889,-32.52045334534665,16.365057304342244,-40.6346999459746,0.05117403628659808,-0.7025133468382534,814.6323425993743,-46.405807111461115,4.918280182377119,24.189479952363506,-55.229400253472704,-36.70640982367474,18.522990429797964,-47.08019891086334,0.05958780379692346,-0.7329359367148118,928.1161422292223,-45.71622935139353,2.443298478977822,5.969707457375337,-51.36334335109507,-41.03809728098227,10.325246070112797,-45.197315940435686,-0.7069691008635933,0.39771527603157875,914.3245870278707,-52.477811033316435,4.219404647353662,17.803375578109684,-58.48354867141468,-42.79293869616184,15.69060997525284,-54.41308178682873,0.7448489325045516,-0.5154292795430928,1049.5562206663287,1,1,1
-43.25262673227796,3.972608300611436,15.78161671008688,-50.90911136637132,-34.69635601057664,16.212755355794677,-43.06891474241336,-0.02792042118620136,-0.4228965508559379,865.0525346455593,-47.90821756978187,3.3806157396101186,11.42856277889967,-56.761414876092964,-41.793554511585974,14.96786036450699,-48.455381798516214,-0.42215089869789707,0.3878256915509928,958.1643513956374,-44.51202213069452,3.8615155551908016,14.911302382980523,-52.161503206314976,-38.12729330527937,14.034209901035602,-44.23643805177963,-0.25014213877799546,-0.7124509631358289,890.2404426138904,-52.75677711910532,5.129751593576549,26.31435141180115,-63.06332040403887,-42.82806054028451,20.235259863754358,-53.5052327250384,0.3211382062797625,-0.2568173256781092,1055.1355423821067,1,1,1
-41.93974925486973,3.6502153838877813,13.324072348771022,-48.16071880276969,-35.10524426106075,13.055474541708946,-41.95968577897034,0.23310164668968636,-0.8225327316680957,838.7949850973946,-47.180764476876206,4.1059710854636835,16.85899855466382,-55.091744202307304,-38.69853005973954,16.393214142567764,-46.865815251281056,0.09746019717781658,-0.1794773932593201,943.6152895375241,-43.42619597402448,4.087536686026669,16.70795615961389,-51.82526172768678,-36.327506364781016,15.497755362905764,-42.65225068372098,-0.1730083127301941,-0.6957359135043646,868.5239194804898,-51.82368323730134,3.9191548547515698,15.3597747755228,-59.516485970234484,-44.317041476146244,15.19944449408824,-51.50571106439813,-0.039400728161802054,-0.49973119612507544,1036.473664746027,1,1,1
-42.560435768006,2.053085209470174,4.215158877345187,-45.73487861799925,-38.66113839565678,7.073740222342472,-43.33550278553707,0.2690872506537414,-1.2369296810748418,851.20871536012,-48.78810105258974,2.2037531747353345,4.8565280551560654,-53.009024162582044,-44.45578805331592,8.553236109266123,-48.968930566607995,0.09354662832223914,-0.7079734511844022,975.7620210517946,-45.236594727307306,1.8436346251718894,3.3989886311326933,-48.03619282984241,-40.84139074992766,7.194802079914751,-44.77429049187762,0.19974643895891955,-0.2149047648544955,904.7318945461461,-53.915950011166046,1.8252048850623952,3.3313728724556313,-57.122774951516654,-49.93717841638224,7.185596535134415,-54.35312947945283,0.8165002933064616,0.17676944386955284,1078.319000223321,1,1,0
-44.77464706209993,3.7244204546278077,13.871307722850005,-52.108093658583705,-39.528467343483186,12.57962631510052,-43.70104116394664,-0.4411465902240902,-1.0481670132865573,895.4929412419987,-47.876800521501444,4.81584529803293,23.19236593458588,-59.31591573865827,-36.98502167312533,22.330894065532938,-47.87825165907904,-0.22430706845178064,0.5149136913090318,957.5360104300289,-47.25828000978232,2.7607680788406994,7.621840385145767,-52.05478820319037,-41.44561320082556,10.609175002364807,-47.24887373935482,0.15433632439498593,-0.778255415432421,945.1656001956464,-52.699879481571045,4.52916247628601,20.513312736597225,-64.85808315756444,-42.59836447902465,22.259718678539784,-53.790142441395965,-0.2190879902309669,1.2010298366809762,1053.9975896314209,1,1,1
-43.729309903082296,4.230449638329468,17.896704142441926,-53.35582202454922,-35.33764568469434,18.018176339854882,-43.67889209619946,-0.06883957347909526,0.13142599226144647,874.586198061646,-48.31455599747447,4.436992104413834,19.686898934630705,-56.60969333387491,-40.99485500026325,15.614838333611658,-47.29719763702829,-0.2425738812118283,-0.8880725376420697,966.2911199494893,-44.431950276511294,3.581881701734291,12.82987652521894,-49.82576452900588,-36.59664275282192,13.229121776183959,-45.32090256615635,0.3313091188838819,-0.877329821778194,888.639005530226,-52.579332630254996,3.3293354562761337,11.08447458041741,-58.983380686117584,-45.800820490009016,13.182560196108568,-52.604031693944535,0.020741353790356354,-0.6810413740962438,1051.5866526051,1,1,1
-43.04468852344573,1.9451378868580482,3.783561398890593,-47.231107546483145,-40.06696623513713,7.164141311346015,-43.111320466631376,-0.2719485681985974,-0.6546119719937082,860.8937704689145,-47.88757326799033,1.4254275338052538,2.0318436541301277,-50.736420142815795,-45.630300244285436,5.106119898530359,-47.69695956887947,-0.4518061021387476,-0.6574829428980768,957.7514653598064,-45.00932878616324,1.6847158359949912,2.838267448052302,-47.92863400547065,-42.18046504099026,5.748168964480385,-45.34174671262804,0.172488466398039,-1.192527903850665,900.186575723265,-52.04815156633566,1.902726238654766,3.6203671392653143,-54.71079158893029,-48.53690335607629,6.173888232854004,-52.353802553126144,0.42057357751505114,-0.8346011839942702,1040.9630313267132,1,1,0
-41.87115406412714,3.510811496551352,12.325797364317143,-50.177658794426925,-36.36303718075906,13.814621613667867,-41.03630004164474,-0.5835062020523323,-0.4584935797188501,837.4230812825429,-47.28552747705928,3.8063344440141127,14.488181899688223,-55.65532362832332,-42.564001097969346,13.091322530353978,-46.34635804468283,-0.8358958084686434,-0.2573787548273807,945.7105495411856,-42.83459158905501,3.683954882594505,13.571523576991893,-51.69589080677744,-35.38699563272142,16.30889517405602,-42.473175682459164,-0.308563567713525,0.028601566523417166,856.6918317811002,-52.82949781103484,3.698034841077979,13.675461685826633,-59.0849098730085,-45.44736920030943,13.637540672699068,-53.095486774901744,0.24091605718168613,-0.7873847584072391,1056.5899562206969,1,1,1
-42.935084764083655,3.5107467944358848,12.325343054641841,-48.56681230454767,-36.87771810275534,11.68909420179233,-43.71558491523487,0.14258899422264096,-1.0908760887726918,858.7016952816732,-47.99813214828484,4.394513045908857,19.311744910663144,-55.725741291927335,-37.907472170878016,17.81826912104932,-47.61707256363036,0.0455890922079347,-0.2927707999646856,959.9626429656969,-43.62083773338798,5.059965169434821,25.603247515893553,-52.49999495510656,-31.13665022542839,21.363344729678168,-42.671355337656756,0.35577401324403385,-0.030207974419809602,872.4167546677596,-51.84282466931859,4.114088328992511,16.92572277875239,-57.69470658695557,-43.50712262405501,14.187583962900561,-52.32335038417045,0.3684493902368387,-0.8478362833885442,1036.8564933863718,1,1,1
-43.39842084711146,1.6754329012955254,2.8070754067435417,-46.419606956593626,-38.60547886296724,7.814128093626387,-43.01059026676981,0.5553773754597414,1.502106267022027,867.9684169422292,-48.78396150952292,1.450587131202567,2.1042030252104937,-51.190761855343865,-45.60211257031546,5.588649285028403,-48.968691090190504,0.16265032989228492,-0.6614017224585864,975.6792301904584,-45.233644342961284,2.418340173720865,5.848369195832264,-50.32220680989322,-40.11610265312674,10.206104156766479,-45.24115185083327,0.04732526632124447,-0.002083971400059337,904.6728868592256,-53.29759110783009,2.464403874840142,6.0732864583271065,-58.237664778860996,-48.464098093989904,9.773566684871092,-53.52250358932204,0.04166417494462708,-0.6820225800138284,1065.9518221566018,1,1,0
-39.70595835842471,4.870469645491849,23.721474567657502,-48.36636791756187,-30.0,18.366367917561867,-39.761547094646644,0.183874278186052,-0.7753909826271452,794.1191671684942,-47.03657611907383,4.061082656271325,16.492392341067763,-56.977453759754816,-40.03490817973298,16.942545580021836,-46.537249172814015,-0.5218337291046832,-0.06539739311739101,940.7315223814767,-44.98538667901337,3.1064404787795046,9.649972448199836,-49.98967204090829,-37.688479714701735,12.301192326206554,-45.14038781209135,0.2705647232418735,-0.004123155628846575,899.7077335802672,-51.440227758190396,4.407720863770927,19.428003212921528,-58.38788768481906,-42.52069751006091,15.86719017475815,-52.01689422236207,0.4030556928562235,-0.6123582246874859,1028.804555163808,1,1,1
-43.649790789265424,3.805127327102789,14.478993975464416,-51.34004571165895,-35.15330155664111,16.18674415501784,-43.792849392190995,0.26410911810842946,0.1111513249931364,872.9958157853084,-48.76876355398903,4.41282863587183,19.47305656957044,-58.7386920175463,-40.903245057536274,17.835446960010024,-48.81962524803298,-0.3416142740213286,-0.31019071397885467,975.3752710797805,-47.26489896768102,4.464419816689905,19.93104429965353,-53.65299781486923,-39.92385095339827,13.729146861470959,-46.20104678601952,0.054817722086208415,-1.3612699085639433,945.2979793536202,-54.51160561222946,3.1795679627507094,10.109652429750698,-61.045967193209115,-49.58011598116103,11.465851212048086,-54.05324857528232,-0.4827765457676385,-0.7062923369560541,1090.2321122445892,1,1,1
-42.22873760526755,1.867232353458136,3.4865566618008095,-45.441798356383394,-37.58436661564047,7.857431740742925,-42.30941089220062,0.4543561148819522,0.08791436825690546,844.574752105351,-47.96609412642832,1.7988412589935343,3.2358298750574432,-51.228017269747596,-43.64619839450556,7.5818188752420355,-48.12129768173061,0.5931694619384563,0.24855869110472728,959.3218825285662,-45.30576790710196,1.7874312395352006,3.194910436066343,-49.40883385743222,-42.055964755376586,7.352869102055635,-45.5147942254972,-0.1457429205937802,-0.08301694934861947,906.1153581420392,-52.528224566204116,1.8924198288876668,3.5812528087672257,-56.471970858558784,-49.06964742043342,7.402323438125364,-53.061718279294865,0.14190420596878522,-0.49056307561596935,1050.5644913240824,1,1,0
-43.23654415200813,3.4293294164926507,11.760300246821824,-48.41735643239455,-36.84746764544205,11.569888786952497,-43.30527307865713,0.18673945114659496,-1.1070503903530569,864.7308830401627,-47.25405029590128,3.7740826424324205,14.24369979190968,-53.971856897700434,-40.4785238359467,13.49333306175373,-47.67253322063013,-0.0645881391199416,-0.9454380046115327,945.0810059180255,-46.02439902827567,4.2712044143356955,18.24318714904073,-56.401784710094965,-36.69545663954344,19.70632807055153,-46.542434730320565,0.05306120989453327,0.5678584900483101,920.4879805655132,-51.455244456330966,3.7266632116535328,13.888018693091823,-58.63023981818786,-45.23153415843126,13.398705659756601,-52.0128813998437,-0.08876504056321943,-0.9783604567599644,1029.1048891266196,1,1,1
-43.18521356462239,4.745114484203762,22.51611146820033,-52.42156780147579,-30.0,22.42156780147579,-42.99415636611582,0.607067751926628,1.112767328947987,863.7042712924476,-47.58818194544192,3.9325122885355266,15.464652899482925,-56.287390607184896,-42.54655210671686,13.740838500468037,-47.32651096403853,-0.5451443258175828,-0.6878133926796339,951.7636389088384,-44.00463579261874,3.5684528204037194,12.733855531447258,-50.77523425618678,-35.33905273662543,15.436181519561345,-43.78942849457863,0.25360698333118376,0.03999508423254072,880.0927158523747,-52.68317635813712,3.7579881769197154,14.122475137868367,-61.64639987061325,-47.278136093920196,14.368263776693055,-53.06809324767564,-0.40818913591525885,-0.4330319281210442,1053.6635271627424,1,1,1
-40.361470491874584,4.604981438853833,21.205854052188318,-49.087044724266136,-33.63985024347844,15.447194480787694,-39.36734485447357,-0.41859617550324396,-1.0704111615722434,807.2294098374917,-46.435027782790456,4.469215557236229,19.973887697042336,-53.664332988142746,-36.763654273785946,16.9006787143568,-46.180881586699506,0.31141622400171876,-0.5919671644774964,928.700555655809,-43.48258460141993,3.591753474637963,12.900693022573881,-51.951643738544,-36.82701113968729,15.124632598856707,-43.37022246434956,-0.23419120180794026,0.11210779917694325,869.6516920283984,-50.50810523903869,3.958230196082366,15.667586285178245,-58.24426533485688,-41.43542997274845,16.808835362108425,-51.662316476115336,0.5003473533387522,0.01689914445596674,1010.1621047807738,1,1,1
-42.30159129977929,4.131721316207615,17.071121034804392,-49.812983695559424,-33.027453959575524,16.7855297359839,-42.50500333840755,0.23306871407420512,-0.34519061298946685,846.0318259955858,-49.45450805105308,4.5808718074009365,20.984386515840725,-58.618004871218396,-43.744404165235345,14.873600705983051,-49.19356994665029,-0.5838882296811463,-0.6258574800959669,989.0901610210617,-43.056784996968595,3.0998157995634723,9.608857991223328,-50.0507843928988,-39.59861807030086,10.45216632259794,-42.47315835688448,-0.6208782891060357,-0.8257380989314842,861.135699939372,-52.2509877051264,3.9790976076842277,15.833217771478346,-60.499198274924986,-43.59453942624545,16.90465884867954,-52.61446463919599,0.13521471263763074,-0.339220754381063,1045.0197541025277,1,1,1
-40.391581014782474,4.3488108662913785,18.912155950773972,-45.85792124490452,-30.0,15.857921244904517,-41.489260791349984,0.7019721077201585,-0.10050600185547198,807.8316202956494,-44.74534311660879,3.809355228113504,14.511187253955686,-53.69172922055115,-39.82728484656053,13.864444373990622,-44.133783202643286,-0.7729249472818407,-0.2718011401106164,894.9068623321756,-42.50846574336691,3.6496196090356405,13.31972329065746,-48.77150685102405,-36.68881039291199,12.08269645811206,-41.47864755646491,-0.3704013175282037,-1.0241125167999061,850.1693148673384,-51.947296144242706,5.085045867128626,25.857691470801917,-61.83875126373562,-41.3700277602246,20.468723503511015,-51.836729570028496,0.11137316024623593,-0.5399262212776521,1038.945922884854,1,1,1
-42.384438511037956,2.4921922510099255,6.211022215993919,-46.91318327933714,-38.9063703832121,8.00681289612504,-42.18047589977995,-0.33222587997838327,-0.9721170750418224,847.6887702207591,-48.00893935191469,2.067456122600151,4.274374818876851,-51.6347653504937,-43.101511959351996,8.533253391141706,-47.895560540710676,0.1884717738681434,-0.016416594265031392,960.1787870382938,-44.69902617068506,1.925507480039071,3.7075790556864137,-49.61682069797422,-41.032426653115934,8.584394044858286,-44.55908829893703,-0.2841668237179075,0.5172980819037298,893.9805234137011,-53.58399256080943,1.5530976991950787,2.4121124632450472,-56.67648726818585,-51.23508475691841,5.441402511267441,-53.431575454210744,-0.2829605996049245,-0.6636987706497641,1071.6798512161884,1,1,0
-42.580861963157034,4.189127862497304,17.548792248351226,-52.60727695744538,-35.806056474978355,16.801220482467023,-43.100844655876536,-0.21049846769168631,-0.06407815295945296,851.6172392631406,-47.524714648794074,5.094668868585228,25.955650880531486,-59.203407661752806,-38.56528628689262,20.638121374860184,-46.58932780629058,-0.7747286110988986,0.2796602123474159,950.4942929758816,-44.498050810233586,3.4589268536945332,11.964174979209162,-50.198687954720555,-33.55027020491721,16.648417749803343,-44.692636956154715,1.2249110136050827,2.712292031738958,889.9610162046718,-52.674763339138806,2.6446591554871532,6.9942220487020235,-57.95677166678283,-47.719230160057435,10.237541506725393,-52.46605477441451,-0.16224626326033786,-0.45665547230795767,1053.495266782776,1,1,1
-40.93357730903947,3.6598884602838266,13.39478354171872,-47.0479670513173,-30.0,17.0479670513173,-41.134002574737245,1.0711556740588248,1.8099166425560522,818.6715461807894,-46.713174470395664,3.6021322059790895,12.97535642935178,-52.71405239371552,-40.21302138751147,12.501031006204052,-46.80220046438899,0.32839715635714456,-0.6472617894178931,934.2634894079133,-44.1991837420416,3.914837858174118,15.325955455793316,-52.72356182313197,-38.037126406306996,14.686435416824978,-44.381803867135716,-0.05064654210406643,-0.6423035565084971,883.983674840832,-53.72218725623177,3.5964362254216247,12.934353523524944,-62.72343123511159,-47.38647087494112,15.336960360170472,-52.90296433752037,-0.9411664352648665,0.6275392573407426,1074.4437451246356,1,1,1
-42.84805165796349,4.670684046240145,21.81528945980221,-48.50235756677008,-33.38748031479279,15.11487725197729,-44.17742505840181,0.8507748086218291,-0.5428373023427011,856.9610331592697,-47.977150634112,4.019322534700165,16.15495363794856,-56.200328432285644,-41.503289538982145,14.6970388933035,-48.32942293333731,0.0087097717643402,-0.8841980829602978,959.54301268224,-43.69626800232969,2.743874251826684,7.528845909837443,-48.7503334437167,-38.23249843036599,10.517835013350705,-43.315205093258115,0.033885676810767755,-0.7522541673606984,873.9253600465937,-52.466075870879365,4.026341577080439,16.211426495326595,-59.48971356166558,-45.53467130268136,13.955042258984221,-53.26498964290054,0.0681531626647241,-0.9960946692286572,1049.3215174175873,1,1,1
-43.11925625796836,4.407851624525315,19.42915594383046,-51.74744942575159,-34.245666151266434,17.501783274485156,-44.17705381407019,0.2868785577781987,-0.36940383204015514,862.3851251593671,-46.312666260020706,3.4517353545965173,11.914476958171546,-53.1169852251244,-38.84676227827337,14.270222946851035,-45.59190431970114,-0.07272718913025196,-0.39264763884179477,926.2533252004143,-45.607397687387575,3.55866715815771,12.664111942550269,-51.01865124441862,-39.99734834594566,11.02130289847296,-45.51922911063204,-0.028628062515789456,-1.183365935676751,912.1479537477514,-51.47911284450381,3.226537216039657,10.41054240648894,-57.94455754778836,-46.984278926848944,10.960278620939413,-51.284066121183116,-0.49958500024275804,-0.9382221716429777,1029.5822568900762,1,1,1
-42.62635712100435,3.295703289594548,10.861660173044324,-47.673480898209355,-36.719986735629384,10.953494162579972,-42.74217753355744,0.06397396743202398,-1.1460986155831578,852.5271424200869,-48.75953788501557,3.7024563181976093,13.708182788161398,-54.64414460939162,-40.88985096867027,13.75429364072135,-48.826137949458314,0.4304452208012703,-0.5299901794034536,975.1907577003115,-44.41380763174591,4.534361111363657,20.560430688247052,-54.520440215573835,-37.51532930411461,17.005110911459226,-43.2206516650164,-0.6027862627344417,-0.17904002760979276,888.2761526349182,-52.333099134903044,3.530136923013015,12.461866695219799,-58.904593462175995,-47.07748487395741,11.827108588218586,-51.76658942370595,-0.43589093375166366,-0.8531684799687933,1046.661982698061,1,1,1
-41.863423326000316,1.974588137247506,3.898998311758576,-45.47067505446636,-38.66443362025815,6.806241434208211,-42.15771420836181,-0.0577919027417688,-1.23095571622588,837.2684665200062,-47.41501149509609,1.6473231118903886,2.713673434968234,-50.67155379713891,-44.90355557369062,5.767998223448295,-47.086578723893766,-0.2935521122176742,-1.0236794558947042,948.3002299019217,-44.38762017201308,2.203746354465337,4.856497994819262,-47.77167405889999,-39.50348895829802,8.268185100601968,-44.46881474523827,0.3277351860176267,-0.6809145388300792,887.7524034402616,-52.59508696782702,1.909487558660679,3.64614273667992,-55.825126223271106,-50.198317120058334,5.626809103212771,-53.00331549319026,-0.08628786094853794,-1.4482705862496341,1051.9017393565405,1,1,0
-42.570087812185434,4.5413572585286754,20.623925749591088,-52.00829092315399,-34.65708178728005,17.351209135873944,-42.15907977472261,-0.1533856991791448,-0.7141763522579527,851.4017562437087,-48.698903386748,3.8305183937869445,14.672871165140114,-55.64431529044955,-36.94494443332925,18.6993708571203,-48.93658727709355,1.0324917037136938,2.3435820982150943,973.97806773496,-46.12091810009353,4.294123085875154,18.439493076645952,-55.7257031899663,-38.80295515201597,16.922748037950335,-45.44630561353776,-0.5681669035977956,0.14253097378735147,922.418362001871,-53.837706675225604,4.493613677578603,20.192563883321494,-66.87872335620263,-46.43434702423817,20.444376331964456,-52.36152078806418,-1.4239347746135296,2.0887193105912667,1076.754133504512,1,1,1
-42.238169266563304,2.1971321993978488,4.827389901630828,-46.0333542462227,-38.421119809705814,7.612234436516886,-41.633744870135686,-0.27432899653738085,-0.9509695753860501,844.7633853312659,-48.31987215475618,2.1098378371607134,4.451415699114997,-53.02571503275425,-43.71087634366359,9.314838689090656,-48.01927886830933,0.0042528832511391414,0.22820825345804696,966.3974430951234,-45.085304259735466,1.4151391514776996,2.0026188180450237,-48.41778940020137,-42.92392517426732,5.493864225934054,-44.85218592408431,-0.7546729486377579,0.03473516812219435,901.7060851947094,-53.37283218378484,2.152244024181611,4.632154339625455,-57.39906883039831,-49.83832298167951,7.560745848718803,-52.87547526260799,-0.3488397940785305,-1.037031384493975,1067.4566436756966,1,1,0
-41.65050785257225,3.7504500637038563,14.065875680336259,-48.07503731764086,-35.04291495989229,13.03212235774857,-41.06658458162289,-0.16908065995260807,-0.996260780234683,833.010157051445,-47.32398346223928,3.9573520364468777,15.660635140370252,-56.283478111582326,-37.49831423476637,18.785163876815957,-47.724703420469886,0.17918767747213132,0.8241014415371102,946.4796692447858,-43.91113257920284,3.844887269680064,14.783158116547819,-49.62233537107719,-31.48572863431576,18.136606736761433,-44.46888412840062,1.3476995933619023,3.0672606712061388,878.222651584057,-50.709325246892874,4.5070362246492435,20.313375530300505,-60.90908190000412,-43.93914775733283,16.969934142671285,-50.75369403290722,-0.46072754812456607,-0.4140940693482853,1014.1865049378574,1,1,1
-42.37349012922855,3.467523066511461,12.023716216789046,-49.77092513854543,-36.3453302365412,13.425594902004228,-42.13709114090624,-0.2625508218870623,-0.5727884292690062,847.469802584571,-48.12494423277904,3.6365864823721683,13.22476124377198,-55.85242822281449,-41.80124852563855,14.05117969717594,-46.96543712673687,-0.31678861620740834,-0.7519421165189817,962.4988846555806,-44.53786133583141,3.5346964849280686,12.494079240562844,-50.69204570910155,-38.21078463386622,12.48126107523533,-45.01365842896469,0.22151743055852097,-0.9826395981540723,890.7572267166283,-53.24854717701321,4.541728790232325,20.627300404025178,-65.44898889540568,-45.73017400626543,19.718814889140248,-52.07679616603764,-0.8043777045633898,0.5343431554836267,1064.970943540264,1,1,1
-42.20931427831965,1.9016885178404574,3.616419218886236,-45.619656238984696,-39.37486554679488,6.244790692189817,-42.179360938836304,-0.14355244675476386,-1.1018616667382803,844.1862855663932,-47.13164447047133,2.93224023325291,8.59803278550708,-53.59869083126501,-38.81520449685068,14.783486334414327,-46.922827656370146,0.3802853484109414,2.03238389161805,942.6328894094268,-43.96986294395985,2.45681899195638,6.035959559237563,-47.99587885634524,-39.25225034402888,8.743628512316363,-44.32178214228446,0.21828910275510766,-0.7068330815739179,879.3972588791972,-52.364454203109496,2.039347122965038,4.158936687945777,-56.65941223278706,-47.75452229272997,8.904889940057089,-52.396495345262665,0.3726538569600134,0.08080946519624677,1047.2890840621899,1,1,0
-42.38561613694081,2.3171832899731295,5.3693383993306965,-48.08231057307981,-38.64241840345122,9.439892169628592,-42.097227739315855,-0.5161174888655922,0.08313478268373808,847.7123227388163,-48.33440776907299,1.8892336767921345,3.5692038855255275,-52.643151602349405,-45.38355269476598,7.259598907583424,-47.986490122736875,-0.38770350311926755,-0.5195097466913334,966.6881553814596,-44.49371667540151,1.5869052850886158,2.518268383842181,-47.272215589923626,-41.64084670603202,5.631368883891604,-44.75161237186711,0.05183126134483535,-0.8760457979212912,889.8743335080302,-52.613908204112604,2.0456914199790726,4.184853385775994,-55.90740232730547,-48.2239883845388,7.68341394276667,-52.96255556922869,0.31504299973564714,-0.7443772867228078,1052.278164082252,1,1,0
-40.15388824979123,4.141213779221995,17.149651565218118,-47.83426370484374,-31.20185661790833,16.632407086935412,-41.3781740402578,0.5473038598317168,-0.09996971080490846,803.0777649958247,-47.63166677883364,4.016297929323989,16.130649057092164,-52.807559619181,-40.80945419565177,11.998105423529232,-48.770479154550756,0.4241094200694399,-1.292791268466534,952.6333355766728,-43.985852702162376,5.174858344916724,26.779158889954253,-52.46113023339983,-32.868196095793024,19.592934137606804,-44.2609503558063,0.374630422534042,-0.4998189936174544,879.7170540432476,-52.88534732977854,3.9036319270513165,15.238342221894376,-58.77916129300641,-45.82785544537419,12.95130584763222,-52.76518860344156,0.035806574877630684,-1.129688889254226,1057.706946595571,1,1,1
-43.94253537261882,3.6004614392757737,12.963322575711777,-50.832959045053705,-36.39795903033227,14.435000014721439,-44.01099497071567,0.05251898713277399,-0.18150864774080455,878.8507074523764,-49.00954777296237,5.229394885642367,27.346570869982543,-59.41694750755207,-40.556174755898724,18.860772751653343,-49.01583447701791,-0.25659091383713056,-0.9246871235139476,980.1909554592476,-45.724624509852696,3.3983180109968627,11.548565303865672,-52.736761929686445,-39.620843946945065,13.11591798274138,-44.98176206110698,-0.09119713130099352,-0.7288265583266758,914.4924901970539,-52.011152155585556,4.164546577663744,17.343448197530805,-59.813134798209546,-43.570230390205076,16.24290440800447,-52.15749002969276,-0.027693178968914732,-0.5767655912241172,1040.223043111711,1,1,1
-40.9475166872974,3.5781256577144704,12.80298322239461,-46.63337993586376,-35.18820573555234,11.44517420031142,-41.79656968252013,0.2322650214556857,-1.2063531660048183,818.950333745948,-47.502658334728146,3.927337339016334,15.4239785744319,-54.337569834070976,-42.0177791002704,12.319790733800573,-47.182257131255454,-0.3603853767478441,-1.0447007937447357,950.0531666945631,-43.49892325900065,4.09265961507575,16.74986272487198,-49.100813873098666,-33.716653530524326,15.38416034257434,-44.45210983485636,0.7013926114639533,-0.2278581437116518,869.978465180013,-50.535801623633134,4.409456902495533,19.4433101749655,-57.01990600366812,-41.95782700943121,15.062078994236906,-50.63235004144505,0.29153725459421587,-1.0869585435360771,1010.7160324726626,1,1,1
-41.40184706920202,4.174621991887776,17.427468775153063,-50.39715055849066,-33.07690457980315,17.32024597868751,-42.20304162737895,0.03719594824798114,-0.20759486318746045,828.0369413840401,-47.133641764993556,3.4283153423263,11.753346086429897,-54.49871502084715,-42.22482899397443,12.273886026872724,-46.71859031596125,-0.7154376617417427,-0.10785302824109966,942.6728352998709,-45.16436852832008,3.5031933050661817,12.272363332660518,-52.43220349961488,-38.41162864938507,14.020574850229806,-45.39375740899229,0.04240518183013677,-0.3374703174828739,903.2873705664018,-53.341985090571484,4.3286178447774795,18.73693244612603,-64.6392740216081,-47.79888111894173,16.840392902666373,-53.217116417179795,-0.678140609056059,0.29631587320365727,1066.8397018114297,1,1,1
-41.90348302598302,3.2138794864372215,10.329021353341979,-48.707865609063965,-33.98400408051276,14.723861528551204,-41.44254764535472,-0.12997841110805947,0.9730455823098265,838.0696605196606,-46.63777634851697,4.450076055461587,19.803176899392554,-57.5372804213851,-37.91103313406849,19.62624728731661,-46.006731088482354,-0.510962352891481,0.28369505560529795,932.7555269703396,-45.937357222203595,4.843848112626665,23.462864538196904,-54.678065230742334,-38.21457208655121,16.463493144191126,-45.98888647857582,-0.08578100730799455,-1.1029050801318574,918.7471444440719,-50.715873344732806,3.1891772011551973,10.170851220368098,-55.87639897183916,-45.00041443134417,10.87598454049499,-50.73698132839252,-0.04549523096372025,-1.162946266792901,1014.3174668946561,1,1,1
-41.674543063927906,3.9545698453855582,15.638622662032759,-48.25897396864651,-33.22905625193221,15.029917716714301,-42.34838309983057,0.4180764410862379,-0.5004934309725599,833.490861278558,-48.87239703725939,4.447671164383093,19.781778786484857,-57.412249855458995,-39.18177917247925,18.230470682979742,-47.91488375544532,0.08366094243308422,-0.3994381171492405,977.4479407451878,-43.42682576646091,4.0763830373668135,16.616898667331885,-52.09234510105472,-35.90906929931482,16.183275801739896,-43.95435026867278,0.031208933168630826,-0.4396589330142793,868.5365153292184,-51.20125562987262,3.655493838760832,13.362635205218401,-57.794151806273305,-40.814445899896874,16.97970590637643,-51.56859991774739,0.9335076895569697,1.3436419797635475,1024.0251125974523,1,1,1
-41.20466266597759,3.917293162930531,15.345185724342286,-47.07635428805349,-34.128526742148544,12.947827545904943,-41.57518351777656,0.22856699058062474,-1.2231756265382592,824.0932533195516,-48.2060335028436,2.7839162151142736,7.750189492776181,-53.795589467854214,-42.95431995188816,10.841269515966054,-48.58122553999188,0.021024493158473326,-0.5089528358256294,964.1206700568722,-43.74203898028956,3.8920064900572884,15.147714518648055,-50.471446968254625,-36.2068502616337,14.264596706620928,-44.09938941780591,0.22343958137886474,-0.8539584013755563,874.8407796057912,-52.46052469787719,4.490558550120388,20.16511609205933,-60.4184364087772,-42.1507423712948,18.2676940374824,-52.66149974078427,0.3228754842354265,-0.12002715318228718,1049.2104939575438,1,1,1
-40.3951618737139,3.611947941766682,13.046167934032573,-48.45714586012731,-34.51531738029926,13.941828479828054,-41.72679100258274,-0.10280690338694679,-0.6929799061712982,807.9032374742782,-47.155053736840955,4.322823767751186,18.686805327034556,-53.25939219728865,-33.73860722063755,19.5207849766511,-47.60265325779417,1.3331003861237507,2.393176503576184,943.101074736819,-44.53065716381038,3.659504942655421,13.391976425319456,-52.42018246565877,-36.356991290485446,16.063191175173323,-44.69743111150623,-0.004908272761200083,-0.0011377778427168472,890.6131432762077,-52.24544459281109,3.4061492721198494,11.60185286396258,-56.66106654826509,-44.81423683946104,11.846829708804052,-52.61239648099826,0.7045781287067678,-0.274053755013401,1044.9088918562218,1,1,1
-42.5019365166977,1.316495872441687,1.733161382155999,-44.4967886904552,-39.78880442257994,4.707984267875254,-42.44487042359084,0.43403619627416534,-0.579208801965319,850.0387303339539,-48.707233283423655,2.118195753071763,4.486753248331254,-54.55873540222264,-45.52327654166687,9.03545886055577,-48.31084041542741,-0.9174441197351793,0.7635924658896158,974.1446656684732,-44.64461254366781,2.0677463127427975,4.275574813861436,-48.40648618334082,-41.59520163991608,6.81128454342474,-44.45199356903788,-0.07906675091204127,-1.1460486133329844,892.8922508733561,-53.50038071731948,2.0725683981055054,4.29553976482562,-57.56931889316377,-49.527121830869596,8.042197062294171,-53.22765097734896,0.0008050403101510042,-0.44093676359624023,1070.0076143463896,1,1,0
-40.1799418705452,3.568199188395688,12.732045448067646,-48.08873270212681,-35.11534295056251,12.973389751564305,-39.66824384153206,-0.43736022664844887,-0.7605887053138085,803.598837410904,-48.26171145531691,4.248368443930018,18.048634435380368,-55.24150336517606,-38.473296604354786,16.768206760821272,-47.95199394024631,0.25591991552158555,-0.19415938342964223,965.2342291063384,-45.370298557937,3.498706931753798,12.240950194302076,-51.20336535282885,-40.195267470508824,11.008097882320023,-44.872620906555376,-0.22563808704510788,-1.1249699855079855,907.4059711587399,-53.84533047740225,3.413502324353683,11.651998118367995,-61.209724077308096,-44.725560439126745,16.48416363818135,-54.46975042821017,0.6554808466561358,1.27546646520827,1076.906609548045,1,1,1
-40.825110122787365,4.565561603679615,20.84435275699358,-49.11897134379613,-31.729102809412858,17.389868534383275,-41.11659032861466,0.1292624875404444,-0.4628349729855312,816.5022024557471,-47.17663675232987,3.660933343714524,13.402432947120806,-54.04494402977826,-39.919147216242166,14.125796813536091,-47.67051497158096,0.09810883571125262,-0.7231048113321004,943.5327350465973,-45.255309077146805,3.327675636140764,11.073425139364836,-49.905419519810195,-39.10501998651976,10.800399533290438,-45.285085613854946,0.2709297512207695,-1.1830495482444527,905.1061815429359,-50.65002252920534,4.427961385173889,19.606842028591064,-57.76848154633285,-44.071512409326616,13.696969137006235,-50.68633207853924,0.019501861064280365,-1.4478898716902184,1013.0004505841068,1,1,1
-43.44242249787045,2.7486367559224005,7.555004016007617,-48.955637293098974,-39.42685035082641,9.52878694227256,-43.6358881450016,-0.2003935812007553,-1.1242083033782815,868.8484499574091,-48.4470729601937,3.5002076144826426,12.251453344482272,-53.5579365985045,-40.43297103392612,13.124965564578375,-48.984372622982946,0.5656569865726861,-0.49848174786364075,968.9414592038742,-44.99366497582336,4.253057187618316,18.088495441151814,-54.342222964540476,-38.30401068808918,16.038212276451297,-43.852441321571774,-0.5744524668734969,-0.5045158851263642,899.8732995164672,-53.754588219313234,3.9574640140719377,15.661521422674374,-62.16400720843013,-44.804542208916864,17.359464999513264,-54.02217962327512,0.04203716871927518,0.3622415774499994,1075.0917643862647,1,1,1
-42.98337457852479,2.060091207215112,4.243975782045017,-47.45567063989914,-38.60121711364958,8.854453526249557,-43.360678181158875,0.09061856234280093,-0.09278216225614244,859.6674915704959,-48.43422863295831,2.0843816379005076,4.344646812416803,-51.66977450832887,-43.859365583670396,7.810408924658475,-48.255561656679575,0.17962104136560147,-0.6998435740314255,968.6845726591662,-45.12152348378411,2.127331929479832,4.525541138184385,-48.72680662784938,-41.08681336300297,7.63999326484641,-45.568190391967605,0.3267446334469233,-0.950608301874245,902.4304696756822,-53.44886579009064,1.134865265995008,1.2879191719619203,-55.3254082996257,-50.80208840616415,4.523319893461547,-53.58290161022331,0.8315131267851519,0.5128600759424136,1068.9773158018131,1,1,0
-43.70700733229989,3.5951652145665953,12.925212920029674,-50.14934703989269,-36.86605206403568,13.283294975857011,-43.96246314167833,0.08392030222685842,-1.115834093873554,874.1401466459979,-47.874830841311834,3.845967751120088,14.791467942655705,-54.355123603772306,-38.35531968444664,15.999803919325664,-49.037062506820625,0.6763917265841457,0.05435987294361766,957.4966168262366,-45.84071528482373,4.484080703963067,20.106979759653917,-54.66324588574751,-38.60335283965984,16.059893046087666,-45.92480025311367,-0.37781227585320937,-0.5740303429230353,916.8143056964747,-53.4537298765585,2.9560727988194846,8.73836639192046,-59.0507586451043,-47.35215523063201,11.698603414472295,-53.65728875587796,0.2518657559734808,-0.5130345016658837,1069.0745975311702,1,1,1
-42.24499414838156,1.6746191279268083,2.804349223618344,-45.771246191932,-39.36615650364737,6.405089688284633,-41.95579207051722,-0.5834082341136111,-0.381418613698016,844.8998829676311,-47.29388198501053,1.8532794253221272,3.4346446283223138,-50.43292426834674,-44.14422539602654,6.288698872320197,-47.22858223293146,0.16459202912687532,-0.9304192260419275,945.8776397002107,-44.67575883330203,1.7023748969410206,2.898080289734951,-48.268998089710344,-40.913306530991875,7.355691558718469,-44.72312608324422,0.27617298138235336,0.03702491494018112,893.5151766660404,-52.78693411182053,1.3571224264211184,1.841781280295144,-56.47708310689571,-51.31212115007696,5.16496195681875,-52.36978127593581,-1.6340589676791948,1.9939641034594358,1055.7386822364106,1,1,0
-41.46413849389446,3.8411548685309937,14.754470724039356,-48.11060933896903,-33.90248578877605,14.20812355019298,-42.19311418375162,0.3542315676362838,-0.5739656341476067,829.2827698778892,-48.8519869391596,3.8233075128883445,14.617680338108457,-58.11482185384815,-44.18762399130181,13.927197862546336,-48.782031792987596,-0.6162930564295906,-0.403676710824306,977.0397387831921,-44.84571220418945,4.832156504655133,23.34973648548091,-55.227653527842044,-36.85369337638165,18.373960151460395,-43.942837815984205,-0.2946214201376133,-0.8378646794218545,896.9142440837888,-51.929934022718065,3.948248754040016,15.58866822377854,-57.13914165596731,-42.93568174304808,14.203459912919229,-53.18276539225248,0.5847115000270166,-0.6711357082292615,1038.5986804543613,1,1,1
-43.048982130787934,2.3235331710785876,5.3988063971025175,-47.18755435460477,-37.27010640669091,9.917447947913864,-43.42964929512111,0.8110419319705331,0.34524050297657505,860.9796426157587,-49.28501819469203,1.975138291777656,3.901171271646357,-53.96779559200056,-44.260926658157686,9.706868933842877,-49.49153596723867,0.3454174265554999,1.2517314222987066,985.7003638938407,-45.65063414756224,1.8188599832484347,3.308251638662496,-48.998576924929104,-42.56034413756541,6.438232787363695,-45.466385818646316,-0.1515637050912789,-0.8357474449071876,913.0126829512448,-53.744783233939145,2.6501707610051835,7.023405062486793,-57.865043473790074,-46.10696435430511,11.758079119484961,-54.0140310549613,1.000071405824912,1.5774342260162575,1074.895664678783,1,1,0
-42.57928719458204,2.8802693766584957,8.29595168211672,-47.33721163802694,-37.157739203601125,10.179472434425819,-42.83613818219335,0.3435155383508193,-0.516877151346931,851.5857438916408,-47.49127705587195,2.9654123178794287,8.793670215031046,-52.05499351983217,-39.49030508110266,12.564688438729512,-47.141054963312186,0.7292544239483365,0.5771013038403638,949.825541117439,-44.66158941633384,2.8876224639944232,8.338363494565225,-51.73765159029963,-39.940385125853346,11.797266464446281,-44.37713006895095,-0.8090788237592289,0.2247002981995747,893.2317883266767,-53.01353410273647,3.710056341324232,13.764518055800144,-59.822829630070245,-45.681549769052445,14.1412798610178,-52.61563381740426,0.07467295209595771,-0.7485224374560553,1060.2706820547291,1,1,1
-42.3586323196953,4.125656561080497,17.02104205998655,-49.14458205528195,-34.59378234949222,14.550799705789728,-41.62958213704464,0.14883946478671364,-1.0199695272955012,847.1726463939059,-48.35350496466701,3.342790115430328,11.174245755818706,-55.182816443975156,-42.52029340609368,12.662523037881478,-48.222381935997575,-0.3039238597651005,-0.7248676184232661,967.0700992933401,-43.69904966640411,3.7203897991267008,13.841300257446013,-48.722812289511765,-36.12219006407955,12.600622225432218,-45.16249502891489,0.6626479265428449,-0.841139323100998,873.9809933280821,-50.853440617131206,4.608684038340668,21.239968565256042,-59.861739294986954,-43.00661455883355,16.855124736153407,-51.3123854636474,-0.21902123673618237,-0.8599018502858811,1017.0688123426241,1,1,1
-41.71228997213807,3.8759817836036405,15.02323478682726,-49.723191177505626,-33.59873641599313,16.124454761512496,-40.803771655965704,-0.1503899535335361,-0.38380619009867845,834.2457994427616,-50.08001847559932,3.531627413225071,12.472392185842807,-56.66259373765544,-44.23003655754962,12.432557180105825,-50.18038609871964,-0.029602998669653782,-0.8601489564694775,1001.6003695119864,-44.86256079034626,4.021659439478147,16.173744647143685,-56.74514766092483,-38.456764436739086,18.288383224185743,-44.28871654386923,-1.173102189662299,1.9122663969895548,897.2512158069251,-52.97581646029575,5.194776176968592,26.985699528800417,-66.93225264768844,-47.375801139255344,19.5564515084331,-52.282642137382744,-1.1683205003512673,0.813322352751745,1059.516329205915,1,1,1
-40.38665884088019,4.024175370640798,16.193987413671998,-46.01782569171573,-33.11857477506447,12.899250916651262,-40.433486946191096,0.29721754393505095,-1.0336589047637834,807.7331768176037,-47.75137882625454,4.483460881814673,20.101421478762404,-54.3518425156199,-40.28903520655989,14.062807309060013,-48.611372909741874,0.2403235163278618,-1.2084517187048494,955.0275765250907,-44.40263728595129,2.7155942435263745,7.374452095473582,-48.14048549877799,-38.100340515464225,10.040144983313766,-44.91587719421899,0.5058900538483994,-0.6060614653972007,888.0527457190259,-52.63602223722794,3.7029510857618138,13.711846743544594,-57.706582777830285,-39.55001350138491,18.156569276445374,-53.65149226366492,2.066676229614379,5.143531395014659,1052.7204447445588,1,1,1
-43.30409021515058,2.0318954934831086,4.128599296436965,-46.95604998855843,-38.840261194912934,8.1157887936455,-43.18069075567334,0.3330462283655506,-0.22664679465191462,866.0818043030116,-48.75198952158589,1.5721459508148443,2.471642890663511,-51.83763925042088,-44.933832178569155,6.903807071851723,-48.81867602307033,0.49550123093447024,0.5526176894745003,975.0397904317178,-45.13019177000068,1.7448172403883424,3.0443872023563907,-48.18962444393353,-41.34301457136134,6.846609872572195,-45.06057710781163,0.12509302286591134,-0.26458190269630677,902.6038354000137,-53.4894940876046,2.076422762633727,4.311531489183478,-56.37726023014552,-47.854187467603595,8.523072762541922,-53.60250933258661,0.8285296196547204,0.5118605481386806,1069.789881752092,1,1,0
-41.10417012202722,3.4154557750282977,11.665338151174149,-48.047527241102486,-34.68435592433332,13.363171316769169,-40.31226964266115,-0.5383189026729457,-0.34221049673229587,822.0834024405445,-46.40033481353713,4.080349223285629,16.649249783967633,-56.115279013910914,-37.889672927161556,18.22560608674936,-46.132011593669205,-0.32225820353752055,0.3227522640914433,928.0066962707426,-43.92593913286451,3.6539240009641296,13.351160604821711,-49.86049699322543,-35.5350467041723,14.32545028905313,-45.23300986230791,0.7483470262592821,-0.07222602055524652,878.5187826572903,-51.51840298902556,2.9156530541818864,8.501032732360162,-57.12581972221319,-45.646579911738314,11.479239810474873,-51.65679779180455,0.11948471280441163,-0.5471655645300304,1030.3680597805112,1,1,1
-41.50675530964848,4.078510268387459,16.63424600934194,-51.067091477712786,-33.734867718938546,17.33222375877424,-41.17804920276819,-0.4145338178232117,0.11828246627634309,830.1351061929695,-46.147728788890376,4.249168441295442,18.055432442501136,-53.92193577824482,-39.41318448104224,14.508751297202586,-46.69335625690604,-0.08124700869809372,-1.1359759098107707,922.9545757778076,-45.89333303103366,3.015774026450763,9.094892978615047,-50.015086131522104,-39.212280437572154,10.80280569394995,-46.77728332569499,0.7168104954202098,-0.5616208062953416,917.8666606206733,-52.50791394987414,4.043114432379619,16.34677431331637,-60.60741405232202,-44.99481544603412,15.612598606287904,-51.523090413456416,-0.4359736198136274,-0.39380967736189865,1050.1582789974827,1,1,1
-42.13066261990069,4.523392082368161,20.461075930830965,-52.39394860189366,-34.127510902644005,18.266437699249657,-42.57971833894926,-0.2656115306047642,-0.30747447308515863,842.6132523980139,-46.69866870875384,3.0136553266157673,9.082118427639587,-52.58677094631997,-39.30475149759965,13.28201944872032,-47.344063637460636,0.3949292261272202,0.09446475299733148,933.9733741750767,-44.29205907290121,3.982988551355673,15.864197800230363,-50.37265454367528,-36.955676337535095,13.416978206140186,-45.17883687399001,0.3419139189524935,-1.1412447357434712,885.8411814580243,-51.21006635060227,4.532725206791713,20.545597800284973,-63.195635568528715,-43.69997382641009,19.495661742118628,-50.88530907548055,-0.6564967868390656,0.42376824854483486,1024.2013270120456,1,1,1
-42.744284853339245,3.6925070140594554,13.634608048878274,-51.40739868403866,-35.629103273464125,15.778295410574536,-41.952045394324244,-0.2885043706431193,-0.015024661894984526,854.885697066785,-47.854763598640346,4.4181914224354575,19.520415445282254,-54.71700810299408,-39.42199882257049,15.295009280423592,-47.951939410397344,0.3341387251511761,-0.8066724169162285,957.095271972807,-44.901454264521945,3.893650678468854,15.160515605940969,-51.263793972439856,-37.05138721682884,14.212406755611013,-45.545459465438725,0.27133084697898013,-0.6289749160928153,898.0290852904388,-52.03104791958232,5.016038658208171,25.16064382063882,-65.86766919231856,-45.503765093868275,20.363904098450284,-50.89575652957166,-1.169755668890754,0.9119798454997148,1040.6209583916464,1,1,1
-41.76626402104303,4.3098188574853715,18.574538584336516,-49.13052716461792,-30.0,19.130527164617916,-41.760929125697686,0.6520131807104849,0.6735888817849149,835.3252804208607,-48.73021686260189,4.0271028325590725,16.217557224005308,-56.231593684046686,-43.02287629408029,13.208717389966395,-48.67891809540732,-0.4235809912590614,-0.8972304757017349,974.6043372520378,-43.44043279433642,3.143072874139872,9.878907092153877,-51.02143685618307,-37.21157847174103,13.809858384442045,-43.03622632680267,-0.27867983776966837,0.1064952063004565,868.8086558867282,-51.31808074602958,4.052656712012245,16.424026425417907,-60.04945871714039,-46.50973685929328,13.539721857847113,-50.39900876443261,-0.46587491080166593,-1.0395547405748982,1026.3616149205918,1,1,1
-41.92746319557661,4.250379467278419,18.065725615861975,-49.28273158379188,-34.53891544309357,14.743816140698307,-43.05345538768599,0.34548351688320633,-0.8486416235467868,838.5492639115321,-47.77060507097509,4.4204426941897506,19.540313612615538,-53.7151539390316,-35.429176346753664,18.285977592277938,-47.24415348707613,0.8282076903301121,0.8448296777644928,955.4121014195016,-44.35529917468731,4.418190385256375,19.520406280371876,-55.113808094485336,-36.99865993571508,18.115148158770253,-43.759363182179165,-0.9305712549843098,0.5735157360419216,887.1059834937462,-52.785364219363274,3.134648710350211,9.826022537300242,-58.46369898892088,-46.950680878462855,11.513018110458027,-52.38914474120524,-0.19335811504358144,-0.7365230911932481,1055.7072843872656,1,1,1
-42.74649058741623,3.877360298105194,15.033922881322397,-49.21602924326439,-33.82185068382039,15.394178559444,-42.140832646751406,0.030427729591223383,-0.31665845661711467,854.9298117483246,-47.0180031743203,4.368805677438403,19.086463047218025,-54.806814216612544,-39.74875312239268,15.058061094219866,-46.513525846243866,-0.1314547302368501,-0.6878796867602417,940.360063486406,-44.58845241147445,3.9139263575054803,15.318819531976118,-53.03178846407515,-37.18110606699043,15.850682397084718,-44.30723726928274,-0.19612663940420189,-0.11584447055622604,891.7690482294889,-51.58622160466716,4.204506297084324,17.67787320222173,-59.20425884791497,-42.66151456339729,16.54274428451768,-51.77328696158224,0.17774428172873422,-0.5574092314268979,1031.7244320933432,1,1,1
-42.438801726695125,4.313223014780685,18.603892775233778,-51.67671958995031,-36.067204760009325,15.609514829940984,-43.0420425829834,-0.20171905505202303,-0.8460831492721903,848.7760345339022,-47.96008442520379,4.104130798440045,16.84388961070412,-53.274113587621656,-38.94088724544157,14.333226342180083,-48.40549289253,0.5193137896720228,-0.5218930770373715,959.2016885040761,-43.38184277993262,2.9705406007330732,8.824111460603609,-49.82193214510318,-38.41185932972092,11.410072815382264,-42.24945267908985,-0.4859874822860012,-0.6758790563512886,867.6368555986525,-51.66897038206074,4.010293888630158,16.082457073184393,-58.18596587165324,-44.74013684358046,13.44582902807278,-51.813881175355846,-0.049053676463333244,-1.083404057449598,1033.3794076412146,1,1,1
-44.413127799478374,4.408552493676008,19.435335089496945,-51.899379504809545,-36.59833279026522,15.301046714544327,-44.268423684968084,0.11625163533898482,-0.7862520066968544,888.2625559895674,-48.40677656527523,4.17257256762269,17.410361832077406,-54.23334314590823,-37.674819543037074,16.558523602871155,-48.691374849317185,0.7194753163359844,0.15866987415423495,968.1355313055045,-44.24801848438322,3.282376454113656,10.773995186519738,-49.834208105629216,-39.13050634178317,10.703701763846048,-43.80004467841224,-0.20441005020211667,-1.0104433904417078,884.9603696876642,-52.74506440283005,4.21034379540577,17.726994875511863,-60.87542945258976,-43.92832627591423,16.947103176675533,-53.68705220068283,0.20035303033691307,-0.6539525413285516,1054.9012880566013,1,1,1
-42.328400273526896,3.8065561351934663,14.489869610379017,-50.47486962386097,-36.15222123792188,14.32264838593909,-42.44198216170203,-0.17217595386894044,-0.7177488924353601,846.5680054705379,-48.697608779190276,5.419678267438385,29.372912522543935,-59.63952914347118,-38.616929941177105,21.022599202294074,-48.73860485453529,-0.1991602627277309,-0.7038011386405683,973.9521755838055,-44.734336407768765,3.4718541318071803,12.053771112546588,-50.332126512160684,-36.57009920175042,13.76202731041026,-45.268144908053245,0.4859236104651443,-0.2196159852353068,894.6867281553752,-53.69680317155311,4.673865514099428,21.84501884388791,-63.87858216101148,-43.039772636690415,20.838809524321064,-54.371678246210315,0.06264725433865576,0.3555703335086764,1073.9360634310622,1,1,1
-44.20634897814917,3.602124457499203,12.975300607313926,-52.20695510581453,-37.6933886073973,14.513566498417227,-44.390345743810954,-0.16117986072312424,-0.40612903055980887,884.1269795629835,-47.352493416605164,3.6185051924740668,13.093579827961785,-53.633485201994304,-41.83328940396192,11.800195798032384,-46.97137528271199,-0.01512610282357633,-1.3271901825289385,947.0498683321034,-43.408182522758985,3.6967430512316306,13.665909186829348,-50.1865007016416,-36.03977161118901,14.146729090452588,-43.63739727522841,0.1496505159220416,-0.6725412105250275,868.1636504551798,-52.5779191402302,3.2716523213514193,10.703708911804132,-57.355279457049676,-45.40244530963733,11.952834147412347,-52.917343671856926,0.6848329496748746,-0.1830441470466515,1051.5583828046038,1,1,1
-41.37724309628112,3.209373966360348,10.300081255951552,-47.72288170322694,-35.19620208894196,12.52667961428498,-41.57065685825229,0.01579864093959464,-0.8316887361758152,827.5448619256224,-47.052227929621466,2.9801748214428048,8.881441966361653,-51.20969187409945,-40.19875435202769,11.010937522071757,-46.757932077718166,0.7364263758369105,-0.03914862075023473,941.0445585924293,-44.2348338437126,3.967210981279832,15.738762969987288,-50.602911742394646,-36.680205431953894,13.922706310440752,-43.76698139362361,-0.010741565657312924,-0.99068813894774,884.696676874252,-51.18472658516153,4.604449443675999,21.200954679368216,-61.21748517717607,-43.70643048682939,17.511054690346683,-50.69315202454479,-0.48051675696848056,-0.3098049281063284,1023.6945317032307,1,1,1
-43.30882341374466,3.8472377851295336,14.801238575328398,-48.54938977321414,-34.702912359222836,13.846477413991302,-43.411871401247325,0.3532461950099158,-0.6403302161378681,866.1764682748932,-48.95049439230147,3.30426757443832,10.918184203484499,-53.763044925513434,-41.39674890113163,12.366296024381803,-49.59889316493532,0.5539426829944814,-0.4575169114945141,979.0098878460293,-46.698183959873994,4.156077966104093,17.272984060335936,-54.99578088789952,-38.1949786887051,16.800802199194422,-47.39902014666718,0.03396525154611706,-0.3689047661271414,933.9636791974799,-54.983397200131265,2.855430797535637,8.153485039515004,-58.62630008556834,-48.67350793182797,9.952792153740369,-55.45723770503001,0.48894364262323947,-0.9033112471366014,1099.6679440026253,1,1,1
-44.34716688661554,3.3052154562602647,10.924449212301749,-53.03225544989706,-38.07022420551656,14.962031244380498,-44.458290128842734,-0.6226016356518747,0.6191854897861888,886.943337732311,-50.31007162163779,3.38051353669226,11.427871771759612,-55.979325666913944,-44.839769694291384,11.13955597262256,-50.652578632831265,0.15532343160506587,-1.0944381014403906,1006.2014324327556,-45.895875495361175,4.302343515873037,18.510159728574767,-54.64117347650185,-37.21533376965967,17.425839706842176,-45.38619532393405,-0.06432258380391853,-0.5133560465071008,917.9175099072235,-53.74472136182503,4.544272915031769,20.650416326291328,-59.406138299551046,-42.89193610230884,16.514202197242206,-54.62913947940662,0.8188910943610435,-0.05054637230436487,1074.8944272365006,1,1,1
-42.88531538799542,3.380647040181636,11.428774410288856,-50.23058703002684,-36.926657216084294,13.303929813942545,-42.359151579475295,-0.2178452241899682,-0.48007458709126327,857.7063077599084,-48.903454603163084,3.39601564937776,11.532922290818648,-53.47146952926663,-42.36922474519853,11.102244784068098,-50.08432822031105,0.49736273604774317,-1.0231398202936808,978.0690920632617,-42.311684778855536,4.016192070180483,16.129798744580594,-50.48578987865561,-35.730808738331376,14.754981140324233,-43.09007032752411,-0.1539057041739599,-0.7997774245462637,846.2336955771107,-53.55408968719538,4.042209154037711,16.33945484498627,-61.24866376695278,-45.3144222078276,15.934241559125184,-54.172612114830955,0.20070906233977867,-0.2196913890306531,1071.0817937439078,1,1,1
-42.488791205122986,3.179473399359241,10.109051097233007,-47.35229332244929,-35.33355755388528,12.018735768564014,-42.77854492994517,0.5659321892849712,-0.25633054559097834,849.7758241024596,-49.31050839295271,3.1308889461902027,9.802465593375997,-54.400066980210504,-42.42706195420805,11.973005026002454,-50.26288476841947,0.7718084388190545,-0.20179004070399387,986.2101678590543,-46.55921794801583,3.934454693713917,15.479933736887475,-55.327024579200966,-36.15049429433841,19.176530284862558,-46.411229107752305,-0.006256165870738678,1.6234529992468367,931.1843589603166,-56.07902384687386,4.283552158150331,18.348819091594358,-62.21402403402316,-46.5710161247522,15.643007909270963,-55.87997134159682,0.40813035251866225,-0.7550073628943097,1121.5804769374772,1,1,1
-40.694858583187624,2.042289168508526,4.170945047807247,-45.02497456134662,-37.27041921691945,7.7545553444271675,-40.4456086583443,-0.3971213897592933,-0.5718667876638617,813.8971716637525,-47.49261199635508,1.7113695735233998,2.928785817181663,-52.25788206937842,-44.76890301447017,7.488979054908249,-47.62819998646428,-0.647184570571879,0.932554233186933,949.8522399271016,-43.89081159380487,1.8998023716779961,3.6092490514333386,-47.12960470934581,-39.24795600539632,7.8816487039494945,-43.94789710819599,0.32909292366832077,0.07355330412035821,877.8162318760972,-51.405865381057744,1.7752211653513383,3.151410185911364,-54.8830697063673,-48.38421910728528,6.498850599082019,-51.02925221283972,-0.22405053766606975,-0.8056957290091393,1028.1173076211549,1,1,0
-42.266817527668415,3.4887761282314567,12.171558872917673,-48.397688140292125,-35.20692375118601,13.190764389106114,-42.31792165150303,0.20276608253280304,-0.5877192865959944,845.3363505533683,-47.958327703086034,4.6811885827562545,21.913526547327514,-56.80746200879404,-39.70107343698244,17.1063885718116,-47.56392148676079,-0.3212736727892389,-0.5388538861253598,959.1665540617207,-44.4934507311178,3.42080827218177,11.701929235027228,-50.40651225897801,-38.01560604329144,12.39090621568657,-43.95363530051496,-0.094851065766366,-0.8971902342281912,889.869014622356,-53.77938216598742,4.932371938279301,24.328292937525113,-65.90062802155512,-44.61533676054588,21.28529126100924,-52.881532555584926,-0.4219916251448602,0.08031474883962808,1075.5876433197486,1,1,1
-41.46955207105452,3.4871699608711215,12.160354336001898,-48.812432946163774,-35.2658944399679,13.546538506195873,-41.11108203287921,-0.48623242402149186,-0.22075866012177503,829.3910414210904,-46.612052993126376,3.277261515716434,10.740443042395981,-55.353445316530475,-40.80255715226672,14.550888164263753,-46.488635115032395,-0.8048981489634498,0.7627154202767206,932.2410598625275,-45.027175258409265,5.028507016766914,25.285882817674093,-54.56676079833015,-36.3270967785514,18.23966401977875,-44.2345720279027,-0.17533555753409666,-0.8977169261726177,900.5435051681853,-51.09072443287466,2.568613175859149,6.597773647197225,-55.82619192533619,-45.62174712112769,10.2044448042085,-50.570169318685174,-0.1480916191727871,-0.5102444463985365,1021.8144886574931,1,1,1
-41.94686733302023,1.9628230305273395,3.852674249168529,-45.42486010995217,-39.03683362502738,6.388026484924794,-41.6409153854229,-0.3979909902536762,-0.9370870873279684,838.9373466604046,-47.16136356113722,1.94788671411574,3.7942626510286153,-51.014623746247224,-43.842926708001634,7.17169703824559,-46.557451847861174,-0.3779232943752502,-0.6387541412756939,943.2272712227445,-44.33167684778922,1.7211435601941283,2.9623351547977186,-47.87642528714107,-40.20411908824558,7.672306198895491,-44.31708717073346,0.24699873371533976,0.19166330586568314,886.6335369557844,-51.93286637735723,1.7381443407771942,3.0211457493757865,-54.97496425684544,-47.9338242016785,7.041140055166942,-51.924203747796966,0.40466373219586804,-0.2700086770477932,1038.6573275471446,1,1,0
-40.78971512649818,1.4784338423686356,2.1857666262608877,-43.58332722205622,-37.20658435968073,6.376742862375487,-41.14970048124104,0.49772460798590323,-0.021795543252656202,815.7943025299635,-47.93168006454567,2.029358915755205,4.118297608955142,-51.49551460683284,-44.58434354405016,6.911171062782685,-48.022767077857736,-0.14660011381332483,-0.9044981523399409,958.6336012909135,-44.2070035187339,1.8936109566294368,3.5857624550670506,-47.446406410498014,-40.53656527585608,6.909841134641937,-44.27494201127721,0.023548998381177504,-0.9377353194774614,884.1400703746781,-52.99011566152126,1.4721550731638078,2.1672405594419364,-55.814453313878154,-50.05906854931689,5.7553847645612635,-52.9698487586016,0.11783165437148299,-0.405696338550424,1059.8023132304252,1,1,0
-43.738380998004345,3.468761291453471,12.03230489708595,-50.33132333819556,-37.98590103723583,12.345422300959733,-42.6520964627571,-0.314700516277847,-0.9734136676604925,874.7676199600869,-48.343097500441175,4.342620569933348,18.858353414408235,-59.95722537864289,-41.999168785217115,17.958056593425773,-47.731559345948256,-0.9462950386272605,0.5008354451399426,966.8619500088234,-44.39479467451027,3.778168714797337,14.27455883747336,-51.736019122304086,-38.24203035824226,13.493988764061825,-43.606159693926635,-0.4211171968061236,-0.5386929250443555,887.8958934902055,-53.29344998806373,4.354026967574133,18.957550834362802,-60.71289250695787,-45.63365815847863,15.07923434847924,-53.056281802592025,-0.34405453019637205,-0.8890749098037003,1065.8689997612746,1,1,1
-41.834754882879466,2.297774511476591,5.279767705591486,-45.393884510707295,-37.787557782333465,7.60632672837383,-41.70628616922933,0.2538966598980202,-1.0172472997946824,836.6950976575894,-47.27978400901425,1.598553919903849,2.5553746348399615,-49.83495765754768,-42.50611805084566,7.328839606702026,-47.328498258184254,1.014023946850329,1.855986109608649,945.5956801802848,-44.697483300033795,2.126241780361142,4.52090410855332,-48.925757526807494,-41.84693671820105,7.078820808606444,-44.153035398530726,-0.7298406869555312,-0.4185270527863225,893.949666000676,-52.198663588720805,1.6537837900757202,2.735000824317214,-54.849278348555465,-49.443514610884236,5.405763737671229,-52.79633386940968,0.29038837812841023,-1.1906530473191796,1043.9732717744164,1,1,0
-43.31045081391839,4.640814761076521,21.537161646625723,-54.8165375262204,-36.73725051739722,18.07928700882318,-42.73042492579174,-0.8156449446931454,0.04047939577137072,866.2090162783679,-48.40145110475358,3.28953111801976,10.821014976420331,-53.59389892250504,-40.85186626827198,12.742032654233057,-48.840221411366755,0.6786534259091422,-0.11487649758349638,968.0290220950717,-44.67935978968314,4.2978074731857205,18.47114907657103,-52.25963131677356,-36.00453748699758,16.25509382977598,-43.896472369990434,-0.05687774958261011,-0.7145979419006525,893.5871957936627,-53.211135305353174,3.061780556862113,9.37450017837887,-60.01318096867185,-49.38402617035817,10.629154798313678,-53.371921204622815,-0.606435281593802,-0.4400969709339355,1064.2227061070632,1,1,1
-43.97060022695088,2.6440472820473673,6.99098602970207,-49.523088463371394,-38.84839556070472,10.67469290266667,-44.069294303770334,-0.13234056522692436,-0.39188551987793296,879.4120045390175,-48.778229273429886,4.642107086150659,21.54915819929016,-56.13519089476031,-37.54948480515115,18.58570608960916,-49.37070307868645,0.8935668369356025,0.4055154945828132,975.5645854685978,-43.14686714714359,3.3791800914201757,11.418858090250467,-51.18935656822079,-37.1184448969276,14.070911671293189,-42.77412085088112,-0.4865541974973948,-0.2846420722291363,862.9373429428717,-52.80703115348338,3.9973327573859296,15.978669173270598,-59.683078896073525,-44.77312979139816,14.909949104675363,-52.07881667743153,-0.07246572586977926,-0.8243385383757942,1056.1406230696675,1,1,1
-42.052706855303384,3.2117569212126558,10.315382520957398,-47.85741120423139,-34.17454538197917,13.682865822252218,-42.56695436499841,0.35996191110773407,-0.1130089140861048,841.0541371060677,-49.79040491910213,2.7801528344646806,7.729249782981998,-53.70291944591888,-43.141344799984374,10.561574645934506,-50.018706252623815,0.6184819638116437,-0.41939555230480385,995.8080983820425,-44.60672790217674,3.1071235590222854,9.654216811031315,-50.22349364604661,-38.06062714193918,12.162866504107434,-44.9749236740835,0.5305367842619967,-0.33764957941364804,892.134558043535,-51.70155118217845,3.184289314829947,10.139698440540174,-57.515781409273416,-44.20866247630212,13.307118932971292,-52.39283266111874,0.6790780865685371,0.00243476845330326,1034.0310236435687,1,1,1
-41.57500202386343,1.6148843661942887,2.6078515161787292,-44.10710387841237,-37.0930171670876,7.014086711324765,-41.52725852293129,0.8419881685218711,0.817743512312771,831.5000404772686,-47.13282267438038,2.0123259880007396,4.049455881983153,-51.67351949656638,-44.24911226792525,7.42440722864113,-46.959961095339736,-0.33412493631010826,-0.5495972229362449,942.6564534876075,-43.30089437008555,2.2527491817720375,5.074878875974584,-48.25599016967613,-38.60001363877592,9.655976530900212,-42.90995353532686,-0.291721999540151,0.22066984649386168,866.0178874017112,-52.15169051906129,1.484783163425498,2.204581042391829,-54.70265684577496,-49.079076952787666,5.623579892987294,-52.26768211744641,0.20493005301618222,-0.7146346712562761,1043.0338103812257,1,1,0
-41.568058606807064,3.9205805425015803,15.370951790241985,-50.235301781577,-35.71360313122379,14.521698650353208,-41.63867342801885,-0.20472440540220319,-0.685765448886448,831.3611721361411,-47.43472707594206,4.2979857924606515,18.472681872193615,-54.63615569976038,-35.7285641138762,18.907591585884177,-47.63410652978638,0.7746914543574566,0.7696697081937933,948.6945415188412,-45.71307322254957,3.8952494725641746,15.172968453511482,-54.02552629219986,-38.64477487728357,15.38075141491629,-44.46157544560231,-0.3054135045119566,-0.6674569526514529,914.2614644509914,-53.420178110000485,4.410585783209274,19.453266951047762,-59.36625943914088,-42.25758378183447,17.108675657306414,-53.854465868850525,0.7290319241088818,-0.06852174647204556,1068.4035622000097,1,1,1
-41.762982540903344,2.59292713127599,6.723271108107136,-48.00582138262708,-37.65164982192293,10.354171560704152,-41.31628685073946,-0.5509072932007243,-0.26687092043012495,835.259650818067,-47.5335171951586,3.540330024203674,12.533936680277987,-54.49737859395452,-41.6013688415644,12.896009752390121,-47.37533659096205,-0.4032284465368929,-0.8532060165510544,950.6703439031721,-44.9095492759415,2.9681394900230744,8.809852032234437,-49.427502437034775,-39.94563905281771,9.481863384217064,-44.86647835030736,-0.03263322775111254,-1.2508010340564735,898.1909855188301,-52.45427147933556,5.294516672803943,28.031906798598932,-62.71029320329794,-42.93022112975264,19.7800720735453,-51.209225715667344,-0.4556821528364466,-0.41984182600401443,1049.0854295867111,1,1,1
-41.62385764259034,4.679754526757442,21.900102430706767,-47.93804035226057,-31.228466524715202,16.70957382754537,-42.18672250462195,0.7873079733958893,-0.2963155887559932,832.4771528518069,-46.9464681065413,3.382869731538779,11.443807620561248,-52.877302391709094,-40.13106165431688,12.746240737392213,-48.00495007042596,0.3246396820637897,-0.9110950337008648,938.9293621308261,-42.41325853144606,2.6354849798924227,6.945781079238563,-47.840539678041786,-37.38738634064043,10.453153337401353,-41.58417189264907,-0.548674279556684,-0.46919962130054405,848.2651706289213,-52.40024526976604,3.8198464107489882,14.591226601711929,-61.60606549264016,-47.2499260524195,14.356139440220666,-51.753216541946074,-0.6031327740039613,-0.40216489160170443,1048.0049053953207,1,1,1
-44.182957932172116,4.580176109073036,20.978013190123413,-51.98647146790454,-36.29037126880748,15.69610019909706,-44.7821105800966,0.2620010662185727,-1.149143286209316,883.6591586434424,-48.79445415581958,3.2899698930988337,10.82390189749675,-53.92023021328403,-42.55478645639284,11.365443756891189,-48.968318973287964,0.2340352202933702,-0.9235785525950928,975.8890831163915,-46.52865555133236,3.0636928974014968,9.386214169588378,-55.57163501390303,-41.3502046364975,14.221430377405525,-46.81031294023985,-0.8868988534242376,1.6822911691295683,930.573111026647,-52.75309496872802,4.153076362503223,17.248043272783004,-61.328844639707214,-43.81619667232444,17.512647967382776,-52.258220484963715,-0.23261699659334917,0.014473231759427385,1055.0618993745602,1,1,1
-41.480988851471594,2.203838408756143,4.856903731908807,-45.115690163563926,-35.41239325226158,9.703296911302346,-41.55119947771885,0.8790799772375189,1.0444280686185596,829.6197770294318,-47.773480299840635,2.0341332408552883,4.137698041552438,-53.004645044544816,-45.13875457768712,7.865890466857692,-47.50133529609187,-0.9110052546118393,0.15208807464721552,955.4696059968126,-44.03991124701061,1.7134046308476298,2.935755429010103,-47.12682461103972,-39.875718644219745,7.251105966819978,-44.06885996072165,0.3430422639693364,-0.16081564850147556,880.7982249402123,-52.06534677043894,1.1990541958173282,1.4377309645071397,-54.83966596650632,-50.297699442333695,4.541966524172622,-51.91973642469551,-0.4422041035807771,-0.44448606877779984,1041.3069354087788,1,1,0
-41.684511429303896,2.3804430554934424,5.666509140446956,-47.18314225191786,-37.38913692080493,9.794005331112928,-41.608714770059564,-0.4868414055350875,-0.1715200843335265,833.690228586078,-47.81940631454726,2.222497167594825,4.9394936599670185,-51.82104312030277,-43.06943921734886,8.75160390295391,-48.03918856287341,0.44246954211867684,-0.27752247526817797,956.3881262909451,-44.60045566065632,1.9928945225801102,3.9716285781298053,-48.199129920085134,-41.076095980871116,7.123033939214018,-44.9304653085518,0.06715615061416533,-0.791427013870623,892.0091132131264,-53.27212644211885,1.7651829789002624,3.1158709489992042,-56.57373454224229,-50.1103359148705,6.463398627371795,-52.71105210540631,-0.33478073637327904,-0.8146169987327361,1065.442528842377,1,1,0
-43.45724094988914,2.0443412983391527,4.179331344095013,-46.95551725732406,-40.40998937587815,6.5455278814459135,-43.374001817738566,-0.26653077761678257,-1.2153177097011105,869.1448189977827,-47.44853433314525,2.2475150269617705,5.051323796418967,-51.290222475021466,-44.00042860398425,7.289793871037219,-46.92669821753995,-0.21916254707886795,-1.1548994688653167,948.9706866629049,-44.556366197467106,1.3430729630368632,1.8038449840406194,-47.2772789454507,-42.12749120293819,5.149787742512515,-44.58785992221324,-0.13555207457543392,-0.6958125106825608,891.1273239493421,-52.28578806624809,1.9459029459333332,3.7865382749920244,-56.10161629068192,-47.991469960286054,8.110146330395864,-52.46635137231624,0.024856215936513385,-0.30760177886239015,1045.7157613249615,1,1,0
-43.53376334483714,1.8904347249499789,3.5737434492967024,-47.93262888549776,-41.10792423673335,6.82470464876441,-43.140552249308605,-0.8040654930358875,-0.35236423009482465,870.6752668967428,-48.74234805997578,1.576563805193755,2.4855534318470123,-51.175349357619666,-45.96177135851272,5.2135779991069455,-48.95727161998235,0.2961216029822874,-1.0839250165731995,974.8469611995155,-45.59069050473674,2.038664492371891,4.156152912457941,-48.6550521954046,-40.32426998370796,8.330782211696643,-46.03713413373056,0.8344595934198151,0.448784505249916,911.8138100947349,-53.41349898590961,1.4106420878986108,1.9899111001509522,-55.99492584417231,-50.915392641421974,5.0795332027503335,-53.53293047647436,0.0438405899418872,-0.7780044884145072,1068.2699797181922,1,1,0
-41.834560665178714,1.7087591075088997,2.9198576874946114,-45.30257787359396,-39.253312379544035,6.049265494049926,-41.92038833451386,-0.2179862388006873,-0.9075567237373412,836.6912133035744,-46.20280135463405,2.1721431162310214,4.718205717389812,-50.111252800012956,-41.314729807848444,8.796522992164512,-45.99238209640599,0.29150906470095117,-0.017930767761042965,924.056027092681,-43.22661149117313,2.0068936061341542,4.027621946342149,-46.90344728396419,-38.93422939549016,7.969217888474027,-43.57732968139942,0.4139659505593886,-0.5916887105780595,864.5322298234627,-52.214081685194536,2.366401002514082,5.599853704699653,-55.167291627674764,-46.32374252058227,8.843549107092493,-52.56367324681016,0.9052407865907497,0.0997657948000219,1044.2816337038907,1,1,0
-44.3917286989595,4.182942398423431,17.497007108528365,-51.583779761524205,-33.57343696577514,18.010342795749068,-44.69245388665597,0.6785005225286999,0.6230448952087735,887.8345739791898,-48.532370535444066,3.7279847307858596,13.89787015297252,-54.21287507751961,-38.411682540092386,15.801192537427227,-49.05251084461611,0.9854699585703128,0.920069142491247,970.6474107088814,-44.462189318464006,3.7533325485319455,14.08750521986931,-52.88307034950745,-34.678126197317944,18.204944152189505,-44.42247559534889,0.27801248528124667,0.8981032991505007,889.2437863692802,-52.32956875461758,5.0630714506524175,25.634692514411576,-63.95955099445761,-41.815512637504796,22.144038356952812,-52.394922111165684,-0.11331944612997381,0.062112762151436574,1046.5913750923514,1,1,1
-43.38785026233565,4.0395904855333145,16.318291290811278,-49.443106351840584,-36.762016637876386,12.681089713964198,-43.04760501531019,0.04107073574702642,-1.2726449945455214,867.7570052467128,-48.905931530151655,4.104739044967814,16.84888262728328,-56.67366730626202,-41.31027322660117,15.36339407966085,-48.95742320961786,0.19500332867278442,-0.7616936134554781,978.118630603033,-46.24665056472945,4.683702795309484,21.93707187478988,-52.73413166721973,-32.00689352560146,20.727238141618265,-48.07221715461539,1.3440890393382012,1.9270312420016333,924.9330112945889,-52.233647517195394,5.1973289408561545,27.012228119460957,-66.24223437255955,-40.49979560092486,25.74243877163469,-51.70025124647235,-0.4436723618827383,1.30532450222789,1044.672950343908,1,1,1
-41.233250197409134,3.48502631831666,12.145408439359775,-49.226059603445556,-34.352031187663535,14.874028415782021,-41.310629978125945,-0.22196039778978602,-0.23959727351687343,824.6650039481826,-46.7801954796357,2.674024125300295,7.15040502268801,-51.42552452025586,-41.441942077307736,9.983582442948126,-46.75931106333138,-0.004289107702258327,-0.8281600653628098,935.603909592714,-45.891651732104656,3.3846611421635204,11.455931047271665,-51.67489598499542,-41.24178492358077,10.433111061414657,-45.89957946381537,-0.22989786302721665,-1.3496007692869947,917.833034642093,-52.36876713974876,4.511993651540096,20.358086711538128,-61.38702526323266,-44.61487619951438,16.77214906371828,-52.128152933603175,-0.2253568603932251,-0.8521956734882106,1047.3753427949753,1,1,1
-43.231905318736096,4.167794240162051,17.370508828327967,-53.10922986122747,-38.239456717233104,14.869773143994365,-42.541081065507456,-0.7998070741595301,-0.34296769357735357,864.6381063747222,-48.081166869688325,3.4458866250141154,11.87413463245117,-54.86511053142675,-40.48832729254377,14.376783238882979,-48.33926976614739,0.30493481375956777,-0.02622161742567286,961.6233373937666,-45.561298497780214,4.2739954699010685,18.267037276734854,-58.08834929620967,-39.85572548800509,18.23262380820458,-44.053597576488784,-1.2908992274551683,1.3857808317290825,911.2259699556041,-51.16405101709215,4.056614591314808,16.456121942468208,-58.22214636260617,-43.04052512823063,15.181621234375541,-51.483092530517055,0.19988960104875583,-0.6732290563217229,1023.2810203418429,1,1,1
-42.348955010076665,4.5214115419691545,20.443162331851887,-50.993718408774306,-32.93476252792725,18.05895588084706,-41.47153234966299,-0.07768985508948584,-0.3852893372944335,846.9791002015331,-48.396046441969375,4.9061871940769715,24.070672783324866,-56.4734398415588,-37.205249260139446,19.268190581419354,-48.872762377279756,0.3962531817793392,-0.33850199635218603,967.9209288393874,-44.46866964321154,3.6611102444800885,13.403728222237055,-52.80167386093554,-37.90880593043183,14.892867930503705,-45.2590237210682,-0.12261748516575921,-0.3657126791766161,889.373392864231,-52.58963151113655,3.1053133558199324,9.64297103783365,-56.624314608599825,-43.8145531612907,12.809761447309121,-52.528879903898165,0.9821225942323296,1.0427818934114645,1051.792630222731,1,1,1
-42.4169786601653,2.316177239981753,5.364677007009491,-45.742805445928994,-36.60550812728097,9.137297318648024,-41.89180300366234,0.4824247271283378,-0.10377205275542467,848.3395732033059,-46.29720370166214,3.580491922049152,12.819922403859232,-54.741587547966674,-37.49593867462625,17.24564887334042,-46.20455911715992,0.12329971999086214,1.0714259865858002,925.9440740332427,-44.1335271648564,3.749153890996683,14.056154898375567,-49.69255609291209,-36.729296427561884,12.963259665350208,-44.64131293394861,0.3865882891490354,-0.8720064627834279,882.6705432971282,-50.82986168794836,4.050540901448249,16.406881594305197,-57.11361408002106,-42.534281229888805,14.579332850132253,-51.602879807235475,0.17191383684349035,-0.8199474866465932,1016.5972337589671,1,1,1
-44.96025903166104,3.684678743712197,13.576857444364496,-50.84439862624245,-36.77683702227931,14.067561603963142,-45.44191299146123,0.5170389647304476,-0.4385748122019253,899.2051806332208,-47.62280079132029,4.6244897964712575,21.385905877666772,-55.71923455245378,-37.252939742274414,18.466294810179363,-48.64077363285969,0.38672552660477966,-0.4515479758284102,952.4560158264057,-45.185542285112135,3.7299014940456514,13.912165155283981,-51.71074112717166,-39.66298603859464,12.04775508857702,-44.37201202891876,-0.20185036047175497,-1.2495982142841677,903.7108457022426,-56.32043580025237,3.0655087849682423,9.39734411071747,-63.757876114578934,-49.023790377226824,14.73408573735211,-56.24291144457927,-0.1652561084302289,0.9147854247930325,1126.4087160050476,1,1,1
-41.90140624996277,4.377312048873197,19.160860773210466,-50.26280551426683,-30.70688843616877,19.55591707809806,-42.06736070076934,0.3841703265321614,0.6764712047534283,838.0281249992554,-48.91105572592125,3.0445537191421637,9.269307348742382,-56.4386805713098,-42.86942709629135,13.56925347501845,-49.14709511214939,-0.23830961400740328,0.271750157657344,978.2211145184251,-43.84447033540196,3.4431209921245984,11.85508216640908,-49.05249836998817,-35.58771574517516,13.464782624813012,-44.2632138272606,0.4073217423036013,-0.2667230742572513,876.8894067080391,-52.172885942833034,3.0449845336487744,9.271930810160244,-56.02261109729787,-45.76259342358203,10.260017673715836,-51.46899292506919,0.2549333022149655,-1.120395635545779,1043.457718856661,1,1,1
-41.47775683468678,4.130866788072701,17.064060420802072,-51.88807292789343,-35.40041888635407,16.487654041539365,-41.30349496046573,-0.6328930906756421,-0.08403900381941165,829.5551366937354,-48.6528933916715,3.1499979937005165,9.92248736031728,-53.477590553756805,-42.10640398732842,11.371186566428385,-49.06178423304441,0.630040230338912,-0.21229361037515826,973.0578678334299,-43.43869729283101,3.278298149232827,10.747238755263378,-49.69034275933122,-37.43400018642874,12.256342572902483,-43.219661672943786,-0.23437215177701579,-0.4143898543380544,868.7739458566202,-52.29794467942512,3.4909668816689616,12.186849768909513,-60.8659435542946,-45.59045077858568,15.275492775708926,-51.59684352121403,-0.8343584251382313,0.7932776750231207,1045.9588935885024,1,1,1
-43.26398622275529,3.125658071618057,9.769738380671111,-49.38244901396476,-38.297679828917175,11.084769185047584,-43.2078871154089,-0.04323083418007398,-0.9335671929626859,865.2797244551059,-48.79561718226855,4.009921144286814,16.07946758339847,-58.3655663316013,-40.18755884527769,18.178007486323608,-48.826695674808434,0.10054731458369658,0.4464879614571009,975.912343645371,-44.0282787912222,3.5836052637775686,12.842226686574298,-49.89677271765854,-37.74741494621362,12.149357771444926,-44.26166458908456,-0.0013900164772850986,-1.1504100403711857,880.565575824444,-52.44698328128661,4.371933147314028,19.11379944458314,-57.48266232450121,-43.782248374394825,13.700413950106388,-53.433268531836774,0.6815579056557685,-0.7474889075726914,1048.9396656257322,1,1,1
-41.312035600006936,4.648144776657915,21.60524986477226,-50.58889691321934,-34.28079454405888,16.30810236916046,-40.178308783141745,-0.5442175634637364,-0.5740903983133956,826.2407120001388,-47.99607579228433,3.7079230646566885,13.748693453413049,-53.39124771491966,-39.0070064892926,14.384241225627058,-48.67742277999523,0.5704865959716929,-0.44116503054644784,959.9215158456864,-45.30049430496506,4.278649709594536,18.306843337413405,-54.25976833980861,-38.079270314137894,16.180498025670715,-44.589090118036594,-0.4008157153864377,-0.5040974416962412,906.0098860993014,-52.0596894828701,4.116277865156878,16.943743463180468,-61.145767088025984,-46.95325395322936,14.192513134796627,-50.851723076873895,-0.8678633321725925,-0.3352024531330806,1041.1937896574022,1,1,1
-44.60455828051242,4.442554011951078,19.736286149102614,-52.337196103437826,-35.20247871777987,17.134717385657957,-43.81381960579517,0.01668700477539386,-0.6816139809821422,892.0911656102485,-48.74378450767483,4.356138660310078,18.975944027848083,-59.44539534604289,-40.58463125371037,18.860764092332523,-48.10408509801934,-0.47492640357477633,0.12325356622441674,974.8756901534966,-44.74776754662813,3.4140077179260535,11.65544869805866,-50.5000478896869,-38.401172671071734,12.098875218615163,-44.676415908706524,-0.09393106247762248,-0.903336248778241,894.9553509325627,-56.0837906536958,3.9162575798240704,15.337073431529486,-62.24925670054259,-45.67292681899067,16.57632988155192,-56.43631248408838,0.613329098740241,0.3801343670144597,1121.675813073916,1,1,1
-43.057353069897275,3.7989650660662977,14.43213557319211,-50.98196331366434,-36.14775647798588,14.834206835678458,-43.42406774106061,-0.18680703749080108,-0.44117461050920026,861.1470613979453,-47.1336972300533,3.4928338063095157,12.19988799849862,-57.0265151620859,-40.97924147597727,16.047273686108632,-47.17586648455308,-0.5056951705125294,1.4374828331998053,942.6739446010661,-45.23318170242197,4.426571253875599,19.59453306563779,-54.53708492817373,-37.96273783448613,16.574347093687607,-44.39440500527311,-0.6189444089286796,-0.3230777664015174,904.6636340484395,-54.00136797155288,4.01021309077981,16.081809033461756,-62.15554888798388,-47.164287641457534,14.99126124652635,-54.114306757472036,-0.2184924795527497,-0.4684033885541208,1080.0273594310577,1,1,1
-42.983999168513094,1.920728947248257,3.6891996887973972,-46.65643773892951,-39.12177129374183,7.534666445187682,-42.65144706850529,0.005563599355915224,-0.6867659463379057,859.6799833702619,-49.53403599852042,1.5433508766302542,2.381931928395374,-53.113295948469094,-47.04076921025632,6.072526738212773,-49.24934902325288,-0.7675510072920745,0.05708822031740768,990.6807199704086,-44.890127248648845,1.3824001679662612,1.9110302243931472,-47.396782930777235,-41.08534868995761,6.311434240819622,-44.8457417389164,0.6012798880147063,1.1831257353860734,897.8025449729769,-53.8261284696463,2.155371030726018,4.645624280092936,-57.46172067837822,-49.54501620667527,7.91670447170295,-54.12499901058652,0.245094613493191,-0.930314741310657,1076.522569392926,1,1,0
-42.53297739869288,4.100401407451129,16.813291702227197,-50.089401242042356,-35.234352153735024,14.855049088307332,-42.72625161118337,-0.1503042792229059,-0.7766088998832776,850.6595479738576,-47.55191103339988,4.941910809304103,24.42248244711673,-56.82528642768545,-38.00804950123599,18.81723692644946,-47.71186129607014,0.3117061269676644,-0.6980321438559232,951.0382206679974,-44.35973976728407,3.2279607676160444,10.419730717268362,-50.83742009402422,-37.352117885829884,13.485302208194334,-44.89809772789884,0.3189024842272333,-0.08948888637695829,887.1947953456814,-50.94622726446823,3.5276471540587058,12.444294443538487,-56.78315048221452,-44.3842697143713,12.398880767843224,-50.46776742856254,0.06418559427730146,-1.133147105750012,1018.9245452893646,1,1,1
-43.029180250901945,1.9334247795134896,3.738131378036786,-46.0654994733665,-38.521346153426414,7.5441533199400865,-43.51052095055317,0.4861163975014048,-0.5170956704718539,860.583605018039,-49.02439404001403,1.612190895513963,2.5991594835781138,-52.807910292962916,-45.458002552694246,7.349907740268669,-48.92433245525692,-0.0856867148151951,0.26431430204347395,980.4878808002807,-45.392157832081814,1.819894756344894,3.3120169241716413,-49.173943609525594,-41.74628452727224,7.427659082253356,-45.31784353002267,-0.017707041221477475,-0.18736459823491458,907.8431566416363,-53.04540366294329,2.0543792347654137,4.220474040235327,-58.2050563348531,-49.68443370618149,8.52062262867161,-52.88799822814495,-0.5284540766613077,0.28138338999290635,1060.908073258866,1,1,0
-42.63983821271388,2.050304605039734,4.203748973447139,-47.05530884185713,-38.6015654965909,8.453743345266233,-42.434337860686625,-0.011391534708679006,-0.4417108527179363,852.7967642542776,-47.51460754885338,2.0928602671394128,4.3800640977708545,-51.114820945995376,-42.876290573111284,8.238530372884092,-47.62467990325448,0.18447610441591625,-0.5256446390542622,950.2921509770674,-43.64542210013186,1.683648449391198,2.8346721011373854,-47.26717798711305,-40.589075567115984,6.678102419997067,-43.32449906140781,-0.3686038382122977,-0.3214023362652627,872.9084420026373,-52.55992870335327,1.4064555108462031,1.9781171039896541,-55.22396003962711,-49.72144308720005,5.502516952427058,-52.62564552905543,0.07264659216419869,-0.6477967431484033,1051.1985740670655,1,1,0
-38.9724416919997,3.019973725857271,9.120241304868248,-45.92195538206942,-34.88763870155306,11.034316680516362,-38.73432371537591,-0.5424277040347047,-0.23435285913907222,779.448833839994,-47.50987979319986,4.694572959521388,22.039015272269403,-57.7498705256476,-34.326047449421424,23.423823076226178,-48.027740715649095,0.6458507869134922,1.5532411229396565,950.1975958639971,-42.8061916860194,2.801252965302876,7.847018175618156,-46.87009377717009,-34.745241534373385,12.124852242796706,-43.09172964545697,1.0764712916592485,1.1907988557727407,856.1238337203883,-52.296313008997075,3.741399663838772,13.998071444572876,-58.239905285221546,-44.122120945311565,14.117784339909981,-52.67156979552727,0.16828094238170752,-0.5936030377940567,1045.9262601799414,1,1,1
-43.07316093293984,4.729346016139897,22.366713740378316,-52.80735453422092,-31.939606904629976,20.867747629590944,-43.7793456558035,0.12592691564880146,-0.03411303981199998,861.4632186587967,-48.87781585462692,3.7658786392630486,14.18184192565771,-55.054029132485105,-38.744128100257726,16.30990103222738,-49.20467422844446,0.7824604169583729,0.7074408417819518,977.5563170925384,-45.34821569783551,2.87912112595938,8.289338457945608,-53.944896387376765,-39.57513765804099,14.369758729335778,-45.502372121256485,-0.7812868678980289,2.1882009283418293,906.9643139567102,-53.52513780074438,4.405182283370864,19.405630949724536,-62.599847916076214,-47.342132740741974,15.25771517533424,-53.209944689376925,-0.36604584965193626,-0.9324556354429512,1070.5027560148876,1,1,1
-44.35621117978073,4.389177580639177,19.264879834385574,-51.373590614178056,-37.57199115664336,13.8015994575347,-43.26712798094497,-0.342642260746238,-1.2834652690181574,887.1242235956146,-48.99553186954828,3.4768635781595103,12.088580341132154,-56.36440733970376,-41.609569226597316,14.754838113106445,-48.6543174074865,-0.17224195268038314,0.0005301905043140209,979.9106373909656,-43.85347635527587,4.451192451779185,19.813114242776,-50.61016051963344,-32.124800818760136,18.485359700873303,-44.49264307007497,0.7186195701051253,0.2851660394273705,877.0695271055174,-53.277552180650574,2.9813022476301496,8.888163091724582,-61.889035872834626,-48.864306521087876,13.02472935174675,-53.28097067560921,-0.8665997665728546,1.3656964438742243,1065.5510436130114,1,1,1
-42.759711135004196,1.8695483154114558,3.4952109036578127,-46.713007691717664,-39.68398798466715,7.029019707050516,-42.722296533360144,-0.3681251505482264,-0.5570597390780305,855.1942227000841,-48.785904544623925,2.448109547245528,5.993240355314705,-53.42232242950545,-44.293456126155824,9.128866303349625,-48.84655006981795,0.15688563436967323,-0.8431440869978948,975.7180908924785,-44.29788021748772,2.230633702930097,4.975726716647636,-49.8542490560658,-40.53581590064547,9.31843315542033,-44.76173915862712,-0.42510734425606694,-0.023388078212849273,885.9576043497543,-52.65435777079606,1.9464183554872505,3.788544414577693,-56.0016818385525,-48.63581617660594,7.3658656619465575,-52.90945298704374,0.36646215706937746,-0.6127175962525695,1053.087155415921,1,1,0
-44.3175626034433,3.5879232274417476,12.873193086016007,-50.694674658854744,-36.279196307069,14.415478351785744,-43.93716141676744,0.07134348038842776,-0.2639836595576148,886.351252068866,-49.38134767977097,4.145154264526306,17.182303876720628,-55.49781576420469,-38.99402221180992,16.503793552394768,-49.695480329176306,0.7175918559189378,0.23898079665548577,987.6269535954193,-43.960618767442625,3.6292282000641025,13.171297328140525,-51.5623767362487,-37.09728669408294,14.465090042165762,-43.348026206553186,-0.23620206081559442,-0.5569204987736103,879.2123753488524,-53.953850727445115,4.419026511121944,19.527795305998577,-60.91409686055766,-45.982033459897444,14.932063400660219,-53.89024139506677,-0.01520480804642065,-1.0130197165443096,1079.077014548902,1,1,1
-42.33930726043425,3.0821456239806513,9.499621647423078,-48.4091989136379,-36.42196826732681,11.98723064631109,-42.228792944845175,-0.02844314149013968,-0.6906869459123293,846.7861452086852,-48.4908310239671,3.6164259104561296,13.078536365818445,-56.0683030952154,-41.808169128598394,14.260133966617005,-47.77600916859123,-0.4397933167925638,-0.2115775010886538,969.816620479342,-45.64977284812007,4.302899330037657,18.514942644438513,-53.12160892127827,-39.92592139502129,13.195687526256982,-46.0030750000399,-0.4073714905530781,-0.9892770608358039,912.9954569624015,-53.60497368500145,3.397056246108783,11.539991139226697,-62.79553558050406,-46.60762004307384,16.18791553743022,-52.70747579232216,-0.6965480388031101,1.1745616783114299,1072.0994737000287,1,1,1
-43.402563483452454,1.8757767716166907,3.518538496936735,-46.333277910978,-39.65962831210813,6.673649598869865,-43.7778828153152,0.47551698063088754,-0.8295627970479051,868.0512696690491,-47.92112928007565,1.988834717093693,3.9554635319171503,-51.06966721541922,-43.883477193580944,7.186190021838279,-48.556925522785335,0.6178081689286113,-0.38396295605878716,958.4225856015131,-44.535704679254785,1.9813814784608226,3.925872563187595,-48.774701615072665,-41.54648995799328,7.228211657079385,-44.282286014450364,-0.5091705410022671,-0.7692317255278263,890.7140935850957,-52.3178597869494,2.4740627290735473,6.1209863873908485,-57.0056127004734,-48.15405132892247,8.851561371550929,-51.9303822651045,-0.2985206428143626,-0.8539970337057428,1046.3571957389881,1,1,0
-43.32638428814221,3.255081662048912,10.595556626607106,-49.100522758948955,-37.919385351523616,11.18113740742534,-43.39550782080532,-0.2127828388506655,-0.9402022785736897,866.5276857628442,-47.31407066656635,3.4251614020110703,11.73173062982644,-55.250822391351775,-40.30473666942683,14.946085721924945,-47.24625725725936,-0.43380445543292345,0.38288211256814897,946.2814133313269,-44.99717758908755,3.4316928296662264,11.77651567718259,-52.636668186849164,-37.02028713123774,15.616381055611427,-45.82165750256728,0.11447330198975021,0.31892181928443764,899.943551781751,-51.78656625063553,4.067018810744211,16.540642006947262,-58.222396642564036,-44.74507801961448,13.477318622949554,-53.102050281317204,0.4404490330429085,-0.9924328842794328,1035.7313250127104,1,1,1
-42.3293144535025,1.7273765531451768,2.9838297563557115,-45.38717733177685,-39.01258770828676,6.374589623490088,-42.74763571611014,0.1743148794210586,-0.881451705295794,846.5862890700499,-47.717446374461026,2.2503891536406613,5.064251342823533,-55.15800097117107,-44.534721072363055,10.623279898808015,-47.495733638770446,-1.5428916081733608,3.592114713776409,954.3489274892204,-43.94052573729597,1.6062007314923603,2.5798807898465936,-47.50522515002275,-41.21704825353703,6.288176896485723,-43.76264630722727,-0.5570604933785596,0.05696275351054547,878.8105147459196,-52.362699344387224,1.871944930662254,3.5041778234321113,-55.47279749346468,-48.57176851322636,6.901028980238323,-52.35485105078706,0.31656111727478103,-0.5983067902851937,1047.2539868877445,1,1,0
-42.60869367769187,3.1700211285987163,10.049033955762278,-49.29652633411261,-35.371637510255525,13.924888823857088,-43.64816428126052,0.34860918883490033,0.007686990074256883,852.1738735538373,-49.103877875376554,4.499283080255542,20.2435482362738,-56.65924623136198,-41.136715803563995,15.522530427797989,-48.819141722805085,0.033346039384499065,-0.9113360353263062,982.0775575075311,-44.373840728008126,3.37281361011718,11.375871648591687,-51.560277724887534,-40.09477298618074,11.465504738706791,-43.234545475840875,-0.5051967484226542,-1.0322510925331037,887.4768145601624,-55.07165045851146,4.317462969450047,18.640486492572418,-64.39586350986102,-47.23105396175023,17.16480954811079,-55.18897968250144,-0.12895121495279818,-0.40289190665871955,1101.433009170229,1,1,1
-43.97432009729813,2.166174935976824,4.692313853254197,-48.86517531933333,-41.26960083879585,7.595574480537479,-43.46112857907923,-0.699413723033831,-0.5297383662919777,879.4864019459626,-48.55052220752528,1.9143936061276174,3.6649028791823035,-52.64299944703208,-45.06908369872892,7.573915748303165,-48.84223682598815,-0.01175373520951267,-0.4696013723990893,971.0104441505057,-45.74628663451823,1.8609951002883287,3.463302763297167,-49.41172269390175,-42.717095596882835,6.694627097018916,-45.51775267590514,-0.20993392546201428,-0.6900596206985505,914.9257326903645,-53.25919102327303,2.889080604439045,8.346786738945877,-58.27770723196185,-46.64650134392285,11.631205888038998,-53.0528983580312,0.27282036639304563,-0.2734401789494174,1065.1838204654607,1,1,0
-43.058800294265765,4.616372959860738,21.310899304533386,-48.763131274064584,-32.395215253238135,16.36791602082645,-42.45120718034699,0.5608152727496486,-0.4483995178555742,861.1760058853154,-48.04586790630456,4.353464625169736,18.952654242604275,-59.922707321392764,-42.25682317899576,17.665884142397005,-48.380215907977664,-0.7164638766470002,0.5211895274547178,960.9173581260911,-45.22427760478173,3.6653777341314258,13.434993933866426,-52.20387820088637,-37.39767093971665,14.806207261169725,-44.58470597241257,0.019270330330051374,-0.5273021669534756,904.4855520956348,-53.802698012119514,3.816808259301614,14.568025288273017,-59.34314312883965,-46.42056596913093,12.922577159708723,-54.78614755836648,0.48365770435808025,-0.7964566874231171,1076.05396024239,1,1,1
-41.200507654691094,2.1407216002182254,4.58268896964088,-46.35847784534397,-38.121181301964924,8.237296543379045,-41.15311442206038,-0.574408788076271,-0.15964896055754219,824.010153093822,-48.143014033337415,2.372093874579847,5.626829349819231,-52.238080579560076,-43.326938521253126,8.91114205830695,-48.70806527808716,0.10486390819937902,-0.7933167417898219,962.8602806667482,-43.814912269512774,2.2440832306177696,5.0359095459398855,-48.74880849621959,-38.3123918000176,10.436416696201988,-43.819168694508804,0.2885573697695694,0.6447000504019909,876.2982453902557,-52.783218196535515,2.165834388178755,4.690838597017642,-56.65509517794726,-48.77190593139495,7.883189246552313,-53.3501041812339,0.18527485069364685,-0.732601507212788,1055.6643639307104,1,1,0
-43.51967390815548,3.3790976297531836,11.418300791403583,-50.24558936510254,-36.474620374879244,13.770968990223295,-43.426232796882736,0.044248752133267885,-0.5018271922435495,870.3934781631098,-49.62399637429929,3.9293326949936254,15.439655427945866,-58.92426101020536,-43.00154567613528,15.922715334070084,-49.99189918103712,-0.2637549922957246,-0.136026614302446,992.4799274859859,-45.55394709980414,2.822188480616597,7.964747820125015,-50.95190208554474,-39.44459806376251,11.507304021782225,-45.82730694536535,0.4834276177099367,-0.26271576491131876,911.0789419960828,-53.45993624195538,3.826053012263334,14.63868165264933,-62.630137167080086,-45.63242487977056,16.997712287309525,-52.87461738000364,-0.4088641407877918,0.10617229234278058,1069.1987248391074,1,1,1
-41.110639983321576,4.223381390387526,17.836950368671673,-48.142217496939494,-31.82725206460478,16.314965432334713,-40.96270362318509,0.18247254292108667,-0.3534174497129392,822.2127996664317,-47.542524367356634,3.5366813320303305,12.508114844331834,-53.595158934040086,-39.2333463498519,14.361812584188186,-47.74549684674949,0.6530012186676868,0.23459155032394952,950.8504873471326,-44.362333733087794,3.8384518478541536,14.733712588294967,-50.8287758652367,-35.77139649781462,15.05737936742208,-44.33392184974268,0.3511342728353556,-0.3735403713723646,887.246674661756,-51.486739595480444,3.8044204879409964,14.473615249065208,-57.89286057354353,-44.02914495425538,13.86371561928815,-51.84192408890966,0.2396575354606033,-0.5085898880216129,1029.7347919096087,1,1,1
-42.467759348769,3.9597778972219806,15.679840995327732,-48.703081118420535,-32.513907225085475,16.18917389333506,-43.877509807962966,0.8825431286123271,0.1884952400404809,849.35518697538,-48.06678060249052,3.5742491981245803,12.775257330294204,-55.39640104611223,-41.30344309408259,14.092957952029643,-48.42944998667682,0.07175216969849865,-0.3239406202934991,961.3356120498104,-44.024649450517074,2.1797353866009135,4.751246355600233,-48.307314953066275,-40.2525831727307,8.054731780335572,-43.836564705253494,-0.18466615518934767,-0.9366535742156952,880.4929890103413,-52.82021930009991,4.176516970217386,17.443294002513813,-61.58161954276609,-44.80238487244731,16.77923467031878,-52.582604028434034,-0.08197490504376227,-0.3955319101205217,1056.4043860019979,1,1,1
-40.52231563265649,2.394668445849878,5.7344369655490715,-44.60519940751162,-35.67104083346322,8.934158574048396,-40.69477543488581,0.2680438991686772,-0.836207197993545,810.44631265313,-46.403409171245826,3.4899385232174733,12.179670895837358,-53.26537694463008,-41.88885095822754,11.376525986402534,-45.33058659989304,-0.6156996093485088,-0.8663810804604144,928.0681834249167,-44.550153655696626,3.672092089576645,13.484260314331369,-52.08998664622402,-33.65834446763667,18.431642178587353,-44.81682904396367,0.9013315332086193,2.094358005147206,891.0030731139325,-54.16973121159786,3.800405575425053,14.443082537721827,-62.64240610704154,-47.48928098832145,15.15312511872009,-53.04250486905664,-0.5220405867311663,-0.45059963783383816,1083.3946242319573,1,1,1
-42.093795788112644,3.26897637938417,10.686206568971638,-50.52894104988802,-36.12530125718725,14.403639792700766,-41.872414745989175,-0.4788256039141973,0.4230017995965234,841.8759157622528,-47.399959082208504,3.8124516345518895,14.534787465797374,-56.97387168396445,-40.90449216297044,16.069379520994005,-47.376888017277295,-0.5952780298373814,0.35616218845102887,947.9991816441701,-44.4222843810325,4.190485285976863,17.560166931988594,-51.53172758468452,-33.39549500344826,18.136232581236257,-45.0822488392916,0.5862275346162868,0.4566744033078227,888.4456876206498,-52.85878276680717,3.289790390980316,10.82272081658642,-61.43492663860441,-47.21109113967438,14.223835498930029,-53.62958649921899,-0.2325569575442706,0.6161873605002066,1057.1756553361433,1,1,1
-42.71401831971566,1.8949350834214458,3.590778970381442,-47.27879069388279,-40.290461749901326,6.988328943981465,-42.43920452410714,-0.7400822500324495,-0.28967845736736475,854.2803663943132,-47.6765555172041,1.7446424389269513,3.043777239704981,-50.91103174876476,-44.95406550636658,5.956966242398181,-47.35679614949259,-0.2622102131273229,-0.9426667198942869,953.531110344082,-44.98686622256114,1.8982827637566142,3.6034774511754497,-48.493158337079514,-41.368201872832685,7.124956464246829,-45.52515012516568,0.42978405628275396,-0.435600247323749,899.7373244512228,-53.496187004334715,2.0266573421229763,4.107339982380967,-57.39506913208636,-49.94062573129475,7.454443400791611,-53.39561436863541,-0.2593221376245938,-0.9031486402046975,1069.9237400866941,1,1,0
-42.342839322992006,4.189303588980167,17.550264560642105,-48.67374991911046,-34.53995595575867,14.133793963351792,-43.283831286499314,0.5603716050451332,-0.737940288934213,846.8567864598402,-48.749747744928825,3.6129900762932237,13.053697291393314,-56.28370121091403,-43.33901533642969,12.944685874484342,-48.192782731516886,-0.32549803343427286,-0.9601075890199855,974.9949548985765,-45.26511528719929,4.084282299350981,16.681361900791735,-52.36894724342729,-37.558955586428,14.809991656999294,-44.66016638617856,-0.1557725018139543,-0.8499406100267612,905.3023057439859,-53.81263688949464,3.8156209484544563,14.558963222284484,-61.686148447287884,-46.86012834429673,14.826020102991151,-54.07648320328751,-0.20442447065108832,-0.5893016332497312,1076.2527377898928,1,1,1
-42.044891385016335,1.8379418365898657,3.378030194687329,-45.086758013783445,-38.72699404935644,6.359763964427003,-42.632678983735076,0.2319696946339888,-1.1823671145715313,840.8978277003268,-47.988519057204755,1.650428216891986,2.72391329911326,-51.24428014424177,-45.44870151874973,5.795578625492041,-47.384143007045864,-0.5491126533645488,-0.9610496523092857,959.770381144095,-43.930305950905506,1.2309317258528434,1.5151929137110594,-46.0938860683003,-41.633318248079334,4.460567820220966,-43.91142590833955,-0.01547656232947466,-0.9029116541744697,878.60611901811,-52.70693746480997,1.5217299334986327,2.3156619905057534,-55.18562979516728,-48.55145084841017,6.63417894675711,-53.21391687632842,1.0353335566827258,0.7598772272142433,1054.1387492961994,1,1,0
-41.88412185153737,3.369648686247437,11.354532268729077,-46.81417070926544,-32.92215695638928,13.89201375287616,-42.412740941761186,0.9575221822816483,0.4608785459866418,837.6824370307473,-49.75655933523546,3.3667058847461995,11.33470851438469,-58.53316996406512,-44.15454623856104,14.378623725504077,-49.829606943007086,-0.6040458122673235,0.4375073407583967,995.1311867047091,-44.127244321365716,4.328394435676429,18.734998390794672,-51.75501820955056,-35.00001669401351,16.755001515537053,-44.54000483179135,0.18314227310464753,-0.731285325035476,882.5448864273143,-52.6983529396545,4.382850828375266,19.209381383789754,-58.23284015372723,-42.956305341448754,15.276534812278477,-52.20681983588217,0.314890452099273,-0.8621549020837551,1053.96705879309,1,1,1
-43.18345819859917,1.7139515196612025,2.9376298117489457,-46.673078673091936,-39.15955774689615,7.513520926195788,-42.85983655031046,-0.02206488959096492,0.026242963177217415,863.6691639719832,-48.46624627409489,2.2067902536549338,4.869923223626406,-52.41542943551465,-43.95622816236217,8.45920127315248,-47.90294416758906,-0.33105877289460156,-0.40729347782699765,969.3249254818978,-45.44992540505409,1.88693236540033,3.560513751595285,-47.89376362113732,-41.78570444405912,6.1080591770781965,-45.90748561096891,0.41989240870547057,-1.1063296662811077,908.9985081010819,-53.09639428348923,2.5071191106173796,6.28564623482288,-56.70651647046188,-48.73159921718101,7.974917253280871,-53.79983399425626,0.2827775721624941,-1.374045524127004,1061.9278856697847,1,1,0
-40.877114965413675,3.3312049403785298,11.096926354802324,-45.791118872818906,-34.93942733094457,10.851691541874338,-40.66495915832486,0.04053139999358469,-1.1795628172710486,817.5422993082735,-47.78614716643001,5.014581682978373,25.146029455262212,-55.46430027731619,-36.764133977015945,18.700166300300246,-49.16361448129986,0.3506020354786877,-0.6849831744127703,955.7229433286,-45.99238256707471,3.5241937812014372,12.419941807458883,-55.833771960770704,-41.643650601061395,14.190121359709309,-45.50466440076414,-1.0588140447268095,0.8951725103954606,919.8476513414942,-52.644560142085446,3.893126990732591,15.1564377659706,-59.60309957003792,-45.58091006638561,14.022189503652307,-53.564099753666184,0.3756861276724912,-0.8896235934938423,1052.891202841709,1,1,1
-41.78987531454225,4.461134206878221,19.901718411778972,-49.17683316379087,-30.990961511856007,18.18587165193486,-42.522191059513716,0.5207628220124586,-0.34035183309993355,835.7975062908451,-47.48402329050458,3.640147042758608,13.250670492904238,-54.41304775200218,-41.902240883737605,12.510806868264574,-46.88821115844641,-0.4945390064343567,-0.6512054315466642,949.6804658100917,-44.34556637262901,4.129402960838188,17.051968812979197,-51.14939992434031,-34.554104920377696,16.59529500396261,-43.8260589735578,0.33431008090751063,-0.2004242674130099,886.9113274525802,-53.61375400698415,3.562336059170647,12.690238198467458,-61.19327101304034,-46.22133124790451,14.97193976513583,-53.52241681538034,-0.04466310488637068,-0.19338279358473676,1072.2750801396833,1,1,1
-42.880994920835356,3.6084106375377454,13.020627329095557,-49.35519739679263,-37.58910537105273,11.766092025739901,-42.571397428245476,-0.09460216324812432,-1.2177831752794712,857.6198984167072,-47.236228103810944,3.7768827393284505,14.26484322663718,-59.632096369276056,-41.59099259742218,18.041103771853876,-46.8851827749739,-1.4805070566451604,3.318994679666888,944.7245620762188,-45.55595061813703,4.568914020502635,20.874975326745545,-54.20759048465198,-38.50761168027961,15.699978804372371,-44.021078581272164,-0.3092151982486377,-1.1472358879880755,911.1190123627407,-52.5432481850101,4.8508261487432165,23.530514325330945,-59.56900845956652,-40.59948540141393,18.96952305815259,-52.3522198153563,0.5998053987827138,-0.078382076766216,1050.8649637002018,1,1,1
-41.350642115672215,1.670966596666966,2.7921293671767833,-45.255891999179674,-38.92216115412834,6.333730845051335,-41.240533090832756,-0.4286648845516753,-0.5363606658783246,827.0128423134443,-46.452547085053894,2.1166700370742824,4.480292045848044,-50.38053485486296,-41.168135261681485,9.212399593181473,-46.47970254272887,0.27137013539173993,0.1489814355028698,929.0509417010778,-43.37560436988538,2.160196957775729,4.666450896383515,-48.55074443668336,-39.916518953437006,8.634225483246354,-43.2505636625653,-0.7490599320942222,0.21690386966759956,867.5120873977075,-51.27378193850708,1.9489264550598269,3.798314327232063,-53.817830716492026,-45.81054031800177,8.007290398490255,-51.58892887637577,1.0531469038714252,0.9595273277045249,1025.4756387701414,1,1,0
-42.83309091088559,4.488181668753534,20.143774691735263,-49.97856192259527,-33.39607953381963,16.582482388775638,-42.179588891232896,-0.10262713976906813,-0.6950969454865978,856.6618182177118,-48.37457187115138,3.2745537962665354,10.72270256464358,-54.53945850964689,-42.948903147586975,11.590555362059916,-48.47182348965611,-0.04571635428014838,-1.0015655514602353,967.4914374230276,-44.88518607224974,4.430082515863429,19.625631097358852,-53.783521821952434,-35.348339321156345,18.43518250079609,-44.83915282475969,0.20232423134382432,-0.0847340073336822,897.703721444995,-53.22814525899162,4.00525547588742,16.042071427126167,-60.43819932140099,-47.36106246293329,13.077136858467696,-52.37704712634735,-0.3647526257166753,-1.0279657217767333,1064.5629051798323,1,1,1
-43.607415299106904,3.9858771799983934,15.887216894031946,-53.511076480001684,-37.05871822212096,16.452358257880725,-43.24813671951256,-0.5479503434197716,-0.15690586978615118,872.1483059821378,-48.765223009975614,2.623334338635579,6.88188305226457,-53.00527193117278,-42.21696840312008,10.788303528052701,-48.60307886099079,0.4426552266158554,0.14762802911263773,975.3044601995123,-45.736659282660746,4.028399956703813,16.228006211171284,-55.5194601599148,-39.29314485124881,16.22631530866599,-44.729832806271006,-0.8514857272338239,0.09440476891685368,914.7331856532148,-53.49230386791716,3.5639503111576807,12.70174182040093,-62.120418190977986,-48.60156350680834,13.518854684169646,-53.5548233733531,-0.5720974743844821,-0.44484434215889035,1069.8460773583429,1,1,1
-42.63951323484511,3.2266684907029517,10.411389548895263,-50.3194494649015,-37.84498679874057,12.474462666160932,-42.330803923859676,-0.6088069439395786,-0.2714881261344302,852.7902646969023,-47.37471216451125,4.348118427710352,18.906133861394345,-55.22490881174972,-37.57749698318308,17.64741182856664,-47.82023199239205,0.3136464164409179,-0.07712050168038198,947.4942432902251,-44.564029838391775,4.289028443504746,18.395764989192745,-53.92791489174374,-35.65772449844834,18.2701903932954,-44.54446257074288,0.012344642374502378,-0.21772787954430362,891.2805967678355,-51.28670002010409,4.625404237874463,21.394364363747037,-59.066837866435854,-41.524485047332895,17.54235281910296,-51.24009031497825,0.18580830178631066,-0.6870414087175791,1025.734000402082,1,1,1
-43.01090227552915,3.808169977051041,14.502158574112926,-50.20261898520596,-35.946347786366424,14.256271198839535,-42.93145257418368,0.11472946116438087,-0.9219684988311543,860.2180455105827,-48.27375610118926,3.7102176316683098,13.765714874342402,-55.43414659364209,-41.31022907724941,14.12391751639268,-48.31504413748739,-0.06357860817643178,-0.5266983712716371,965.4751220237853,-45.46945934474652,4.177280634964477,17.449673503249223,-51.08710525069026,-35.7476750762695,15.339430174420755,-46.78934386011491,0.7144123241257161,-0.3972381023598439,909.3891868949304,-53.632464933934315,3.2240355942047008,10.394405512698857,-59.04938711929663,-48.18048212091626,10.868904998380373,-53.29544626208704,-0.050466053011120636,-1.069913882328831,1072.6492986786864,1,1,1
-41.01619513606775,3.7386249284976127,13.97731635598378,-47.26934287520557,-34.0946268581164,13.174716017089168,-40.8101586564306,0.17331767939825926,-0.8909467301874199,820.323902721355,-46.95787480076488,4.1432441402600615,17.16647200579934,-53.27214705322484,-38.56736471495175,14.704782338273091,-47.867422239844444,0.207317313370772,-1.0700726535308578,939.1574960152975,-44.66478060486436,3.409272498514718,11.623138969128787,-51.01749493192605,-38.688652368594546,12.328842563331506,-44.814127297222136,-0.12176388629184365,-0.5522355018554248,893.2956120972873,-52.834275276510326,3.8098394181609545,14.514876392172999,-57.16904687558216,-41.78246704675162,15.386579828830541,-53.866315926708644,1.312376142173711,1.2509017029097924,1056.6855055302065,1,1,1
-42.401676449423995,1.6043276242079108,2.5738671257965993,-45.30415101469596,-39.905229021257796,5.398921993438165,-42.49122571473768,-0.1680462100693977,-1.0910911195207145,848.0335289884799,-47.38060282657171,2.0442798492010286,4.1790801018493795,-50.797072345785566,-43.69917994105717,7.097892404728398,-47.78995690003252,0.3025755715653737,-0.8938094004801664,947.6120565314341,-45.08560526935826,2.2736022664417934,5.1692672659692604,-49.11421507611095,-40.647838953504895,8.466376122606057,-45.37508614893446,0.15849551640800727,-0.6574885425462407,901.7121053871653,-53.612009069107486,1.9105216132493246,3.650092834692802,-56.42677285658786,-49.97132037425529,6.455452482332568,-53.134554292783996,0.04591594528917754,-1.2020734330076766,1072.2401813821498,1,1,0
-41.86222533275344,4.013621650147991,16.109158750536686,-50.55530248857732,-35.83790627036712,14.717396218210197,-42.1941207669572,-0.2060922592323552,-0.7428480866270846,837.2445066550687,-47.89253021711424,2.773526402742477,7.692448706709625,-51.75876664801187,-43.10997358799607,8.648793060015798,-48.371250935113665,0.18255772509978604,-1.3350614611592777,957.8506043422847,-45.24883583240179,3.5606168973833654,12.677992689931942,-52.09408767684634,-39.665347881675515,12.428739795170827,-45.33199854252104,-0.04083315928168808,-1.0394481031244107,904.9767166480359,-52.59092846858336,4.473962511416044,20.016340553556155,-60.69026952679133,-42.905075633735706,17.785193893055627,-52.51960359796585,0.35137167653007606,-0.4084477755607159,1051.8185693716669,1,1,1
-42.79059357017345,4.452651231189349,19.82610298661202,-49.573461451475296,-36.36672293729884,13.206738514176457,-42.35650882389244,-0.022462407438267194,-1.5443773151863205,855.811871403469,-46.30588690895084,3.233192017513697,10.45353062211429,-52.560458020413314,-40.035027868227935,12.525430152185379,-45.29746837314744,-0.3171398406953069,-0.6407491812518091,926.1177381790168,-43.986970653251824,4.694148242590496,22.035027723415443,-55.70911619401823,-34.56746658258245,21.14164961143578,-43.83889966014824,-0.2778820386362087,0.2099943027961899,879.7394130650363,-54.261082623270816,3.1410911280347493,9.866453474618613,-63.554773393108746,-49.69333586595866,13.861437527150088,-53.36721430609336,-1.1148367000702402,1.4589941386578031,1085.2216524654161,1,1,1
-41.60927825859427,3.2763238324426918,10.734297855031969,-48.350371842480804,-34.39509419997809,13.955277642502715,-41.41770244800419,0.031065612201126736,-0.3361475663780835,832.1855651718855,-49.79343001500958,2.9061473041100854,8.445692153186316,-54.76794654704826,-43.200005253646125,11.567941293402136,-50.381460778133984,0.6133468626203131,-0.30968783476105877,995.8686003001917,-44.07410449283723,3.421652783315643,11.707707769571687,-51.149026472986776,-36.79228382463738,14.356742648349396,-44.36825958453305,0.18279981307678853,-0.19286290210725499,881.4820898567446,-53.69110302234655,4.55091346508333,20.710813366676756,-62.08173258703536,-47.185095325265465,14.896637261769897,-53.17642025096958,-0.29533802892802913,-1.1103786427682154,1073.8220604469311,1,1,1
-42.65631914166551,1.7459567872202835,3.0483651028405743,-45.87966367038328,-39.649557300549304,6.230106369833976,-42.73679032782836,-0.08065773356735086,-0.9062821052833412,853.1263828333103,-47.59887429803207,1.9003066722643647,3.6111654486524634,-52.360905720536316,-43.87146521197378,8.489440508562538,-47.63501448245854,-0.32549419093788917,0.40374046428937715,951.9774859606415,-43.620249798922,1.8546173914012114,3.439605668487834,-48.270610509529135,-40.423363522877,7.847246986652138,-43.32761151159407,-0.6605501549664018,0.218401151677182,872.4049959784402,-53.008088245614395,2.437278554237976,5.940326750948358,-57.38098825120269,-48.45007003475442,8.93091821644827,-52.59629048431256,-0.0715048638433268,-0.8690485879924226,1060.161764912288,1,1,0
-42.173486919405285,2.020071552955117,4.080689079058497,-46.0450609650643,-38.50168075316031,7.543380211903994,-42.561402093148445,0.2959722329195628,-0.7169965868781341,843.4697383881056,-46.89187675637408,2.177412275726869,4.741124218486062,-50.669223302831305,-42.950306370161464,7.718916932669842,-47.17852717257066,-0.005377612067043858,-0.8520573492525751,937.8375351274816,-44.01447800252623,1.5889892176995006,2.524886733965271,-46.59335938616509,-40.57846675652235,6.014892629642738,-44.005179998939354,0.04542332527001353,-0.6465823823173658,880.2895600505248,-52.363908654121566,1.4010205179594641,1.962858491743405,-55.43012072549751,-50.07610810784693,5.354012617650582,-52.410341600860995,-0.32234400900306787,-0.7070088688789737,1047.2781730824313,1,1,0
-42.860615581895225,4.207772729154234,17.705351340214072,-53.365662458896374,-35.37719198741308,17.988470471483296,-42.248247726365136,-0.5284850637770653,0.04919840984936519,857.2123116379043,-47.84158642870831,3.2271766378083115,10.414669051615757,-52.42153198569653,-41.172211434750125,11.249320550946408,-47.99113181130164,0.3767932129029387,-0.7930938705807793,956.8317285741659,-43.46978346304305,3.412851889305007,11.647558018332756,-49.685508353493624,-37.3169155885396,12.368592764954023,-43.29339187598587,0.018412239523067867,-0.6077623008134605,869.395669260861,-51.03435169191899,3.122401387815305,9.749390426630944,-57.01226782800204,-44.693279300822255,12.318988527179783,-51.38473598647291,0.07958012595848031,-0.3952085981965614,1020.6870338383799,1,1,1
-42.913246077426905,3.448193900916028,11.890041178314494,-50.672985531430626,-35.58967105609564,15.083314475334987,-43.183180103185954,0.09930322779858176,0.1680463480886938,858.2649215485383,-50.06566078124372,4.318236799149751,18.64716905353108,-60.35381414045432,-43.15110225468827,17.20271188576605,-49.255660307243396,-0.38240744027230583,-0.3261944168826685,1001.3132156248744,-46.32820570344798,4.090400790058011,16.7313786233072,-56.467210987124275,-37.500743289194745,18.96646769792953,-46.31198750468394,-0.06421205685213675,0.6831014688625792,926.5641140689597,-52.34229903940477,4.0898698115200105,16.727035075182727,-59.26107902026585,-44.56425698360732,14.696822036658531,-52.046195611501595,0.20455360151770752,-0.7484029318204324,1046.8459807880956,1,1,1
-41.163833417579895,3.2771028607058224,10.739403159646283,-47.1230885522763,-35.07343919022774,12.049649362048562,-41.20914752770253,-0.19777345758891438,-0.9419192512590469,823.276668351598,-47.08233291552656,3.469731260512117,12.039035020175005,-55.102722240050184,-41.08310368873914,14.01961855131104,-46.87019332385797,-0.2473613771325155,-0.4070684996738789,941.646658310531,-43.776811797871666,4.062882583532634,16.507014887572808,-50.7179088187962,-34.14481195286622,16.573096865929976,-42.72185233429954,0.18007536304993196,-0.22655972061736884,875.5362359574333,-52.65479162722822,4.807048051371563,23.10771096819514,-60.51011963640338,-41.01711238363902,19.493007252764365,-52.587264436851555,0.372117181601505,-0.21964256076232536,1053.0958325445645,1,1,1
-41.54199975370998,2.8363659613263663,8.044971866570842,-46.36795623781151,-35.378451502054936,10.989504735756576,-41.78233092124397,0.3364865121571668,-0.4086050308721503,830.8399950741996,-47.974856622126715,3.165607013346607,10.021067762949224,-52.45985054135339,-41.27797458792703,11.181875953426363,-48.630309026129595,0.43218476043806453,-0.6505525870083559,959.4971324425344,-43.11000666037869,4.549651035661845,20.6993245462989,-54.58020606666116,-33.7624287308773,20.81777733578386,-42.73619798595517,-0.32492549645112806,0.47569408752838305,862.2001332075736,-50.742332363126835,3.7926833748838997,14.384447182120727,-56.750835360546,-42.708348884814136,14.042486475731863,-51.37340742686901,0.3885345471875575,-0.49563836780674775,1014.8466472625366,1,1,1
-42.40484482891567,2.0687644375466254,4.279786298057606,-46.742067079868896,-38.38461206722262,8.357455012646277,-42.3344712910542,-0.0978738868530476,-0.6122861960615493,848.0968965783134,-48.93282254416051,2.5414999883920357,6.459222190996718,-53.21268835823338,-44.98990371676062,8.222784641472757,-48.60051637370985,-0.3135722328432801,-1.08725492198358,978.6564508832103,-45.983040410544156,2.314837218271339,5.358471347094191,-50.278395770060506,-41.71315680652186,8.565238963538647,-46.40915085996917,0.14736037694234538,-0.8406558505876705,919.6608082108833,-53.56100785338915,1.8409807382126449,3.389210078469975,-58.80482454562849,-50.36018601510009,8.444638530528401,-53.365302419094135,-0.9974901585121034,1.371793073244584,1071.2201570677832,1,1,0
-44.38486397816707,4.662218752135672,21.736283692765504,-54.52236801136937,-35.96992797042083,18.552440040948547,-45.53965397759665,-0.013476586611103599,-0.42842398381012936,887.6972795633413,-48.43221554579122,4.166662507484855,17.361076451279974,-56.22042164522344,-38.90519665237019,17.315224992853246,-48.61490390457157,0.0961373427578209,-0.2595258518966621,968.6443109158247,-46.184496103210975,3.3963291002276033,11.535051357052842,-53.49097672937863,-39.293797010744214,14.197179718634416,-46.44537409532008,0.20987119967890644,-0.1577228460720943,923.6899220642194,-52.97308982659555,3.645355997842275,13.28862035100465,-60.00023662616676,-46.52155008918112,13.478686536985641,-52.25501108074798,-0.2391899193358395,-0.9315918225366353,1059.4617965319112,1,1,1
-42.7291310611231,4.227384633159023,17.870780836669045,-54.029220628600044,-36.78700428785618,17.242216340743866,-42.391816473485704,-0.8939717361812425,0.48171293925151826,854.582621222462,-48.58296814322143,3.291022304683192,10.830827809922269,-53.64546621321986,-39.759508986502,13.885957226717863,-49.43422530403954,0.7688805903578275,0.45076415965939987,971.6593628644285,-42.333589397274565,4.052510349874684,16.422840135841433,-52.1166345527067,-35.98892229069221,16.12771226201449,-41.57906178052401,-0.3702495258148995,-0.317799072927468,846.6717879454911,-51.41857994823241,3.2378038678454377,10.483373886634876,-55.25327465395136,-43.607019543172186,11.646255110779173,-51.82419404868648,0.8884286798505391,0.07123739468333756,1028.3715989646482,1,1,1
-44.60093249895626,3.403328808610474,11.582646979517987,-51.65529068359132,-36.13638799074593,15.518902692845387,-44.782714815378114,0.19509558238737038,0.34426152345310923,892.0186499791253,-49.55325591766795,3.660554438638304,13.399658798234592,-57.22473368138499,-43.04777838631379,14.176955295071203,-49.26986161127208,-0.17862301691120167,-0.9086083394548545,991.0651183533589,-44.47582237982531,3.827097320767787,14.646673902627976,-54.09547808982599,-39.14150407599781,14.95397401382818,-43.87041946250791,-0.8328131170859973,0.12127572248180485,889.516447596506,-52.3880981563207,3.800125033419049,14.440950269618128,-61.30762376045462,-46.54408564581609,14.763538114638528,-52.30198811908167,-0.5368917195918625,-0.17670164551689815,1047.761963126414,1,1,1
-43.049081118221956,3.454180023459256,11.931359634464984,-49.71296633618292,-34.92802892993767,14.784937406245255,-44.131200076745884,0.35380239467936364,-0.20315175382626682,860.9816223644393,-48.80035778617476,2.589638451926739,6.706227311697518,-54.636832126778486,-43.63150814130689,11.005323985471598,-48.354925568942136,-0.22923102235332332,-0.14471744638744521,976.0071557234951,-45.847886809610806,3.8667526910081267,14.951776373418591,-53.8951584142784,-38.861018646397454,15.034139767880944,-47.29335838120953,0.20808158698830362,-0.6056733038796014,916.957736192216,-53.39882257019319,4.769701682294219,22.750054138080298,-61.48679281198287,-43.7658774879792,17.72091532400367,-54.078096397497404,0.3806973933935906,-0.669205112612798,1067.9764514038638,1,1,1
-42.60244185515857,3.722380857086016,13.856119245200423,-50.310160849909195,-36.32750668455162,13.982654165357573,-43.41439588911233,-0.22162190177097993,-0.7678933569935409,852.0488371031713,-48.616583517728806,3.980042819783539,15.840740847310503,-55.70472059384717,-40.738295056133765,14.966425537713405,-48.97713917089238,0.17083697591928265,-0.46431730963574847,972.3316703545762,-44.12418415576178,3.6801819216493077,13.543738976434392,-49.96925375217126,-34.53887813420671,15.43037561796455,-44.568917857983465,0.50161241266282,0.28319292685080555,882.4836831152357,-53.1120478507804,3.4365840898995437,11.810110206950673,-59.26093810122814,-45.61005510660307,13.650882994625071,-53.922282478118134,0.3803419165312725,-0.5284466878788874,1062.2409570156083,1,1,1
-42.674557005144884,4.737478723185769,22.44370465263787,-51.55701343339885,-35.32897538262357,16.228038050775282,-42.12170695266474,-0.26613931695793885,-0.7022447985586346,853.4911401028977,-47.50850045627832,3.736834492884928,13.963932027214558,-54.26825448414221,-39.92339054686227,14.34486393727994,-47.60586199419919,0.2002795952727146,-0.4972725773984723,950.1700091255664,-44.91854254408607,5.004831503233586,25.04833837575935,-56.06790026138048,-33.217216948505936,22.850683312874544,-44.82250897935347,0.04619441998759989,0.32011491115671653,898.3708508817215,-53.64376570515376,3.152708564160086,9.939571290528349,-61.25543551552576,-48.49172231200625,12.763713203519508,-52.911722802427235,-0.6021951480794856,-0.33328182798197314,1072.8753141030752,1,1,1
-43.039976041521825,3.6436290447902544,13.27603261603914,-50.55936228367746,-36.170347853194734,14.389014430482725,-42.68616610413678,-0.2258579390589216,-0.4655021815210203,860.7995208304368,-49.385661508621936,3.580048826527304,12.816749600319525,-55.91483937975911,-41.92161241307807,13.993226966681036,-49.32043793822348,-0.01610182623435011,-0.7948784375761941,987.7132301724387,-44.61961114070833,3.727841810897887,13.896804567078437,-51.403283570184584,-38.35080253713867,13.052481033045915,-45.02284122960495,0.20840275237850606,-0.880049855800014,892.3922228141665,-52.25201514599617,2.598313933585501,6.751235297464559,-56.60038987051247,-47.13316005398921,9.467229816523265,-51.76059542280358,-0.14376699317742428,-0.9590943085536834,1045.0403029199233,1,1,1
-44.237333151787155,3.036020792925482,9.217422255075872,-50.22644271621922,-38.93333267707217,11.293110039147045,-44.18470403812208,-0.11131700898859898,-0.8754409432920687,884.746663035743,-48.202777594025704,3.962847191893724,15.704157866299974,-57.4286998366031,-42.387515400990615,15.041184435612486,-47.680588179796004,-0.6668630671948297,-0.4501303778976986,964.055551880514,-45.50995701761228,3.6660802120718166,13.440144121344536,-52.95731113158621,-34.549049808113544,18.408261323472665,-45.841057451947776,0.9272188907635137,2.2721718342040473,910.1991403522456,-51.92857033182671,3.142903699002908,9.87784366120616,-58.23948530456691,-45.89603694708762,12.34344835747929,-52.56185046957337,0.40948061824251925,-0.04792696233314109,1038.5714066365342,1,1,1
-41.645194344302936,4.156332908702485,17.275103247963255,-48.15893945531499,-34.451060971847625,13.707878483467368,-41.14526642970005,0.08618011527314755,-1.001956927066019,832.9038868860587,-49.59163615349975,4.745502878250906,22.519797567487633,-59.08703417120712,-41.12561326595761,17.96142090524951,-48.50552006893396,-0.24287408328875987,-0.9876695176887198,991.8327230699949,-44.11767830176483,4.03907448251919,16.314122675337664,-55.087824827328035,-36.60285332650106,18.484971500826973,-44.01309853400444,-0.5661298196126757,0.7958424354732383,882.3535660352967,-53.35863410197195,3.7928212288844714,14.38549287427671,-62.69894608823855,-46.220693331084085,16.478252757154465,-52.6643073685984,-0.5352811440784488,0.13691986666356115,1067.172682039439,1,1,1
-44.22882940331474,3.359785474645717,11.288158435640344,-49.02133394319081,-37.655117559398626,11.366216383792185,-44.739857371965456,0.441868038132985,-0.8692941772700489,884.5765880662948,-48.19766773718759,3.319711442508089,11.020484061519138,-52.32404458394878,-40.60820074479507,11.715843839153713,-48.6533278392161,0.5228362085813841,-0.728632259082989,963.9533547437519,-43.144071596103785,4.033518542972345,16.269271836501748,-49.55437127252388,-31.210727449477055,18.343643823046826,-43.470206413358326,1.030950019123509,1.7109137045997924,862.8814319220755,-52.640096731316575,4.020971225994906,16.168209600278974,-61.07421288782097,-45.14787256218131,15.926340325639657,-52.815145450124696,0.083069438164035,-0.5615651566950848,1052.8019346263313,1,1,1
-42.456907987845156,3.7335166394840975,13.939146497304629,-49.301718798651756,-35.7769072960207,13.524811502631053,-42.07201315106218,-0.11005627866225044,-0.741713296933622,849.1381597569032,-46.88838935845538,4.008864147094397,16.07099174985889,-53.76065504246795,-39.370749082342115,14.389905960125837,-46.67712161474971,0.01383891014641265,-1.032430930727037,937.7677871691077,-44.07802143222151,2.695844441107078,7.267577250647934,-48.374045081614476,-38.40333084831951,9.970714233294963,-44.349211665848216,0.3605709614371169,-0.539800703326176,881.5604286444302,-52.70309676651435,4.720588051875202,22.283951555506913,-61.71493240322545,-42.21729220047019,19.497640202755257,-52.51757622357159,0.21367075769294902,-0.3095520178650819,1054.0619353302868,1,1,1
-42.33131251524076,3.9913101523162693,15.930556731982922,-51.62264959460757,-35.19252477441899,16.43012482018858,-41.57212544534464,-0.20191658303033286,-0.3194972747906828,846.6262503048152,-46.62361786126545,4.832021836010554,23.34843502368281,-55.246147334664336,-36.43374755350521,18.812399781159122,-47.34758381844884,0.22640898048037114,-0.8606390234395618,932.4723572253091,-43.77205275278426,3.9134660677375184,15.315216663332956,-50.786245077602764,-36.91987217410164,13.866372903501123,-44.01948024379344,0.14575735756365119,-0.7448388142958073,875.4410550556853,-51.669263430285945,3.222307990532411,10.383268785849024,-56.75140679796188,-45.149512571847865,11.601894226114013,-52.068686146789524,0.3482465339518889,-0.4415786795958154,1033.385268605719,1,1,1
-41.473950815465535,3.703598364523216,13.716640845699041,-46.61191958215339,-32.921811880392006,13.690107701761384,-42.65097293841708,0.7035524362774174,-0.567781343544095,829.4790163093107,-47.3743195139222,3.480774868481285,12.115793685050905,-53.66558547557245,-40.06811933185948,13.597466143712971,-47.46083737931658,0.07715079573602629,-0.7293435188260204,947.4863902784439,-44.075485051105446,3.5758427831702106,12.786651609950479,-49.28436678812996,-36.15238364832367,13.131983139806287,-45.41243677989737,0.6114162694079214,-0.49959630250817977,881.509701022109,-51.8671938038368,4.048208009487922,16.387988088082167,-61.05335984449522,-46.045656621308254,15.007703223186965,-50.220410924210675,-0.8274431064211596,-0.37128086359969403,1037.3438760767363,1,1,1
-41.28677071583672,4.0428584795464735,16.34470468564082,-48.65231976288328,-35.30044311663123,13.351876646252052,-40.737875031678925,-0.22854893301849466,-1.0806194515421501,825.7354143167344,-45.97948171029266,2.862074927372389,8.191472889893666,-52.95560895633024,-41.54007466377418,11.41553429255606,-45.667026868033794,-0.45586437638240224,-0.12969581819845644,919.5896342058533,-43.94501076820048,2.971613135906825,8.830484629493993,-48.91367678008263,-36.4997803012693,12.413896478813335,-44.057437043849745,0.5873901765356409,0.43129812991504046,878.9002153640096,-51.05603977080437,4.486660491724697,20.1301223680033,-58.31357099181394,-42.6354868985552,15.67808409325874,-50.91436336415771,0.26509880267501457,-1.157028749223936,1021.1207954160875,1,1,1
-42.213503460084,3.1364311560693516,9.83720039676253,-48.173853339293146,-36.24936751748027,11.924485821812873,-42.26981740302314,-0.09237420722777183,-0.6169536928756378,844.2700692016798,-47.45611399166713,3.4699755635552583,12.040730411670632,-53.713693957577284,-41.626722203245166,12.086971754332119,-47.59295233778315,-0.2958043732161282,-0.9481072173994125,949.1222798333424,-43.93367342085752,4.498008092484643,20.23207680005733,-52.28307740804803,-32.734928573625695,19.548148834422335,-44.238569422176944,0.3520345522501689,0.5113816309598667,878.6734684171502,-53.5702728225133,4.292980090462204,18.42967805710487,-60.99417835883138,-46.22864365348663,14.765534705344749,-53.01031734620969,0.024365867727692555,-0.9792829930949862,1071.405456450266,1,1,1
-42.08904625126138,4.021899674185484,16.175676989213297,-51.891926408204746,-33.18401982016314,18.70790658804161,-42.68983078132119,-0.10063031968092429,0.41904946500130613,841.7809250252276,-47.95371634924656,3.6619751250491097,13.410061816478443,-57.43489012159347,-41.86615129860842,15.568738822985047,-47.179421457796735,-0.8175661851471313,0.5137354727614865,959.0743269849311,-43.96325173299983,3.214310783680095,10.331793814082145,-51.236356816184994,-39.34318326372959,11.893173552455401,-43.201474354992015,-0.7283635192087158,-0.27496266983747963,879.2650346599964,-52.35005635099316,4.148385800774698,17.209104752069138,-58.15679674008558,-42.74235022468464,15.41444651540094,-52.47638533692509,0.41621722950776585,-0.46088643711598376,1047.0011270198634,1,1,1
-39.89311205380306,4.658823157234194,21.70463321038158,-47.92509948871336,-31.76761484909961,16.15748463961375,-40.92089996837477,0.21350508064210333,-1.119911721755255,797.8622410760613,-48.167403027516954,3.822120201289437,14.608602833104806,-56.11065286541639,-40.358596966812186,15.752055898604205,-48.01602635326798,-0.2726167182311286,-0.3785908160184559,963.348060550339,-44.27143987580765,3.71350089108102,13.790088868059527,-52.91514386143199,-35.617270229848295,17.2978736315837,-43.97027298508552,-0.21924328038295654,0.8008854692235587,885.4287975161529,-51.48388725914706,4.130571724310706,17.06162276967512,-58.71174602849049,-44.67818350526792,14.033562523222571,-51.33464930222473,0.052901802632449826,-1.2200540115422078,1029.6777451829412,1,1,1
-42.230440745165595,2.1113148335334597,4.45765032629842,-45.32552646202825,-38.69283619633205,6.632690265696198,-42.19550300161002,-0.0036423175316184393,-1.3227386475733234,844.6088149033119,-48.49530976395532,1.717736654452667,2.950619214050241,-51.29317570272126,-44.863155605535624,6.430020097185633,-48.28563172052354,0.11773501635980216,-0.7229110687639126,969.9061952791064,-43.87005780639505,2.0111200059554895,4.044603678354409,-47.62422566872202,-38.20189889139849,9.422326777323526,-43.968903090277564,0.6005988522680045,1.2918929265537953,877.401156127901,-53.17103583296019,1.840024558304348,3.3856903751631107,-55.95861108763412,-49.549842334504625,6.408768753129493,-53.27988307187296,0.34645828466800965,-0.6795114995317659,1063.420716659204,1,1,0
-41.92013970551761,3.6101845493122564,13.03343248009294,-50.032464344484666,-34.185928406997355,15.84653593748731,-42.134362638552574,-0.2588782274905499,0.20739600222415078,838.4027941103523,-48.29212733865851,3.9900975557328167,15.920878504265,-56.45994637543917,-41.03395665124598,15.425989724193194,-47.3748081131966,-0.2769829077911353,-0.6724865816734735,965.8425467731702,-44.13444098886863,3.4963720472663193,12.224617492905272,-49.55031176162135,-38.60115511433455,10.949156647286799,-44.7579568265254,0.1402931975581531,-1.2495457908129302,882.6888197773728,-53.011962679239176,4.268870746962297,18.22325745427044,-59.54627397929926,-41.64792954824463,17.898344431054625,-53.3020392197168,0.7214831715724596,0.4064960531551396,1060.2392535847835,1,1,1
-43.527665007820374,2.3315141742241985,5.435958344608347,-48.258732311243044,-40.141494898966876,8.117237412276168,-42.81265292855275,-0.41883945090876007,-0.9492318022651274,870.5533001564073,-48.261325985343646,1.7183527967100825,2.952736333961362,-51.43145338381357,-45.414979096734854,6.016474287078715,-48.649519135448344,0.09329643310425946,-0.9283356680371271,965.2265197068729,-45.21191337878271,1.4225442602399825,2.023632172341719,-48.514702266689405,-42.61235461954231,5.902347647147096,-45.094231610716434,-0.43182410215894135,-0.19953496468004905,904.2382675756544,-53.50017582242549,1.762307422919557,3.10572745287737,-57.7021926396764,-49.81920758167485,7.882985058001545,-53.48734602475542,-0.17088500408474155,0.223329994499617,1070.0035164485098,1,1,0
-46.317110567832245,3.9993259876748124,15.994608355691113,-52.16506633043791,-39.16432466756066,13.000741662877246,-45.79525374922217,0.20594928510053065,-1.2069109833859621,926.3422113566448,-50.72796824225001,3.588399173958747,12.876608631667818,-55.57562977064366,-44.334115554644924,11.241514215998734,-51.56076944801928,0.2735854511104943,-1.2252037800577096,1014.5593648449999,-47.34132541100378,3.8567194625549734,14.874285012850322,-53.96915936432041,-41.9398866858029,12.029272678517515,-46.91494965978286,-0.296695410606171,-1.1716641573148394,946.8265082200755,-56.61976658512957,3.568418893980756,12.733613402918841,-62.831319080876014,-49.580842823969064,13.25047625690695,-56.72458965441664,0.14371218033723085,-0.6833708239148937,1132.3953317025914,2,1,1
-46.2086037706172,1.9450668901890507,3.7832852073097043,-48.936901260653876,-42.647994064078354,6.288907196575522,-46.45520081742164,0.17112997583542874,-1.2547294616330458,924.1720754123439,-51.40759667744301,2.3505056198724668,5.524876669052048,-54.99305631616295,-45.745706755583434,9.247349560579515,-51.75125962438742,0.6107805698286781,-0.03341707687853468,1028.1519335488601,-48.10093324312982,2.3226855745595265,5.394868278266918,-53.15602512803866,-44.71467624927959,8.441348878759065,-47.720897238040045,-0.44068273425709,-0.5104847311241651,962.0186648625966,-56.17258325610353,1.7165961499342193,2.946702341968985,-60.09751264447719,-53.30634889293006,6.791163751547131,-56.02246548476816,-0.604648117482816,-0.2081835332460522,1123.4516651220708,2,1,0
-46.91090524716428,3.2793950264362217,10.754431739414628,-55.025372319095965,-41.17756006274941,13.847812256346558,-46.853761584675524,-0.4769171094563226,0.11163437114502184,938.2181049432854,-51.447621087303354,4.197313179231174,17.617437924547705,-60.45277421091132,-45.7774197104201,14.675354500491224,-50.493427081978865,-0.5662435109944328,-0.6842453033866085,1028.952421746067,-46.86616283441445,3.8140721038600667,14.547146013443555,-53.81271913372472,-37.71384989893086,16.09886923479386,-47.25281501702859,0.44585821521354374,0.03227074860774559,937.3232566882891,-57.093838358904144,3.602907316539432,12.98094113157337,-65.0159864634911,-50.4057732384543,14.610213225036802,-56.7576453698378,-0.11279091684484342,-0.3947830345423289,1141.876767178083,2,1,1
-44.98224531814488,4.746754570837525,22.531678955766935,-53.72278724189364,-35.75107156567476,17.971715676218878,-44.7197914066618,-0.04344416031557019,-0.6414523383008341,899.6449063628975,-50.84839404225607,3.3694047745212945,11.352888534566894,-58.506236907015825,-44.16873309370155,14.337503813314278,-51.15376187413814,0.048186625147554,0.02636659597205826,1016.9678808451215,-46.167421415663554,4.643859751050207,21.565433387424086,-54.69043060806616,-34.6500031731638,20.040427434902355,-46.687153203359244,0.46164507555727174,0.0434073374729298,923.348428313271,-55.23547233665505,4.179070146576507,17.464627290006984,-61.86151692692355,-47.677642733840756,14.183874193082794,-55.62562944531373,0.3992992863063289,-0.9962203675188195,1104.7094467331012,2,1,1
-44.86783107173089,1.507718144313728,2.2732140026928316,-47.13333032176484,-42.463203182380845,4.670127139383993,-44.66960612512936,-0.09552280942387414,-1.380741905051977,897.3566214346178,-49.784908824734934,1.6830095150833206,2.8325210278609942,-52.52976528297993,-46.50447193058861,6.025293352391323,-49.82929711108992,0.40020814264661175,-0.571138232288277,995.6981764946987,-46.71817511692485,2.294861429375879,5.266388980037101,-50.33855487816717,-40.7759971310665,9.562557747100676,-46.6199784494642,0.5967207856630776,0.462624852033354,934.3635023384968,-54.37716241100882,1.8555074741951478,3.442907986794057,-58.17859754672317,-50.26629490384496,7.91230264287821,-54.22389239804025,0.05510498043934582,0.11759019909593293,1087.5432482201763,2,1,0
-43.209141703131195,4.0437287309476915,16.351742049491826,-53.01282621095111,-38.54743531717857,14.465390893772543,-42.30889017067473,-0.8468958339964462,-0.21963086968704637,864.1828340626239,-49.434897226156565,3.6560395084637416,13.366624887447799,-55.25615047824085,-42.044265428640415,13.211885049600433,-48.5976956497187,0.08934856604392655,-0.885127162383688,988.6979445231311,-44.45678187452187,3.529906246263305,12.460238107408696,-50.2982176211042,-38.91764555393261,11.380572067171592,-44.6392528918894,-0.12879893597997993,-1.1603297292039685,889.1356374904375,-53.999432303635864,3.3815442590022813,11.434841575591287,-60.84164826251402,-47.89647650315886,12.945171759355162,-54.231863415347576,-0.22613471187508816,-0.7464967959768787,1079.9886460727175,2,1,1
-44.85421341110969,4.251967808069812,18.079230240861996,-51.917356587311325,-33.48402865300724,18.43332793430408,-45.74016784506327,0.7887123755526838,0.7185563302543203,897.0842682221937,-51.15639558617273,3.468737919288391,12.032142752709156,-56.66536501823196,-46.086564556539734,10.578800461692225,-49.717732823227934,-0.3629569322509119,-1.4595775889809177,1023.1279117234546,-46.623214297241034,2.81827740960846,7.942687557509373,-51.21607104551879,-41.28394404145215,9.932127004066636,-46.43663015700449,0.12865787513887908,-1.037475404832336,932.4642859448205,-55.32991046082513,4.214542136491805,17.762365420264913,-63.69807998492275,-50.04835561834406,13.649724366578688,-54.459493220672314,-0.6301691566250052,-0.729820376109501,1106.5982092165027,2,1,1
-44.76391738086595,4.027875392317192,16.223780176034374,-51.898406116402185,-36.51658159700475,15.381824519397433,-45.0055005560193,0.21706335561067938,-0.8032654678570981,895.2783476173189,-50.23021141023571,2.985420916335844,8.912738047695552,-56.10927870406685,-45.7757085492033,10.333570154863551,-49.87985664113182,-0.23709145635829404,-1.0132892096087827,1004.6042282047142,-46.245659016746835,4.498724229874995,20.238519696464365,-57.00476018376939,-37.78155947888526,19.223200704884135,-46.141002841267955,-0.48339878780198564,0.16389639950320767,924.9131803349369,-52.94624660048146,3.9810774323615963,15.848977522458801,-61.49430692274798,-47.40649197191426,14.087814950833724,-52.70795722357474,-0.42155225614475633,-0.642861053484034,1058.9249320096292,2,1,1
-43.30879311411466,4.088248816655685,16.713778386886613,-52.270158972356505,-34.671171655697165,17.59898731665934,-43.176649088518346,-0.3130936936329814,0.06795995061728721,866.1758622822931,-50.117422934777714,3.625404772683829,13.143559765798685,-56.403921130505005,-45.35169927950739,11.052221850997611,-48.43861905249791,-0.4276959793088676,-1.2673685518873128,1002.3484586955542,-46.817255015236796,3.499170695414397,12.244195555646874,-52.11408786584007,-38.458238265824974,13.655849600015095,-46.97383921385121,0.5956076921987229,-0.1753703333442056,936.345100304736,-54.618491755213014,4.086732787455102,16.701384876060544,-65.90275987140852,-46.92937094982086,18.973388921587663,-55.08161374383165,-0.5781846100458717,0.9913691626246952,1092.3698351042603,2,1,1
-45.36486663835275,4.843710013473718,23.461526694625565,-53.3701884320425,-34.024194871491176,19.34599356055132,-45.262082194256934,0.4538211446296693,-0.2509878876771112,907.2973327670552,-51.54271378015611,2.9170045949499697,8.508915806959237,-56.37358849436454,-46.46944606682632,9.904142427538218,-50.79231018104535,0.0052480982559467634,-0.9571613655661748,1030.854275603122,-46.473138874295095,3.353242714101425,11.24423669967429,-54.39665659487455,-41.81830748221291,12.578349112661641,-46.33706888873246,-0.8871623873365483,0.5468503438999108,929.4627774859018,-56.73319999199848,3.7917031134938814,14.377012500879195,-64.12606571099506,-48.84583963577765,15.280226075217413,-56.66141405199629,0.3104506824453387,-0.3858235171632005,1134.6639998399696,2,1,1
-44.94861712371532,3.016850242001971,9.10138538266735,-51.043034002476226,-40.374319646426095,10.668714356050131,-44.81597681256525,-0.3674622808983644,-0.511186442957309,898.9723424743065,-51.05505083330593,4.158352240832337,17.291893358835317,-60.18093142490372,-46.29803180589607,13.882899619007645,-50.70241545938567,-0.7130980774702308,-0.5563819361767499,1021.1010166661184,-47.0388157317533,3.3663817005274517,11.332525753646097,-53.53685124833744,-40.816748175544156,12.720103072793286,-47.6533768484949,0.18729945967239534,-0.24395387502503274,940.776314635066,-55.98546940363997,3.254439607761024,10.591377160563727,-63.75942718515199,-50.18984071167294,13.569586473479049,-56.880229677797324,-0.28301276351075794,-0.3863616879685212,1119.7093880727996,2,1,1
-45.54157995227027,1.8306914489830337,3.351431181379599,-48.98322524764418,-42.4746028157029,6.508622431941276,-44.90464542298743,-0.35655174603323564,-0.9038758501665569,910.8315990454055,-50.892459907776654,1.585667705956566,2.514342073713559,-53.688500635869296,-47.59847045187446,6.090030183994834,-50.57077786154656,-0.052080617021021354,-0.7930133386369818,1017.849198155533,-46.94252895062424,2.33915373883371,5.471640213899723,-50.81456140260733,-42.273979968746374,8.540581433860957,-46.92254094327396,0.22204190130840695,-0.9452739330371522,938.8505790124848,-55.69850619761043,2.385159839266847,5.688987458851451,-59.895015715639886,-51.86798626533308,8.027029450306806,-55.60643999618954,0.07231914325730789,-1.16563935469493,1113.9701239522083,2,1,0
-42.983942989435945,3.8053549039266166,14.48072594483835,-49.7429683091612,-36.964574487930356,12.778393821230843,-42.62361568356748,-0.3059548503638407,-0.7393967183274341,859.6788597887189,-49.89523295262439,3.3734261120574973,11.380003733511362,-56.65087557836638,-44.392337411367286,12.258538166999095,-49.62371399589034,-0.27198806898565453,-0.6580768051946264,997.9046590524878,-46.32954467836695,5.0919794363030935,25.928254579733572,-60.23619721311827,-37.85808729641022,22.37810991670805,-45.69410666227082,-0.9917919392130266,1.1832863644309795,926.590893567339,-55.728706320221875,3.7414052691872457,13.998113388302087,-65.8119622263747,-51.149880840705556,14.662081385669147,-55.219923580026375,-0.9746633732880946,0.4253449060836627,1114.5741264044377,2,1,1
-45.03976906781837,4.170282960326919,17.39125996919305,-51.04698841455841,-34.765567874105315,16.281420540453098,-45.32818983453299,0.6609556695935423,-0.03850231249115721,900.7953813563674,-51.304823810428864,4.059017108184161,16.47561988453171,-59.450713840361686,-43.22477798730473,16.225935853056953,-52.4196614673606,0.30444071049953114,-0.5678560441634835,1026.0964762085775,-47.29059629676233,2.6274852123739167,6.903678541243606,-50.96253600416467,-42.118843229158905,8.843692775005763,-48.25994484311456,0.46752869822511733,-0.8981924635493659,945.8119259352466,-53.35007413326027,4.253418973417365,18.091572963426835,-62.2067112125639,-45.68141610993537,16.525295102628533,-52.84743180893213,-0.28344802803143193,-0.7649403098654921,1067.0014826652055,2,1,1
-45.21943416006374,3.477151063563809,12.09057951884293,-49.65254416398228,-34.57405062122518,15.078493542757094,-45.798153527865566,1.262288654065601,1.9027450665982952,904.3886832012747,-50.144225358179945,3.3779322620248906,11.410426366828593,-56.7553031421802,-42.58414967017822,14.171153472001983,-49.52925819134808,0.12430948337337762,-0.3847986715059464,1002.884507163599,-47.87449219129577,3.371954614850094,11.370077924608847,-55.613154398317405,-41.12796651764398,14.485187880673422,-48.57328856863457,-0.1977230556197464,-0.2634708145191591,957.4898438259154,-55.90867647883825,4.033701036007049,16.27074404788434,-61.596422957381094,-44.463883278698106,17.13253967868299,-56.153174880511244,0.924117478680618,1.0451601407878748,1118.173529576765,2,1,1
-45.79659716770932,1.5460336459459414,2.3902200343969002,-48.54731016054041,-42.953218167113185,5.594091993427227,-45.70235599503777,-0.16333285301721634,-0.6588403501723303,915.9319433541863,-51.264934044346056,1.996455310451215,3.9858338066288574,-56.061112325041044,-48.31760317698273,7.743509148058315,-51.13959987029385,-0.45097658993451517,-0.3118008353961086,1025.2986808869211,-47.31901959678715,1.9734184042214307,3.8943801981198582,-53.07660304146255,-43.367886680621936,9.708716360840612,-47.304641408621315,-0.7373714048009087,1.8169922863685386,946.3803919357431,-55.93234951278676,1.738523889384296,3.0224653139599003,-58.99093469413684,-51.752584870657316,7.238349823479524,-56.021764112815106,0.4658206250037899,0.11938152274937774,1118.6469902557349,2,1,0
-44.91752812894282,2.2176276368735386,4.917872335825315,-50.14335917346242,-40.33373271492648,9.809626458535945,-45.31364459403796,-0.025493715944585566,-0.025512537667730317,898.3505625788563,-51.535300117612096,1.5210852162089807,2.313700234969522,-55.007706859059994,-49.266041103260115,5.741665755799879,-50.893266165117254,-0.6574369763922515,-0.39012957804784243,1030.706002352242,-47.39204413077495,2.702405556663722,7.30299579268696,-52.628169478269,-41.42858549063861,11.19958398763039,-47.29137859328634,0.10949168978917335,-0.20904197225446142,947.840882615499,-54.93918475581429,2.1623403793253932,4.675715916061086,-59.64864500616119,-51.69055642985847,7.958088576302721,-55.00297606601356,-0.30530518277909163,-0.735654510854503,1098.7836951162858,2,1,0
-46.306708429284726,1.9752635947161583,3.9016662686109997,-49.72225460807183,-42.46788443163374,7.254370176438087,-46.57778925003976,0.20490454866752852,-0.9486424204780408,926.1341685856945,-51.723940191947996,2.0309900623740185,4.12492063346202,-56.70818247341024,-47.39256055177045,9.315621921639789,-52.014570080772806,-0.2317662299159887,0.3155982391506238,1034.4788038389602,-48.677510779278435,2.2120369425001694,4.893107434985498,-53.396825680167765,-45.61808968873555,7.778735991432214,-48.7735411959237,-0.47596257480443444,-0.587989577418881,973.5502155855687,-56.67324722186517,1.5052022343694027,2.2656337663506423,-59.02382200344798,-54.02379772836307,5.000024275084911,-56.71335471439847,0.13632364105593664,-1.100847378883007,1133.4649444373033,2,1,0
-44.72040026667823,4.200282153390447,17.642370168090288,-53.47818771905118,-37.4354854980324,16.04270222101878,-43.693342273132146,-0.4522396836232268,-0.3381100263547676,894.4080053335647,-50.197134326467214,4.069787530660483,16.563170544719554,-57.442775694746224,-42.56762253762564,14.875153157120586,-49.56953147108386,0.10482566907670558,-1.118112933556207,1003.9426865293444,-48.36231383361339,3.8494010043850495,14.817888092560628,-53.92990900342413,-42.00384868757004,11.926060315854087,-48.38895225849619,0.04660735781166591,-1.217371023706091,967.246276672268,-55.940096426371795,4.685558508651527,21.95445853799672,-65.0075736829576,-47.552774354757446,17.454799328200153,-54.89556618668436,-0.22356752510420064,-0.6351721454878803,1118.8019285274358,2,1,1
-45.906040949863225,3.069793147651023,9.423629969365177,-52.40171296354881,-41.064881237679785,11.336831725869025,-46.01679095828291,-0.1424213940516107,-0.8317077981874537,918.1208189972645,-51.49151185912518,3.2037453076126114,10.263983996049827,-57.72785573297109,-44.67852542638649,13.0493303065846,-50.987455655012226,-0.13441353804616946,-0.05508006699921353,1029.8302371825037,-47.93655150380733,3.653429198090914,13.34754490546322,-54.323593454904355,-41.81210329963742,12.511490155266934,-47.60810885578628,-0.09598500481537964,-0.965295868544441,958.7310300761466,-55.88457994473517,5.432536339538179,29.512451080402872,-66.21586580570397,-44.72100893999129,21.494856865712677,-55.88412571343568,-0.09038555786651882,-0.6069710402486233,1117.691598894704,2,1,1
-43.865245584599606,3.793802195779073,14.392935100698116,-51.27774904748092,-36.96894756351857,14.308801483962348,-43.79988099376688,0.018796062571390337,-0.8778776780357718,877.304911691992,-48.5841576348216,3.897850518243772,15.19323866257324,-56.30965739417704,-40.85765108778341,15.452006306393628,-48.11973100822572,-0.10965136851085278,-0.7265994245170599,971.6831526964318,-46.43145790190238,4.0519012205566005,16.41790350114807,-52.86998176969298,-40.58233874099481,12.28764302869817,-44.880407402175265,-0.27662384808053564,-1.35976653636336,928.6291580380474,-53.98099584288265,4.875909059834521,23.774489159776365,-64.72270621350513,-45.46420251605178,19.258503697453357,-53.30544884474337,-0.5109967330457945,0.0669874998197626,1079.6199168576532,2,1,1
-45.72962471415205,4.693155091608559,22.025704713891344,-51.85219479588463,-36.64351107702242,15.208683718862211,-47.07398376519632,0.40172501389536747,-1.1347882819229422,914.5924942830412,-48.94835809534596,3.8354584853757148,14.710741793040572,-54.37012032563699,-42.36686975052021,12.00325057511678,-49.58429299859328,0.3586996331635206,-1.196518335958557,978.9671619069192,-47.66010599989259,4.813565137361696,23.170409331623922,-57.5211017535653,-36.99853275392188,20.52256899964342,-46.94718694104046,0.0749674794111928,-0.35222603336260105,953.2021199978519,-55.49996194701755,2.373472873831816,5.633373482815459,-60.186420744270755,-49.55626422821955,10.630156516051208,-55.4501929299289,0.22687332620485526,0.2654759260116184,1109.9992389403515,2,1,1
-45.17755935649801,2.0907026908220407,4.371037741410523,-50.03999192404187,-42.24318356499336,7.796808359048512,-44.604363509520795,-0.569412183717175,-0.4066842863895066,903.55118712996,-50.86882515863436,1.6743037121901423,2.803292920653691,-53.1205171050507,-46.82724307408149,6.293274030969215,-51.29843460919892,0.8252035586644817,-0.05454783640957572,1017.3765031726873,-48.20454091641593,1.8110977596885258,3.280075095148797,-51.61737130477959,-45.609242119372325,6.008129185407263,-48.26801871316164,-0.3243884083194107,-1.0246664021022902,964.0908183283188,-55.16581221187819,1.9537142767389584,3.816999475133631,-58.61814307893408,-50.90245491197577,7.715688166958316,-55.46533154345799,0.2705104865509892,-0.5207794128701675,1103.3162442375638,2,1,0
-44.484898250924594,1.8663565413008647,3.4832867392565263,-48.23894346323715,-40.29164149649336,7.947301966743787,-44.60053913488573,0.576720852124264,0.3525139080537154,889.6979650184919,-50.58524493320987,1.7096640695768643,2.9229512308021253,-52.90445546885665,-47.04809199787919,5.856363470977463,-50.84599582414094,0.4213235253409279,-0.9424942342289988,1011.7048986641975,-48.19931211765977,1.8661165454266968,3.4823909611152692,-51.705906542342255,-44.622607507119795,7.08329903522246,-47.89866260154753,-0.26162397992221736,-0.6402757998528439,963.9862423531953,-55.83399688099413,2.1944352031547165,4.815545860844681,-59.1206919414616,-51.47410174814946,7.646590193312143,-55.99451869295922,0.1674500410133139,-0.9508101728029166,1116.6799376198828,2,1,0
-44.24966360828684,1.7307389726353974,2.995457391399031,-48.61966220613476,-41.51341942865172,7.10624277748304,-44.03568492041357,-0.6065323736984747,-0.06089350969910168,884.9932721657367,-49.93175454075033,1.7461157720121505,3.048920289269588,-53.900035946131815,-47.33874985248194,6.561286093649876,-49.917539059073,-0.4859889669737046,-0.32040019449736246,998.6350908150067,-47.65954701402132,1.6872616566790262,2.8468518980992523,-50.20045519766964,-43.3475829097974,6.852872287872238,-47.65325873541476,0.3602077792750006,0.18453198621895517,953.1909402804265,-54.82754160408994,2.123976672764085,4.511276906445994,-58.876721295920376,-48.434891789080524,10.441829506839852,-54.69925492841356,0.7946239476879413,2.222401690676797,1096.5508320817987,2,1,0
-45.773411483811955,2.5754662739987677,6.633026528505097,-51.28873396784386,-41.41828267461944,9.87045129322442,-45.69466942169362,-0.5173298931612482,-0.4775470497275305,915.468229676239,-50.28413259363945,1.7848842159614184,3.1858116643882077,-53.21795894565355,-47.199875305287364,6.018083640366186,-50.160036842013746,-0.11388326535072314,-1.05739993247636,1005.6826518727888,-47.104617360316404,2.0383065422872577,4.154693560331036,-51.871983687298226,-44.16810061472264,7.703883072575586,-47.13455174895474,-0.4347682054423631,-0.5624652210598433,942.0923472063279,-55.432799950714596,1.9069385763223359,3.636414733866257,-58.64840378703135,-50.919163062539724,7.729240724491625,-55.64744249489869,0.33440655216426485,-0.28142913511473333,1108.6559990142916,2,1,0
-44.92401379246775,2.991264491821816,8.947663260034027,-48.657471298332375,-38.65899236167773,9.998478936654642,-45.01373115295647,0.3854983439444048,-0.975294368165291,898.480275849355,-49.01257624663277,3.815501225594246,14.558049602511195,-53.98087632317915,-39.51562956661341,14.46524675656574,-50.0574667586571,0.6360093311950313,-0.2715068036380557,980.2515249326553,-46.53706262225079,4.227464626311325,17.87145716671355,-55.76460136533985,-37.16217619564511,18.60242516969474,-46.738921696692145,0.11984510488452052,-0.06996081272799737,930.7412524450157,-54.68014734863304,5.129281199590932,26.309525624476993,-61.65163332535429,-43.98401548529251,17.66761784006178,-55.42653950002051,0.5607002880012699,-0.7661914061038857,1093.6029469726611,2,1,1
-45.066455462147886,2.9833173907496033,8.900182653949022,-49.03253277519629,-39.592343379012135,9.440189396184152,-45.98374722297762,0.5629897630810001,-0.8825501345079649,901.3291092429577,-51.99567442170678,3.0335456937514156,9.202399476077758,-57.05614094436982,-46.178830592481376,10.877310351888447,-51.60538479049009,0.04486912152508251,-0.9959646340156856,1039.9134884341356,-48.7316168942594,3.816811025728715,14.568046406124287,-53.95217617409396,-39.75158800216302,14.200588171930939,-50.290178651432534,0.7153123074541214,-0.3687512765885348,974.632337885188,-54.88618576750996,3.8583336698842485,14.886738708162454,-61.219795190528345,-47.612123098680776,13.607672091847569,-55.39021674722444,0.10255928001842586,-0.5606423957566342,1097.7237153501992,2,1,1
-45.12556405437824,3.5317498185638803,12.473256780926,-50.99589148769928,-36.71130804650987,14.284583441189412,-45.39091395893555,0.5214299514477987,0.020388000577327148,902.5112810875648,-51.74232262864181,3.3865840001961707,11.468951190384697,-57.36411251783417,-43.401435932365146,13.962676585469026,-51.94543012100861,0.47734698133138503,-0.13039305464017348,1034.8464525728361,-49.17464639624672,5.52118186037722,30.483449135358455,-59.6135377405989,-39.823839430274965,19.789698310323935,-47.944958880804194,-0.3795657469028973,-0.9333598884903123,983.4929279249344,-57.1446744727764,3.455200935254227,11.938413502981685,-64.51443394191239,-48.173897503769766,16.34053643814262,-57.14458770311475,0.47375405143036425,0.7929125474710679,1142.8934894555282,2,1,1
-45.870311234942605,2.9912404011279095,8.947519137339857,-51.33086740048029,-39.65855076429426,11.672316636186025,-46.418211702413785,0.8072495161167446,0.1908586227591571,917.4062246988522,-49.6028143217323,2.9096581699167636,8.46611066576337,-55.233043367085436,-42.99650409907987,12.236539268005565,-49.26364582365103,0.02177733864697926,-0.2349296848214837,992.0562864346459,-46.34052916476444,5.08862831972464,25.894138176303606,-56.60278190907251,-34.35539259348479,22.247389315587725,-46.9242991195784,0.408280354137792,0.2625547626450939,926.8105832952888,-53.988212783245594,3.212909436189143,10.322787045153236,-58.75405582901564,-46.35651337474391,12.39754245427173,-53.87295697473335,0.5046483466609982,-0.41230613126905125,1079.7642556649116,2,1,1
-44.52602351408784,5.231237968457547,27.365850682631844,-54.52798446123367,-33.58146486584186,20.946519595391813,-45.52204980579448,0.22640497808007926,-0.540368950233812,890.5204702817568,-49.342303185286056,3.532399190280844,12.47784403949676,-55.272084151307354,-38.05349222014479,17.218591931162564,-49.90379456742747,1.4032165273550694,2.9208834308411573,986.8460637057212,-46.80403489317872,3.2984416636563347,10.87971740854397,-53.483528050853465,-41.06900537323642,12.414522677617043,-47.42854887063611,-0.04051513505737967,-0.8557188532623061,936.0806978635744,-54.86655919192159,3.86875980073688,14.967302395797665,-65.22773433115096,-47.710651429046436,17.51708290210452,-55.948573418988346,-0.4198484657433003,0.6185770429700792,1097.331183838432,2,1,1
-42.77897212560848,1.6978167781530078,2.8825818121778597,-47.387760549677715,-39.578033151314,7.809727398363712,-42.98247988452902,-0.5494396903632142,0.7682361099194819,855.5794425121694,-48.56627853613983,1.5680451436125908,2.4587655724070308,-51.0860480386433,-45.327996354122256,5.7580516845210425,-48.77796548349586,0.1743670992960384,-0.771192693270585,971.3255707227968,-45.38759216622814,1.8051739702872616,3.258653063002675,-48.63794020651897,-41.04708155938678,7.590858647132187,-45.34039331807978,0.5310912934180385,0.30607926216754455,907.7518433245627,-53.745984831542486,1.8539159517055568,3.4370043559883205,-56.95660350294559,-50.57289064151437,6.383712861431221,-54.020547349491174,0.1826316168381207,-0.8757969733478865,1074.91969663085,2,1,0
-43.30142684407641,2.1915911230315595,4.803071650550732,-48.08194866432211,-39.46381839638222,8.61813026793989,-43.050191660409496,-0.25536344452540827,-0.5584500310500373,866.0285368815283,-48.13356464541683,2.06892320097446,4.280443211530406,-51.706572866392655,-44.22381146990754,7.482761396485117,-48.67517630697495,0.4090999790538962,-0.6910359893548588,962.6712929083367,-45.006618839446844,1.668118472729792,2.782619239062374,-47.35853471054383,-41.33148714874779,6.027047561796039,-45.52418685208214,0.6763391465112312,-0.4276524946076363,900.1323767889369,-53.39379169396322,1.6996752605210195,2.888895991227195,-56.77148246561057,-50.87114084984175,5.900341615768816,-53.4706911439348,-0.1298191370710867,-1.038403445736978,1067.8758338792643,2,1,0
-44.050487516876935,4.2472975958149926,18.03953686741582,-51.955098216213194,-36.81549566253455,15.139602553678642,-43.66103100312226,-0.255517685211234,-0.6400173517371952,881.0097503375387,-50.01710407534843,3.896926131944663,15.186033277833193,-56.42995994792376,-42.63816039115659,13.791799556767174,-49.5580678685197,-0.12040334406384388,-0.9661620703284086,1000.3420815069685,-47.80766916340667,3.97541342076361,15.803911865987427,-57.79057370684083,-40.136596142800805,17.653977564040026,-47.4582197730978,-0.22520891166815987,0.45221432186925936,956.1533832681337,-55.132348072473725,3.846334058506832,14.794285689629637,-62.699953446570774,-49.6702715169331,13.029681929637675,-55.112021389441786,-0.22381390085557007,-0.9335623076956985,1102.6469614494745,2,1,1
-41.97112736297833,3.7580457041382656,14.122907514392072,-48.36305058040024,-33.21140853954433,15.151642040855911,-41.80615654897131,0.5612167111023032,0.1202640678166107,839.4225472595665,-47.65124494165811,5.085299941519294,25.860275495216133,-59.58796377954677,-38.9313979558527,20.656565823694066,-47.146168848246255,-0.2655382640836048,-0.2603667284326594,953.0248988331623,-45.80040938942764,3.802086593777747,14.455862466584472,-52.964632106059135,-40.37736160016396,12.587270505895177,-45.99259799285343,-0.384184956881843,-0.9828119264301982,916.008187788553,-54.076136970936815,4.452724170421508,19.826752537855903,-60.86447878666958,-44.9645775034829,15.89990128318668,-54.37171630943304,0.5086194122535447,-0.5280219276872997,1081.5227394187361,2,1,1
-42.47300241525694,3.7347810204249443,13.948589270526389,-50.02003689503657,-35.743492063399856,14.276544831636713,-42.95695837390559,-0.12820013050275583,-0.7930302506066278,849.4600483051388,-48.933047160563206,3.3885385062555877,11.482193208376849,-55.07387570159719,-42.748212910839264,12.325662790757924,-49.30823885809629,0.190391038842237,-0.9016907499306428,978.660943211264,-44.266174718519984,3.457084993916233,11.951436655160801,-54.05611918457406,-39.85023814442269,14.205881040151368,-43.18289260201988,-1.2677962470056245,1.2122769715974018,885.3234943703994,-53.65209376870139,4.039668585131729,16.318922277700185,-59.54341759554368,-45.25327446355048,14.290143131993197,-54.52904989141688,0.5142033857005128,-0.6068722770141659,1073.0418753740278,2,1,1
-46.63957723384817,4.141501595266865,17.15203546359799,-53.284129164400085,-36.28494550209833,16.999183662301753,-47.11992127534016,0.6322722801816876,-0.04307152412689019,932.7915446769634,-49.27917293654936,3.5663663550224336,12.718968978235997,-55.025371715198666,-41.11174375821845,13.913627956980214,-50.21062287775206,0.6465229665342407,-0.06718128036890292,985.5834587309872,-47.83859456445234,4.191696897423848,17.57032287987272,-54.93827276955926,-41.444335069162186,13.493937700397076,-48.13990501337928,0.0749541448083446,-1.2974746542242952,956.7718912890468,-55.09512200033305,3.767798283872035,14.196303907949055,-64.40617754482204,-49.29464444684482,15.111533097977222,-56.05808472882663,-0.471593543265446,-0.12340505847420502,1101.9024400066612,2,1,1
-43.628700811498305,3.8597060607192093,14.897330875152596,-50.01274188850701,-34.35377010265699,15.65897178585002,-44.49386977253627,0.5609552906104106,-0.15380547859224603,872.5740162299661,-47.8854399632889,3.602501840673991,12.978019512059495,-53.39716645071772,-40.87458329801839,12.522583152699326,-47.73643218032218,0.46690617821546476,-0.8322853853335226,957.708799265778,-45.56473563793191,3.9458267888930556,15.569549047946083,-55.384181239133326,-36.68895547742268,18.695225761710645,-44.93545956823799,-0.22559057124691037,0.925515419368506,911.2947127586383,-54.15539027949554,3.3536525602494054,11.246985494867392,-60.68178084882524,-48.8396683342219,11.842112514603343,-53.954986024622855,-0.4784858222221348,-0.5610564918388912,1083.107805589911,2,1,1
-44.43070241460819,3.6167628453890814,13.080973479786925,-50.93025499655401,-37.74138268054363,13.188872316010382,-43.98361566383427,-0.0183376950290827,-0.5715671902678325,888.6140482921638,-48.57163696923107,4.0530639644147435,16.427327499637354,-56.26990122747204,-40.52053052307637,15.749370704395673,-48.31846161969733,-0.009717099472812614,-0.6090622482586268,971.4327393846214,-46.57876974702728,3.825074412322491,14.63119425980425,-53.06509067707892,-39.10955093524509,13.955539741833832,-46.538543445800585,0.1701006508399742,-0.937754274223217,931.5753949405457,-54.67731469838914,4.3362328240745684,18.80291510458171,-62.81638496151429,-47.40897652685023,15.407408434664056,-54.0016418415343,-0.21054314641985755,-0.8668018531765358,1093.5462939677827,2,1,1
-44.17368342060522,3.2293833008401323,10.428916503745109,-49.37230771273351,-39.06470654697726,10.307601165756246,-43.85919294797533,-0.10469111233156829,-1.2068269717266955,883.4736684121044,-48.755725740972125,3.916122212637347,15.336013184311629,-54.69220556599005,-39.054018641333435,15.638186924656615,-48.97459287658404,0.5873323456666044,0.06804090040631694,975.1145148194423,-44.98631515110439,3.329301062775219,11.084245566596202,-50.21206039319586,-37.9007247321006,12.311335661095264,-45.44736976925856,0.4887725163427546,-0.5163122542153831,899.7263030220879,-54.58476469122684,3.9020478386635893,15.22597733521919,-65.112354062022,-47.80482710461469,17.30752695740732,-54.70751132104575,-0.5788329829920635,0.7125326249108936,1091.6952938245367,2,1,1
-45.73087167596741,3.3413913290905906,11.164896014121783,-53.993242186684896,-39.76625216420439,14.226990022480507,-45.288333928897984,-0.39694728947681346,0.1559067252432378,914.6174335193482,-50.90862814404112,4.523003551285069,20.45756112493735,-59.937015111952924,-41.03802409333447,18.898991018618453,-50.542167354341075,-0.16579651136502185,-0.18163102086474003,1018.1725628808224,-48.18499814662188,4.838590129530152,23.411954441586612,-58.49108570942327,-36.71725444053331,21.773831268889957,-48.431338954228465,0.24311153451254172,0.13711520093153728,963.6999629324376,-54.63932716206443,4.324657590718143,18.702663276956056,-61.578596133126624,-45.08684041432812,16.4917557187985,-53.51276929047212,0.1078574119054734,-0.6406325623640825,1092.7865432412887,2,1,1
-47.15734485784089,2.319817483901538,5.381553158615263,-50.91160993530394,-42.68129480228712,8.230315133016823,-47.35954280272086,0.20107406894717797,-1.0314694679382181,943.1468971568178,-52.70028326497518,1.7467000496552598,3.0509610634656874,-56.12987924575464,-49.308082261345234,6.821796984409403,-52.86276992259261,0.09387467868138537,-0.3995857735967898,1054.0056652995036,-48.40343131590342,1.525241383055489,2.326361276585021,-51.16691135247911,-45.520384688057376,5.646526664421735,-48.56333760853323,0.029631070550156086,-0.6586955511344916,968.0686263180686,-57.25576921621057,1.8697914146974646,3.496119934476346,-62.45892255726883,-53.41728760084639,9.041634956422435,-56.90836418413328,-0.6800462317862545,1.2485267762325227,1145.1153843242112,2,1,0
-43.34956232239044,3.205474007874021,10.27506361515594,-48.68222902098232,-37.01228847048027,11.669940550502048,-43.674354985809885,0.13115906388000453,-0.7694707975568127,866.9912464478089,-49.296627744987525,2.596020541715966,6.739322653011257,-54.00457796597906,-44.7530582712311,9.251519694747962,-49.205817238244904,-0.008196259046350565,-0.885253854305899,985.9325548997504,-46.21266668842692,4.223894265028622,17.84128276214168,-58.86812793813624,-38.30613617361938,20.56199176451686,-45.680856185935596,-0.9012351272889646,2.0098067439863057,924.2533337685386,-53.171377255156266,4.483970671503992,20.10599298290796,-61.80750111612165,-44.923406597722426,16.884094518399223,-53.44573977311821,0.13235789749937696,-0.8500539315319853,1063.4275451031253,2,1,1
-43.58197930486633,2.9680889466741474,8.80955199536925,-49.81255494354869,-39.56216521854775,10.250389725000943,-43.28064060614521,-0.5943809601155174,-0.6571185361063612,871.6395860973267,-50.758483737079004,4.095481672906801,16.77297013311549,-56.714287583404726,-43.32276628264367,13.391521300761056,-50.53800234485999,0.257782722723367,-0.6208406967559261,1015.1696747415799,-47.98050346893173,3.7975369048861047,14.421286543971936,-57.210110921333474,-42.10397736761143,15.106133553722046,-47.75427653498194,-0.4764384923497178,-0.1964513891667128,959.6100693786345,-57.94327712335928,4.90315438916884,24.04092296402566,-68.93841503208829,-49.297994835054965,19.640420197033322,-57.98125066571103,-0.24643092314240617,0.03045089798469336,1158.8655424671856,2,1,1
-45.03215815174905,2.252313755799519,5.072917254563736,-49.52255398941478,-41.19834614339535,8.324207846019434,-45.37063210922018,0.05530357412715023,-0.7224654322958575,900.6431630349811,-50.34440986225622,1.858140449736601,3.452685930947338,-54.128571755651485,-47.08356838731091,7.0450033683405735,-50.33899960875103,-0.10070565737541555,-0.7484802316118229,1006.8881972451244,-46.95175918044536,1.6004532631392994,2.5614506474932313,-50.650544634249954,-44.66603216871535,5.984512465534607,-46.83288564748572,-0.38122829717981427,-0.546042952089457,939.035183608907,-55.47521693195817,2.5832660726607855,6.673263602160278,-60.4813613274101,-50.85936433193139,9.62199699547871,-55.68128185020089,-0.022052427955543095,-0.8055981970970785,1109.5043386391635,2,1,0
-44.490850749800515,4.049548067637018,16.398839552102707,-49.644910784604896,-37.66338430499976,11.981526479605137,-44.24769823760222,0.15491406585403913,-1.4030157215095058,889.8170149960104,-48.58375307730239,4.220734408608609,17.814598948012666,-59.132152228048774,-41.33863011376774,17.793522114281032,-47.899404040112,-0.6171393585604458,0.04267163048850886,971.6750615460479,-46.51870071056318,4.693608268160283,22.02995857494257,-55.29652371646463,-37.46500592454226,17.831517791922366,-46.513585559602234,-0.0005829279200502399,-0.6738506464741163,930.3740142112636,-54.81542992494074,2.9498120859424404,8.701391342372093,-60.48252614863924,-48.32688679199029,12.155639356648948,-54.80825330830015,0.013942869876230397,-0.20601744447924597,1096.3085984988147,2,1,1
-45.727982656637565,4.106171871660836,16.86064743961865,-54.588818130213866,-40.00682979147226,14.581988338741603,-44.28364739792134,-0.5776726932693553,-0.7586278117179068,914.5596531327515,-49.98050459467753,4.637527662002146,21.506662815835092,-56.183611735312425,-36.882686307137966,19.30092542817446,-51.10661730195702,1.091130221962555,0.9496644424735576,999.6100918935506,-47.295402254837306,4.162183828375583,17.323774221191222,-54.961187966108994,-40.5628140212509,14.398373944858093,-48.41902958900761,0.02785013727132647,-1.1498525776689577,945.9080450967462,-54.95734931187725,3.882192332696259,15.071417308045621,-61.60021509856827,-48.71358164736444,12.886633451203828,-54.35588272226188,-0.3517548079112964,-0.8101285539964067,1099.1469862375452,2,1,1
-43.61907850586563,4.627311591819293,21.4120125677852,-52.6153792166943,-35.293549262113835,17.321829954580465,-42.52094970108387,-0.10655857139652242,-0.594280203720726,872.3815701173125,-48.896801934257596,4.208749558976314,17.713572850183322,-55.84749459400023,-39.744883329546965,16.102611264453266,-49.123641715447256,0.18529125054571333,-0.5374820994693703,977.9360386851517,-47.14027650054123,3.1882806362967675,10.165133415784922,-53.300597561492815,-39.22782505829703,14.072772503195786,-47.118058529272965,0.5096195749703153,0.3036761442574978,942.8055300108247,-54.810733894653005,3.742493896271827,14.00626056363188,-63.139423253077595,-43.54402769068973,19.595395562387864,-55.41954422867052,0.8729262547845623,2.575090883488694,1096.2146778930603,2,1,1
-42.706357177017416,2.3467005217442836,5.507003338754894,-46.4689656553856,-38.072244499557584,8.396721155828018,-42.854143993822575,0.21923791555630168,-0.714627943188411,854.1271435403485,-48.03287724258563,2.347781469871211,5.512077830270624,-52.100890706963625,-43.80873724287809,8.292153464085537,-48.44966311274415,0.16804667306106694,-1.004396093188249,960.6575448517126,-45.398911340267034,2.2180181988536063,4.919604730445796,-50.47178674176915,-42.30093133658861,8.17085540518054,-45.3133903685335,-0.3971421482859371,-0.5366219609388057,907.9782268053408,-53.36020247155741,2.1636083349514714,4.681201027071479,-56.613834226717735,-47.47435426022975,9.139479966487983,-53.50912889656587,0.6812504433582063,0.6620433319757275,1067.2040494311482,2,1,0
-43.368275817359816,1.8902439341159476,3.5730221304621352,-46.76743613108228,-40.50864663248411,6.258789498598169,-42.67276201520171,-0.538000684020023,-0.8988837641061922,867.3655163471961,-48.85953039189162,1.9837707461302485,3.9353463732021625,-52.42820742545139,-45.16009301064662,7.268114414804771,-48.916767799938945,0.09411524416152582,-0.7024248159174711,977.1906078378323,-45.608202181088814,1.9214458451628442,3.691954135893557,-49.19836571944607,-42.16469126314534,7.03367445630073,-45.168960257893175,-0.14411432542183805,-1.097785866276321,912.164043621776,-52.88959908558437,2.0207557125105207,4.083453649643902,-55.71437926774568,-49.38473928769274,6.329639980052939,-53.459731806293945,0.5828862863498849,-0.9944083262169205,1057.7919817116876,2,1,0
-43.8402073938354,3.8808241606160006,15.060796165620886,-53.090397631430235,-38.594284301827244,14.496113329602991,-43.541385938600115,-0.5436997613141114,-0.3558752621102532,876.8041478767082,-50.71894538118133,3.4724014490244532,12.057571823187121,-56.482401164559676,-45.36346264604944,11.118938518510234,-51.283142737299016,0.11590395223206756,-1.1295847425833978,1014.3789076236267,-44.6960680447567,3.408683364248934,11.619122277707431,-52.350931822059295,-36.651538106296925,15.699393715762369,-44.5366826681004,-0.06341920327096845,0.36577711585438966,893.9213608951341,-53.191101978421486,3.8017912522478055,14.453616725667937,-61.14493444464356,-46.492855589946494,14.652078854697066,-52.49384521676379,-0.47803837136929656,-0.4462491849331829,1063.8220395684298,2,1,1
-45.06905361683767,4.322074069832571,18.68032426511908,-53.20197789694762,-35.84644638732168,17.35553150962594,-45.35977801559996,0.23206514063125183,-0.32800773546263473,901.3810723367535,-51.76093141730861,4.36845447915251,19.08339453642763,-64.37136816820065,-45.621115101171654,18.750253067028993,-51.4310178548317,-1.010322451585193,1.2226795033432776,1035.2186283461722,-44.95704942200264,3.150641251602783,9.92654029630115,-51.787331156965294,-40.663896572262054,11.12343458470324,-45.251799644144725,-0.4068672640358068,-0.7142732352230974,899.1409884400529,-55.737317069687116,3.7358175822552844,13.956333007887718,-63.32662233681712,-47.15056630941062,16.176056027406496,-55.5589351758166,0.009488713070183338,0.46968355545324547,1114.7463413937426,2,1,1
-45.7159048930235,2.244195335923513,5.03641270578085,-49.58201636743392,-41.25685646605227,8.325159901381653,-45.76564518851617,0.16146197862126382,-0.9424596500271347,914.3180978604701,-50.898678052028586,2.5838957820310577,6.6765174123978905,-55.947855152739734,-45.83463854877028,10.113216603969455,-51.51701569029622,0.478190857007784,-0.2746146096512905,1017.9735610405717,-47.593373236046226,1.6891616101760856,2.853266945292666,-50.04666610549904,-44.10513045879082,5.941535646708225,-47.34454367904172,0.1593143130785517,-0.9093651757511796,951.8674647209248,-56.10853532384003,1.9507739666003394,3.805519068765622,-58.522293435461116,-50.59893265214593,7.923360783315182,-56.592550708771036,1.1105586792340387,0.9860143441565188,1122.1707064768007,2,1,0
-44.06572042342357,3.518865047893741,12.38241122528822,-48.89609499344915,-36.54412107194044,12.351973921508709,-44.524673148345244,0.5422524563605524,-0.7027713394737902,881.3144084684714,-49.04184207465896,3.7368211996371845,13.963832678057887,-58.651437496544474,-41.9381006495446,16.713336846999873,-48.54124952451278,-0.5436759872672301,0.5139110748741982,980.8368414931792,-44.97692528322517,2.239103437763912,5.013584205006169,-50.22680288559466,-40.209951221554604,10.016851664040054,-45.11772839222934,-0.01413569619373128,0.1403517921693589,899.5385056645035,-55.36058048303322,3.3950557031999953,11.526403227830814,-61.328592561990845,-50.554412529308834,10.774180032682011,-55.89036950872272,-0.18021890939446134,-1.265691021185181,1107.2116096606646,2,1,1
-41.829962829503565,4.004019573385353,16.032172744053025,-48.24977397892334,-33.89700989734633,14.352764081577014,-41.954194104935794,0.27025602865258974,-0.7673174725024361,836.5992565900713,-46.635751531797595,2.928803448295793,8.57788963874933,-51.4433709921614,-42.450741185554776,8.992629806606622,-46.4302437560104,-0.15894212637432,-1.3628753873753434,932.7150306359517,-44.28321607769979,3.0872533707368373,9.531133375125963,-48.86478391804705,-37.489467399506495,11.375316518540558,-44.79051807203802,0.48299904148678885,-0.4717363162935291,885.6643215539957,-52.47614414272135,4.6217139307673,21.36023965784853,-60.45690041376979,-43.67074407108092,16.78615634268887,-51.85609100529729,-0.1137675148444183,-0.9333837551012052,1049.522882854427,2,1,1
-43.034295487202364,4.08034244184612,16.649194442730753,-49.16316672220725,-33.681569041273484,15.481597680933767,-43.568898132034576,0.39663429941872824,-0.3840684912830552,860.6859097440474,-50.78987497302663,4.434194120302634,19.662077496526454,-61.968529401927924,-40.63015417570721,21.338375226220712,-50.262678801427725,-0.24465575003868956,0.6908814112417638,1015.7974994605324,-45.263939905148284,4.216916390737443,17.7823838464701,-56.22856246275522,-37.041853198933765,19.186709263821456,-44.86608567048401,-0.4227678438114921,0.47708166852969924,905.2787981029655,-53.52653654361571,4.704204035246942,22.129535605233617,-62.1256602822093,-43.6166948471401,18.5089654350692,-53.99939643517813,0.6334664840356226,-0.05171355353123497,1070.5307308723145,2,1,1
-46.14077203310326,3.3443978375971533,11.184996896124513,-52.695848529908474,-38.70146365158605,13.994384878322421,-46.39571789568518,0.21798268761251796,-0.03903623981432025,922.8154406620652,-50.384578109596795,3.619080199371858,13.097741489485449,-57.73877799733548,-45.03616120745195,12.702616789883535,-48.98916436697634,-0.402019436557336,-1.060073263377481,1007.691562191936,-46.633584936383606,4.4225164330250255,19.558651600376393,-55.71443595418499,-39.35652428643492,16.357911667750074,-46.533434120531226,-0.24699605732612145,-0.8298340603068826,932.671698727672,-55.18329290030972,3.731545056114393,13.924428505811766,-62.83109828461218,-46.049625093468634,16.781473191143547,-55.647475804545486,0.32603582247215646,0.13105475781794107,1103.6658580061946,2,1,1
-44.32848837129135,3.8864057547365025,15.104149690449002,-52.36084453207401,-37.059272392023054,15.301572140050958,-44.529077100053165,-0.13933833805906273,-0.6335583629070483,886.5697674258269,-51.190712296304675,3.6412152260536943,13.258448322445256,-60.32364864314254,-44.95823249293102,15.365416150211523,-51.84769170215533,-0.32869629878944107,0.2040137779106268,1023.8142459260935,-46.58524952033728,3.4780236070182453,12.096648210976205,-54.64499063695817,-39.247778329854086,15.397212307104084,-46.46093038763324,-0.04132594588663999,0.17294534183930166,931.7049904067457,-55.52969884105833,4.750875377040531,22.570816848170008,-62.82581913304166,-46.50740242015581,16.31841671288585,-55.62296298978042,0.18559126752067184,-0.9351245430342834,1110.5939768211665,2,1,1
-45.85638252875445,2.7572613739726153,7.602490284401355,-50.45723303708052,-40.725253235349015,9.731979801731505,-45.96686134409697,0.1048594338105464,-1.1741328069947463,917.1276505750891,-50.55010850804918,4.6729190939206315,21.836172858328016,-58.15253383230937,-41.72501416835827,16.427519663951102,-50.716130440091504,0.19172683446045607,-0.8565522606204117,1011.0021701609835,-47.44306157554226,3.583315865082725,12.840152588953558,-53.44147712092443,-40.90570428099784,12.535772839926594,-47.48417560230399,-0.034129109987990375,-0.7867055158908198,948.8612315108452,-55.70274921134789,3.808024816020627,14.50105299942893,-64.75649179289724,-47.98894819107792,16.76754360181932,-55.714851555311384,-0.13389766592326965,0.2157849345064644,1114.0549842269581,2,1,1
-42.261491573085046,1.9337708512472374,3.7394697051334647,-45.472450177366795,-37.6993201858293,7.773129991537495,-42.421820825354466,0.5724882554119902,-0.20783488506412695,845.2298314617009,-48.93994720472166,2.0766695715752768,4.312556509506644,-52.43728495303222,-44.08729218336032,8.3499927696719,-49.42479203937165,0.9779241175765431,0.4963963566339924,978.7989440944333,-44.247190224809266,2.0768175219174396,4.3131710193432955,-48.19169527402476,-40.99979965055655,7.191895623468213,-44.041885082131444,-0.15505511377901163,-1.0506985349858162,884.9438044961853,-53.46708907267013,2.3222772067030344,5.392971424772448,-57.70436452412271,-48.4082659458088,9.29609857831391,-53.486421911751904,0.12933104905592482,-0.5610477523476982,1069.3417814534025,2,1,0
-42.32595967090211,2.367570095042879,5.605388154941348,-46.32209412385065,-38.70095313685917,7.6211409869914775,-42.03918922357251,-0.1862875047604055,-1.2602345087282818,846.519193418042,-48.504214822272885,1.095346975205871,1.1997849960926514,-50.621938794133854,-46.01241599658452,4.609522797549332,-48.49832193753427,0.02868901059783609,-0.043071000691953465,970.0842964454577,-44.77013881005247,2.2428604276481514,5.030422897910049,-48.233230896922095,-41.44950251135407,6.7837283855680255,-44.274720528508766,-0.1740416353574269,-1.4391501628819452,895.4027762010494,-53.744911531419326,1.2169432815050973,1.4809509504003944,-55.90747622030114,-50.9262140545371,4.9812621657640435,-53.57509232904955,0.2145777138907934,-0.320837668970662,1074.8982306283865,2,1,0
-46.878193860010114,4.00995369111753,16.079728604907103,-56.890564240088125,-41.373047202102875,15.51751703798525,-46.043480881732904,-0.8200031835733437,0.0845926467184559,937.5638772002022,-50.28468705759412,3.6460853358933067,13.293938276616206,-57.765434045895745,-42.52539182502194,15.240042220873804,-50.397650828329525,0.11549346112043023,-0.41343621553586063,1005.6937411518824,-47.447715571463924,3.6476062494426236,13.305031350972882,-52.90271995583082,-40.16052581578465,12.742194140046166,-47.50951879932325,0.24173986440015122,-0.954514666818358,948.9543114292786,-55.48220294030953,3.3452988149575993,11.191024161356719,-60.615756678396025,-47.68913794122842,12.926618737167608,-55.75830228506763,0.44576137458029336,-0.4815052282935195,1109.6440588061907,2,1,1
-41.77445011430224,2.5564349097439005,6.535359447757306,-48.10876486703595,-38.128187262777594,9.980577604258357,-41.56998075714934,-0.6751161405814659,0.2699630561059978,835.4890022860446,-47.849924566220146,3.034935308113833,9.210832324436007,-55.06208218580825,-42.69275872579026,12.369323460017988,-47.86309356490144,-0.5298645168183739,0.14662695049105512,956.9984913244031,-44.794732630958904,2.451481435624759,6.009761229212829,-48.6844723090625,-39.567082805045374,9.117389504017126,-44.92699406055626,0.37467489365866835,-0.5789530928760729,895.8946526191783,-53.14331164962723,1.889881902013637,3.5716536035586826,-58.032707361361304,-49.14607613830239,8.886631223058913,-53.135363418621765,-0.4105398511014051,0.7720894679028971,1062.8662329925446,2,1,0
-46.07357414568022,3.5779246315444215,12.801544669012284,-52.801250977359864,-38.670333749209924,14.13091722814994,-46.53408814913405,0.30727801227611046,-0.35182872814194033,921.4714829136045,-48.161193973224464,4.446947908298985,19.77534569912472,-56.5052931958581,-38.63810454056047,17.867188655297632,-48.19650801189425,0.08065098685811757,-0.5665641080839241,963.2238794644892,-45.85122887647123,4.390588747712051,19.277269551535674,-52.80397038981326,-37.49634494292718,15.307625446886078,-45.1292588902565,0.12898691639869347,-0.6435695848740939,917.0245775294245,-54.96769201133715,2.972474077925684,8.835602143940147,-62.317661184528106,-49.87519944573666,12.442461738791444,-55.097269235553625,-0.3584678857030518,-0.09541387529762746,1099.3538402267427,2,1,1
-43.41517817989908,1.8516655576357601,3.42866533733455,-47.19753584382414,-39.25742090400226,7.940114939821882,-43.470144549200164,0.15827853719213503,-0.32953127454089515,868.3035635979816,-48.38149473236744,1.6611580426620882,2.75944604270094,-50.64837164211986,-44.58069246128976,6.067679180830105,-48.81699683648037,0.6780710675809823,-0.37091228445015023,967.6298946473488,-45.17289798718246,2.5278055918291145,6.38980111008254,-48.496346228285894,-39.99771561941572,8.498630608870172,-45.96197268735399,0.7542934861577377,-0.7234807472957376,903.4579597436491,-53.62233635939678,2.4348788388194995,5.928634959730995,-59.01421609478123,-49.718436897201435,9.295779197579797,-53.07746277486869,-0.5560634286591922,-0.5784837823574493,1072.446727187936,2,1,0
-44.67850550838692,3.7605686767577367,14.141876772611436,-52.96000458735601,-38.46613676230616,14.493867825049854,-44.30933636960498,-0.3552878032106959,-0.6025434148382462,893.5701101677384,-50.97039927984428,4.192976075407926,17.58104836894325,-57.84444556844976,-42.31933000407928,15.525115564370473,-51.47342314242181,0.2927493582632265,-0.6019870769097309,1019.4079855968856,-46.83598089540099,3.689097345667436,13.609439225810522,-52.97337376346407,-41.538255521552806,11.435118241911262,-46.04388457949881,-0.37103123262574667,-1.0763042469684359,936.7196179080199,-56.963664836732036,4.062504642307968,16.50394396877379,-68.34375896780895,-49.8274334302743,18.516325537534655,-56.66104290931088,-1.052636316297587,1.5240651320388352,1139.2732967346408,2,1,1
-44.80211627665917,3.8629092879339493,14.922068166806373,-51.97924122136423,-37.79581311097984,14.183428110384384,-44.420979881252904,-0.071091343812156,-0.7116830851506868,896.0423255331834,-50.563058682221126,3.315392146878356,10.991825087582672,-60.77965487636993,-46.02119429689961,14.758460579470324,-50.30532074728829,-1.343861759181095,2.239684065325058,1011.2611736444226,-45.76774312561512,5.479527539289314,30.025222053830003,-55.163747912746445,-37.467263375228285,17.69648453751816,-45.22761905697487,-0.08392017458356038,-1.2740174449387747,915.3548625123025,-53.52293467634263,4.3635076510964925,19.040199021177628,-63.74737223275171,-46.85032252112384,16.897049711627865,-53.275648875774635,-0.38055000536331157,-0.4015165763459976,1070.4586935268526,2,1,1
-42.78943784878695,1.9681620990428264,3.873662048108664,-48.69016402389798,-40.26795184102524,8.422212182872741,-42.045843108327304,-1.2698733135841738,1.6210648115575648,855.788756975739,-48.353154122427874,1.2439111344580887,1.5473149104288089,-50.669301496727584,-46.45792324953273,4.211378247194851,-48.30311739261873,-0.446709714547866,-0.8114818777282684,967.0630824485575,-44.83395660272305,2.5752016166566176,6.631663366430857,-49.96700972941041,-39.603408674461036,10.36360105494937,-44.809088696426514,-0.023095348190761214,-0.5746925188488206,896.6791320544608,-53.51719244311455,1.873025622908245,3.5082249840708193,-56.85407086592223,-49.97047002556194,6.883600840360295,-53.741398058435436,0.02162285091236043,-0.8284228570964345,1070.3438488622908,2,1,0
-44.76488071859769,4.396215685619543,19.32671235448731,-53.7157897648694,-35.577699172372704,18.138090592496695,-44.41111981714391,0.03438855982564612,-0.45856113253364095,895.2976143719537,-50.257354082761466,3.64432774928046,13.281124744175582,-55.867427755974205,-43.44365650415335,12.423771251820853,-50.54666326665309,0.076967297503704,-1.184315200098256,1005.1470816552292,-45.44388326639548,3.190775801842425,10.18105021762317,-53.21283966460176,-39.924027276036306,13.288812388565454,-44.65824293578218,-0.3971919542639407,-0.01669381635232492,908.8776653279099,-54.76809215016556,4.479230114591513,20.0635024194635,-61.784315331517085,-47.59757873034986,14.186736601167226,-55.22471096705753,0.09211872898549409,-1.358135631680346,1095.3618430033114,2,1,1
-44.75466397506636,3.467402670781213,12.022881281340691,-51.71406659340228,-38.04789977377617,13.666166819626106,-44.64563655512093,-0.0899312107427204,-0.46727477416613006,895.0932795013272,-49.05754949870123,3.635666191723629,13.218068657642197,-54.8020100104262,-38.40431782199496,16.397692188431243,-49.52584842271719,0.9533053161706009,1.6040354705180073,981.1509899740247,-47.54045349804306,4.3051866860322985,18.534632401589768,-59.12300825405891,-39.546339251796645,19.576669002262264,-46.75732036468678,-0.6070460738436784,0.9333724797500218,950.8090699608613,-55.5161246791766,2.8296689769179166,8.007026518931688,-60.86275437056464,-49.830492909868774,11.032261460695864,-55.6757787867561,0.2161087996554333,-0.4784067051027239,1110.322493583532,2,1,1
-45.548324892597044,4.261439501999171,18.159866629198945,-53.949457165152275,-36.81070522977648,17.138751935375794,-46.08271297078364,0.1666318655015766,-0.5987516223085576,910.9664978519411,-51.65344267799878,3.1742572663085826,10.075909192712835,-59.530202120863464,-45.47832837455858,14.051873746304885,-51.02555385645415,-0.5260072154419975,0.19370485923237935,1033.0688535599757,-48.13035013477168,4.051635862605334,16.415753163149667,-57.619599438527835,-42.02742726516982,15.592172173358016,-48.210411962061855,-0.3383828758604904,-0.4989311184979939,962.6070026954337,-57.8136995738534,4.961047718882958,24.611994469033807,-68.51900537485486,-47.91480165001308,20.604203724841774,-57.89899927540601,-0.09222652322142633,-0.41043939243778604,1156.2739914770677,2,1,1
-43.598395561068116,2.2189155895740593,4.923586393654794,-47.75039447405457,-40.28146935317774,7.468925120876833,-43.172662668284524,-0.1461737161655152,-1.037125401966142,871.9679112213623,-49.04698922037324,2.323340784060064,5.397912398876833,-53.042137267767046,-45.32569272482821,7.716444542938838,-49.047101038924126,-0.0932103339939051,-0.8614378548692456,980.9397844074648,-45.98194679397271,1.8969945725987754,3.5985884084692104,-50.11533237163928,-42.3296061090336,7.785726262605685,-46.2330711579168,0.013928807975579601,-0.35357542603328884,919.6389358794542,-53.92596721772632,1.9381679031711636,3.756494820882905,-57.31162839262869,-50.115762630366355,7.195865762262336,-53.914771580149775,0.27123659979473386,-0.463718669737192,1078.5193443545263,2,1,0
-43.55189089870663,3.009118720249765,9.054795472557585,-50.498511883129964,-39.31046943191816,11.188042451211807,-43.79690901921377,-0.3718258369334465,-0.4209430932525775,871.0378179741328,-48.401148150096745,3.860970950795183,14.907096682884259,-53.34761423494082,-39.46655263574881,13.881061599192009,-49.77697586629725,0.7273535336587081,-0.5834103291447459,968.022963001935,-46.101342922279,3.0159008677523182,9.095658044109186,-51.40024161001804,-40.68689508067654,10.7133465293415,-46.17939456992028,0.02467395966267798,-0.8795586202239081,922.02685844558,-52.85051231590929,5.0000031620286585,25.000031620296586,-62.31996604729374,-43.65766949116464,18.6622965561291,-53.7754116689408,0.11169755593531154,-0.5994310189126124,1057.010246318186,2,1,1
-44.05930292649774,2.7149592032739647,7.371003475442,-49.59585278569112,-38.64944253221664,10.946410253474482,-44.23282890345739,0.1908037763799958,-0.5189398262693077,881.1860585299547,-50.145013363747395,2.342428349756999,5.486970573745296,-53.46804569471725,-43.741832317812154,9.726213376905093,-50.739410591026086,0.9653449013844678,0.645124510800863,1002.9002672749477,-46.15908083182562,2.1520257556207,4.6312148528548445,-50.164687790297755,-40.23773466922506,9.926953121072692,-46.32470734245668,0.6617863336847954,0.9429380830555059,923.1816166365124,-55.223966920588815,1.9055646519382259,3.6311766427164516,-58.456151887743864,-52.33229516401751,6.123856723726355,-55.01014129509799,-0.18303532399865008,-1.342917923295026,1104.4793384117766,2,1,0
-45.94218497909889,2.3936696826242114,5.729654549514294,-49.77821400642897,-40.03082872880539,9.747385277623579,-45.7621555807299,0.3952702049912792,0.09438056326268596,918.843699581978,-49.85916203444748,1.5502640014016005,2.4033184740417015,-53.04235729522104,-46.974586064362825,6.067771230858213,-49.61427404641839,-0.31437764062622714,-0.1975064573359604,997.1832406889496,-46.859346834971966,1.948114117897574,3.795148616351843,-50.50944264600389,-43.91000921022972,6.5994334357741735,-46.54820085024258,-0.24389974751842014,-1.120818775103693,937.1869366994395,-54.79973724475013,1.896191971507561,3.5955439928097315,-57.72443323976758,-50.42880873840544,7.295624501362134,-55.12464410442492,0.29234253454308595,-0.36705977259943934,1095.9947448950027,2,1,0
-46.6621341650514,4.415493906926788,19.49658644210759,-59.74107338011624,-39.5103557979642,20.23071758215204,-45.49162237764807,-1.1104178713684343,1.5450207377610221,933.242683301028,-51.01197969925623,4.1699302320350675,17.38831814004003,-57.04957363729682,-44.049396384020405,13.000177253276412,-50.374364122933564,0.15230585230593843,-1.0883446302262194,1020.2395939851247,-47.723370960298595,3.6009522408295256,12.966857040735182,-56.8135671626622,-41.95286532878628,14.860701833875922,-47.91498141235299,-0.38649025828256134,0.13880830778358622,954.4674192059719,-55.96096011043983,5.122508623857189,26.240094601491272,-67.58272188537853,-46.730919088105736,20.851802797272796,-53.54973654224613,-0.7569270596852573,-0.023672100575809374,1119.2192022087966,2,1,1
-43.65505045359653,3.226041143112177,10.407341457052523,-53.22116798864907,-38.38174761743796,14.839420371211112,-42.93070594838575,-1.1494492972157495,1.7183444433325938,873.1010090719305,-47.58269560437545,3.9009333690703754,15.217281149926748,-53.9779368464242,-38.2131101035735,15.764826742850701,-47.87478256877611,0.30945916590468703,-0.12471550420012045,951.6539120875091,-45.77420838006374,3.6429614776958044,13.271168327975598,-51.17833901083852,-38.35340906419363,12.824929946644893,-45.656217198844075,0.17832569734811124,-1.0196801966838651,915.4841676012747,-52.979085657352755,3.955354118166872,15.644826200099633,-62.084606779472495,-43.93288856920298,18.151718210269514,-52.98526048882284,-0.2417673112770715,0.6306442370292755,1059.581713147055,2,1,1
-43.36863304154384,4.25243114452611,18.08317063893564,-52.65428475867774,-34.92882915216318,17.725455606514558,-42.995258799472694,-0.15639554709650116,-0.4141628317685493,867.3726608308768,-48.54536799095504,3.01961109401414,9.11805115909327,-55.729979173629346,-43.62673567748604,12.103243496143307,-47.76292471763527,-0.7186276933526048,-0.15186107045470676,970.907359819101,-44.91583584652214,4.340223663280559,18.83754144730052,-54.92929889861806,-37.19529468718798,17.734004211430076,-44.29100955959065,-0.6708216918235812,0.20458554353741487,898.3167169304429,-55.575400521144026,3.602154202603503,12.975514899334078,-62.19081784129548,-48.18295053413657,14.007867307158904,-56.394903393648775,0.4875280843579327,-0.4921756784328837,1111.5080104228805,2,1,1
-44.60254865699526,3.239869012237493,10.49675121645675,-51.20796739070992,-37.04198765634077,14.165979734369145,-44.92073279554343,0.42546639282497933,0.1554638757025475,892.0509731399053,-49.55356643372561,4.064281633864935,16.518385199371828,-59.03668766301074,-44.20031959498176,14.836368068028982,-48.39302382354022,-0.8349436069460471,-0.0876202946396134,991.071328674512,-45.2721203128355,3.2319977194819813,10.445809258736729,-50.02456107800031,-37.548735559030824,12.475825518969486,-45.90078711046735,0.8723088161237744,0.33605238333922616,905.4424062567099,-53.89853621677711,3.8532951134314377,14.847883231194595,-62.92504036527329,-45.45769793164199,17.467342433631302,-53.328216470914995,-0.07337172208184746,0.3369976757718107,1077.9707243355424,2,1,1
-43.678206636472815,2.135099917924222,4.558651659520018,-47.026730412049716,-39.65763471102627,7.369095701023447,-44.200680761855835,0.3200743670608651,-1.0592666653116711,873.5641327294563,-50.624126140048844,1.454941266713696,2.1168540895864547,-52.56881328061989,-47.31202461577543,5.256788664844464,-50.8971905622048,0.8413864769832199,-0.06570821946018857,1012.4825228009768,-46.07564929117379,2.229588268965219,4.971063849107322,-51.32216106608723,-42.98077130624274,8.341389759844496,-45.75325673791109,-0.6593406611259769,-0.3308306981279272,921.5129858234757,-53.96722719526682,2.384412228713549,5.685421676438715,-58.58723064568828,-49.3139347178049,9.273295927883382,-53.79233233370448,0.21468293965436688,-0.5909568601787618,1079.3445439053362,2,1,0
-43.543433061347926,4.252694144418726,18.085407485973317,-54.32657056416329,-35.21998132945056,19.10658923471273,-43.66759731518851,-0.38175271805408423,0.48176218627138745,870.8686612269585,-49.22153514250719,3.889061685419323,15.124800792996586,-58.53809091017236,-42.40985796168205,16.128232948490307,-49.700299553909105,-0.2555425616607765,0.09499595906467295,984.4307028501439,-46.879048395184846,4.4008626276144565,19.36759186713362,-53.80359319130566,-39.12410165552238,14.679491535783278,-47.79484329912877,0.15493114235762087,-1.2259538794675224,937.5809679036968,-52.678345101640744,3.2091060475412263,10.29836162436567,-57.30433771442387,-44.91742650144425,12.386911212979626,-53.493317431715234,0.838656638494381,-0.0003904799130176606,1053.5669020328148,2,1,1
-44.797727950913796,3.9438166284532823,15.553689598864613,-51.330336728272414,-38.558190863864986,12.772145864407427,-44.88903122453866,0.031985685718467174,-1.277946826359613,895.9545590182759,-51.04378504526376,5.073594971086749,25.74136593063675,-58.3184647730505,-37.619034947015436,20.699429826035065,-52.52698821985735,0.773205058410979,0.32600748550201164,1020.8757009052753,-47.17115883896487,3.7253940709593976,13.878560983939433,-54.35501039281051,-40.12743787607502,14.227572516735492,-47.59735576298344,0.10559672136621989,-0.5431364210837044,943.4231767792974,-54.807861784687006,3.499932096964832,12.249524683364648,-60.9116920235851,-48.08361716427973,12.828074859305367,-55.30066502649176,0.200923521709995,-0.7802698872131586,1096.15723569374,2,1,1
-46.646446318644685,3.2314288845555796,10.442132635940117,-51.972058770681784,-41.23443944042011,10.737619330261673,-46.63367658062896,0.016276428801906613,-0.8991429153730035,932.9289263728937,-50.99208956842055,4.314380262513796,18.613877049568618,-57.495119138088995,-42.616424552265244,14.878694585823752,-50.941460480021306,0.09046065105585879,-1.063102846548389,1019.8417913684112,-47.625540380181036,4.399774918672179,19.35801933497678,-55.980931593906206,-39.182312924744835,16.79861866916137,-46.91631018067764,-0.2499411589036478,-0.6922018323710888,952.5108076036206,-55.648887879127884,3.2726440730916626,10.710199229141988,-62.298060005158156,-50.803856913192845,11.49420309196531,-55.044440974347765,-0.29804496764932226,-0.9350856373945886,1112.9777575825574,2,1,1
-44.38560010340622,1.548138274134763,2.3967321158409622,-48.3778698206704,-41.25615277798551,7.121717042684885,-44.46053652122425,-0.26151953757857427,0.6057538055828928,887.7120020681245,-49.56749642453248,1.7844277185569044,3.184182282754199,-54.04295067146413,-46.197542546603756,7.845408124860377,-49.23443975618237,-0.5758912405210389,0.3456138250111076,991.3499284906495,-46.32143135499315,2.0241165303095388,4.097047728272326,-49.715217848368425,-40.7128411088399,9.002376739528522,-46.56442618193879,0.8570202469547304,1.0971329229143443,926.4286270998631,-54.64062947786048,2.1983923930233433,4.832929113702901,-58.80029880269173,-50.17886844492836,8.621430357763366,-54.71631374974076,0.04926419050426314,-0.5490261749000145,1092.8125895572093,2,1,0
-44.239871740468644,3.2563117235779875,10.603566041111444,-52.83382492079577,-38.42556468217819,14.40826023861758,-43.974852181762614,-0.433174798227871,0.6518474316380272,884.797434809373,-49.01121337120979,3.4667373550686014,12.018267889028042,-55.79026620914375,-43.46014181224149,12.330124396902264,-48.962479911224975,-0.20099457062915954,-0.9420419344077704,980.2242674241959,-46.98300795640053,3.71170270688215,13.776736984276278,-54.28603589819612,-41.834295220614415,12.451740677581704,-46.72289893644003,-0.33251255613505337,-0.8916179254620071,939.6601591280105,-54.794601617619,3.4088283940300803,11.620111019945696,-62.7356178586125,-49.296882328298835,13.438735530313664,-54.91773532935481,-0.26314120296232457,-0.37817315339108415,1095.89203235238,2,1,1
-43.6328229529971,1.809840957880393,3.275524292821418,-46.21864156195532,-40.02527380359093,6.193367758364396,-44.24363127518174,0.5890915076459323,-0.6266185626760405,872.656459059942,-48.37563669595694,1.8124966644373115,3.2851441585963803,-51.569915592384966,-44.57041240731844,6.999503185066523,-48.19463117569093,0.16505824764065308,-0.493383945635427,967.5127339191388,-45.598403303828874,1.653653403562507,2.734569579113864,-48.40024764283183,-42.68109652334794,5.7191511194838895,-45.568866767421824,-0.11073734041156467,-0.7602180290330192,911.9680660765775,-53.86003018645441,1.7075270110954688,2.9156484936206253,-57.06265568177867,-49.7966731348748,7.265982546903871,-54.07757417567156,0.41140438842308136,-0.1056013072735511,1077.2006037290882,2,1,0
-43.881974032311575,3.8756065323590647,15.020325993664253,-50.95957734275785,-36.97338830233156,13.98618904042629,-44.090458775653296,0.12043059430914042,-0.9353846506697172,877.6394806462315,-49.32574587729549,4.236649654733878,17.949200296956683,-56.9948363445237,-39.91456524022534,17.080271104298355,-49.918991566332714,0.5600990389504067,0.06660098992001195,986.5149175459097,-46.683318144008375,4.529837257092586,20.519425575744084,-52.96710626185268,-37.01354801333116,15.953558248521517,-47.84837715378522,0.44750590378473504,-0.8605906167904767,933.6663628801676,-53.962935722121415,3.784652621204534,14.32359546319035,-61.76600382589074,-46.9804419884523,14.785561837438443,-53.339837882305574,-0.3102698652523547,-0.43115372012160114,1079.2587144424283,2,1,1
-41.9078443421892,3.7373971474960865,13.968137438111885,-49.77147983861019,-36.18871001651512,13.582769822095074,-40.0174324599171,-0.6686896389995749,-0.8089794771533811,838.1568868437839,-48.28341379999661,4.561904803072774,20.810975432298445,-56.982316321797725,-41.277718509290615,15.70459781250711,-47.704647444255215,-0.4886798414596476,-0.4057211489613919,965.6682759999321,-45.33692081802785,3.972016201878758,15.776912707987355,-53.345261055275984,-38.996271063826704,14.34898999144928,-45.530433835497576,-0.14168266107070648,-0.9263453043099905,906.738416360557,-52.00027075335487,3.396300301107371,11.534855735302019,-58.03786078156426,-46.869737164797364,11.168123616766898,-50.896820600512385,-0.27560205508885877,-1.1039996602752464,1040.0054150670974,2,1,1
-43.214681026969,3.027142683739384,9.163592827716881,-48.07631614291375,-36.16345289576482,11.912863247148927,-42.61304655389485,0.32822857154065727,-0.2922716167927746,864.2936205393801,-50.657071947068495,4.05398152527279,16.434766207253094,-58.1310720727351,-41.52568514054868,16.60538693218642,-51.46497915794672,0.3350441566909153,-0.47855763344963975,1013.1414389413699,-45.666067295015566,3.5639499831106396,12.701739482114327,-52.14776717734996,-36.810413709037974,15.337353468311989,-45.858330071242946,0.33232934685832627,0.15866482678400162,913.3213459003113,-53.86179803907106,4.193127438606497,17.582317716394687,-64.17524372255333,-42.76235321221335,21.412890510339984,-52.779584163815684,0.10851649261574087,1.5103213692461885,1077.2359607814212,2,1,1
-46.06714866712669,4.257271209424666,18.12435815059616,-52.29044930203183,-37.93428513005257,14.356164171979259,-46.32247224009436,0.300948726165295,-0.7769021536652132,921.3429733425337,-51.567762992532195,4.682044955862562,21.92154496871806,-60.72485798090568,-42.40280797369393,18.32205000721175,-51.20122983896919,-0.047956728869499574,-0.12101289227522294,1031.355259850644,-48.98961382279645,3.558887088434671,12.66567730822701,-54.82893803338962,-42.233147592919394,12.595790440470225,-48.93671240802612,0.07280303827692282,-1.123556529379696,979.792276455929,-56.64858122608918,3.433017447205123,11.78560879281478,-62.015908596154596,-47.70156896864514,14.314339627509455,-57.24603294076071,0.754324666410712,0.2553229442889138,1132.9716245217835,2,1,1
-46.23101153445642,3.9732262932423437,15.786527177312294,-52.06826220702245,-36.68076884873605,15.387493358286399,-46.151088931435126,0.4308346027137159,-0.161365726700903,924.6202306891284,-51.683174837831096,3.802122496568676,14.456135478913623,-57.337314119802585,-44.707435946723656,12.629878173078929,-50.98786146155746,0.14944397138478518,-1.0626650318816153,1033.663496756622,-49.32079986854551,3.7991869932142825,14.433821809408581,-58.70237427592311,-42.80258429237522,15.89978998354789,-49.06332594227251,-0.5349935762401749,0.10814868611206174,986.4159973709102,-55.565749970518674,3.253424380913685,10.584770202323595,-61.37289385220041,-50.11186029109474,11.26103356110567,-54.93605712042336,0.03513520148258008,-1.0363029565564472,1111.3149994103735,2,1,1
-45.97044565755454,2.936852671588275,8.625103614615188,-51.142587494519645,-40.07834768015857,11.064239814361073,-46.36775495285673,0.16358499511049923,-0.7602383930526755,919.4089131510908,-50.19192383556888,3.5834750605010277,12.841293509232845,-57.38996000268706,-42.77098183700766,14.618978165679401,-50.23722742942215,0.03661965490738974,-0.5779597024096685,1003.8384767113776,-47.68788263247181,4.212169771659563,17.742374185282575,-55.664995674187,-39.53821788605404,16.126777788132955,-48.35757447208706,0.04539586728954702,-0.3204996514210334,953.7576526494362,-55.720978845949375,3.639844021428433,13.248464500328307,-62.12003393065024,-49.43948187735315,12.680552053297085,-55.74624751389693,0.10012090572107586,-1.0290690075817412,1114.4195769189873,2,1,1
-43.52198224990482,4.1050939917642735,16.851796681219135,-50.365239906421124,-36.375404244444695,13.989835661976429,-43.00620959998353,0.008514695264165331,-1.0311407595411048,870.4396449980966,-50.965931065440984,4.1430482994742395,17.16484921177639,-57.384479341517,-40.94193725119419,16.44254209032281,-52.07671773949194,0.5111484767520031,-0.24052251569443772,1019.3186213088197,-47.0261981865765,4.132628236262314,17.07861613915257,-54.10543218439459,-36.078855728205156,18.02657645618943,-48.080207504911506,0.7705336669634671,0.4126572077538695,940.5239637315301,-55.2433334539772,4.195647954412452,17.603461757365395,-64.55500618687364,-47.32967258728846,17.225333599585184,-56.33297300997394,0.01745602815883412,-0.36353702247082387,1104.8666690795442,2,1,1
-45.98022640446655,4.257789237921487,18.128769194560032,-53.117629370131695,-37.29502480404886,15.822604566082838,-45.84153881498226,0.15298265712245132,-0.41210476189957124,919.6045280893311,-51.84584068549732,4.197034446940283,17.615098148803334,-59.86560929511941,-44.48973526040216,15.37587403471725,-51.817770690548116,-0.19499937969464684,-0.8874658342435819,1036.9168137099464,-48.481413701640676,5.113341700871818,26.146263349874694,-61.29105597126045,-37.634816516800946,23.656239454459502,-49.42382159303139,-0.22362328413759983,0.5283708543885477,969.6282740328136,-56.22040198234605,5.24479289536755,27.507852515297934,-66.1620343490407,-41.262105639558484,24.89992870948221,-56.01373884551721,0.7040626623832675,1.4134172723407747,1124.4080396469212,2,1,1
-42.9498580446231,1.758820123944866,3.0934482283934335,-46.897543382376085,-38.21723967971751,8.680303702658577,-42.89307051502233,0.1358742954221659,1.4956049627936059,858.9971608924618,-49.10652762294942,2.1773273475210875,4.7407543782632136,-53.68855203393519,-44.560891874704375,9.127660159230814,-48.85988844585509,-0.12738716964107777,-0.3166160985929154,982.1305524589884,-45.29132406656397,2.0664319214505418,4.270140885989779,-49.23440318871876,-42.07099376927515,7.16340941944361,-45.49440759138919,-0.14353532459373733,-0.8329519378566457,905.8264813312794,-52.795391636868565,1.7933483409443913,3.2160982719680007,-56.32267121734306,-50.42287176495934,5.899799452383718,-52.3091237954053,-0.4115603744475948,-1.1432027754444183,1055.9078327373713,2,1,0
-42.82664069715006,1.5066496551861026,2.2699931834724016,-45.70494297562669,-39.439930511742894,6.265012463883799,-42.81480638838762,0.18009603758126447,-0.07507706389908231,856.5328139430012,-49.04350153995371,1.617652686788384,2.6168002150736775,-52.40145743105225,-45.631155200388335,6.770302230663916,-48.992380525173324,0.03285764152478912,-0.13433122275932163,980.8700307990741,-45.13828389634589,2.062625024655532,4.254421992335233,-49.22167568740048,-40.8173318020879,8.404343885312578,-45.09538823794712,0.31234447108546953,-0.35993615633679665,902.7656779269178,-53.40069231373735,2.429898185138365,5.9044051901387204,-58.57258778137026,-49.17996386999002,9.392623911380241,-52.879220983500005,-0.62201133315957,-0.13692530061488206,1068.0138462747468,2,1,0
-42.921582865293445,1.9994553974856573,3.9978218865345276,-46.69669847373305,-38.121152969954345,8.575545503778706,-43.0982102705433,0.26533311568927787,0.332588390334946,858.4316573058691,-49.41941097709751,2.013923070730411,4.055886134820208,-53.03840238159872,-44.40620606034139,8.632196321257332,-49.70915695808617,0.502275679160803,-0.0689218732227741,988.3882195419501,-45.50149522049893,2.118294463331039,4.4871714333789345,-49.381660325820874,-42.18232721612454,7.199333109696333,-45.00431852086417,-0.327859907083871,-0.9826506636228913,910.0299044099785,-53.831323599624206,1.685209960367534,2.839932610521945,-57.00042647986738,-50.688267839661194,6.312158640206185,-53.485649757789226,-0.21635715295770616,-0.6019261949915977,1076.626471992484,2,1,0
-44.26327712308971,4.140432550951892,17.143181708981988,-51.09960052380747,-37.09473445293516,14.00486607087231,-44.87665175212351,0.18114904534519874,-1.1362152338055318,885.265542461794,-48.90376721595054,3.9050420273285105,15.249353235201962,-54.792090008136526,-40.47995936076479,14.312130647371738,-49.47461471143515,0.5140470360178275,-0.6342421983283848,978.0753443190108,-44.965413432694014,4.352420157703786,18.943561229186255,-56.86013709616703,-38.96213739296782,17.89799970319921,-44.21446527920922,-0.913200738591244,0.6350908354747804,899.3082686538803,-53.25549641698613,2.038189199537013,4.15421521310933,-57.539685970983754,-49.718851695915035,7.820834275068719,-53.369526271919455,-0.08883233623704821,-0.13973788459228897,1065.1099283397223,2,1,1
-43.53152502951412,3.56901186392528,12.7378456848394,-50.006519405264584,-35.97507319598268,14.031446209281903,-43.234655509613034,0.23144443193847092,-0.4037383236236525,870.6305005902825,-48.48041288098436,4.15626179300727,17.27451209201201,-60.124988454089305,-42.602157857251804,17.5228305968375,-47.41654505140069,-1.0906842537966615,0.9636008546990942,969.608257619687,-45.32591605237115,3.7553767442275214,14.102854491084898,-52.3258443866028,-38.065844623829975,14.259999762772829,-45.915689896126594,0.4057953294948049,-0.5218038288154987,906.518321047423,-52.73559552610574,4.549922630247282,20.701795941236348,-61.06081307660431,-44.51718560241902,16.543627474185293,-51.49585251515765,-0.05519568291082914,-0.6486259410061654,1054.711910522115,2,1,1
-45.15244023875261,3.8843614906698316,15.088264190198757,-53.709576737825394,-37.47728439406051,16.232292343764883,-45.58469900626126,0.23650018680351712,0.021918851485418944,903.0488047750522,-52.95130256460736,4.876075160951607,23.77610897524924,-64.78657213718071,-43.44625021773139,21.340321919449323,-52.46114263861733,-0.4614805994412201,0.5997114528702583,1059.0260512921473,-47.1267099148921,3.3939845191298494,11.519130916093076,-53.48321751125505,-38.95942246548,14.523795045775046,-47.149386012047586,0.4290490362244314,0.02397439999278861,942.5341982978421,-56.56539045898493,4.348148459815506,18.906395028595956,-63.146780361697964,-47.501957761326,15.644822600371967,-55.76514251192947,0.03611841070870324,-0.9056401001164525,1131.3078091796986,2,1,1
-46.27578967987112,3.511028657597206,12.32732223446884,-52.537910868249334,-38.61666630748961,13.921244560759725,-46.38050013385195,0.26293974552170885,-0.46757274349355793,925.5157935974224,-50.17218009465431,3.509835932508093,12.318948273124954,-56.62100294056273,-43.54983560018555,13.07116734037718,-50.32781617698206,0.13103164822600244,-0.693351269866028,1003.4436018930863,-45.29312967721868,3.6979907396937373,13.675135510860633,-54.97053181462326,-41.82494368628202,13.145588128341238,-43.75081685092974,-1.4679739154837237,1.127834615943173,905.8625935443736,-54.04189736500641,3.3862205136984938,11.46648936739249,-59.753942043238816,-46.55879240512632,13.195149638112497,-53.82874884825499,0.05227976974810702,-0.602202569268719,1080.8379473001285,2,1,1
-45.59044089657833,3.873782587906742,15.006191538369455,-52.492530822440926,-37.490116443164446,15.00241437927648,-44.721469603123055,-0.0445669722700867,-0.6054400865150327,911.8088179315666,-51.24650005906695,3.7110885342219273,13.772178108833455,-58.532752141236315,-44.482518846824235,14.050233294412081,-50.67935413500999,-0.07366740435678444,-0.7107487043356455,1024.9300011813389,-49.549737209217746,5.375709109276164,28.898248427554726,-65.46909336555997,-41.21393438548674,24.255158980073233,-48.82130853040803,-1.0616253663653004,1.6571732134093544,990.9947441843549,-56.80379858009741,4.099761230992185,16.808042151146562,-65.06830159927443,-48.82837992904508,16.239921670229357,-56.8076470984038,-0.01388266348112705,-0.5049855875954044,1136.0759716019481,2,1,1
-42.828365723179175,2.477668831659659,6.138842839377738,-47.38407821236537,-38.98537141544004,8.398706796925325,-42.9597281429283,-0.20273547208434373,-1.021909928777834,856.5673144635837,-48.680366280018106,1.913125993634217,3.6600510675189106,-53.78556347297769,-46.016479436145076,7.769084036832616,-48.61645560488904,-0.6735363599627354,0.251867569409721,973.6073256003621,-43.77856645832828,2.2607234175352082,5.110870370592071,-48.84246775494601,-40.297687659301715,8.544780095644292,-43.72234206041274,-0.22659610588850745,-0.7558972752362636,875.5713291665656,-53.009314486938976,2.1423817073779845,4.5897993801078085,-57.700544773850396,-49.55835510028181,8.142189673568588,-52.7418261547045,-0.6317517226053575,-0.43144696916149217,1060.1862897387796,2,1,0
-42.54470914218779,1.9976108272667432,3.9904490172133222,-47.16933270650372,-38.30298893826151,8.86634376824221,-42.131272114507695,-0.4540644606210604,0.29617269378101474,850.8941828437559,-48.059734123605544,1.9623715432366344,3.8509020737049298,-51.553251171014985,-44.78539715622109,6.7678540147938975,-48.24281743231463,-0.1650001531708656,-0.9936955323732937,961.194682472111,-44.65684762224844,1.3892154435647381,1.9299195486387721,-48.160733397340415,-42.54233355916907,5.618399838171342,-44.77469132992567,-0.44994506115669447,-0.03807586660470541,893.136952444969,-53.15858135643305,1.795848604862267,3.2250722115857506,-56.1101991970271,-49.64823795035106,6.46196124667604,-53.495036271287105,0.30010857114438716,-0.7693743087321936,1063.171627128661,2,1,0
-45.04004376675709,1.3225388717397775,1.7491090672627234,-47.548085108262796,-42.87903174250545,4.66905336575735,-45.23466684916083,0.014499659401611515,-0.7891020520562155,900.8008753351417,-51.09107358777462,2.004062670303051,4.016267186502196,-54.688450236068356,-47.39774520967602,7.290705026392338,-50.89554062834023,0.11211122512488858,-0.8856763318542122,1021.8214717554923,-46.72072102048652,1.9802386839657882,3.9213452454745563,-50.88126173249831,-43.50216501418696,7.379096718311352,-46.26666110713715,-0.44479626540858336,-0.7940457238717786,934.4144204097306,-55.33152615388358,1.747473542649704,3.0536637822607062,-58.69618846478867,-51.51581770813827,7.180370756650397,-55.623569027188736,0.3273716817927538,-0.2817475182280629,1106.6305230776716,2,1,0
-46.74890009044435,1.4622989411616316,2.138318193322429,-50.18570889296165,-43.04527655933259,7.140432333629057,-46.52473974938779,0.07822268311873587,1.0109166528597902,934.978001808887,-51.707816511476665,2.000387583256,4.00155048324478,-54.853715938303054,-48.62185957132398,6.231856366979073,-51.32900972064192,-0.1008685463975651,-1.334384531354275,1034.1563302295333,-48.75739992667307,1.8792494324821483,3.531578429484476,-51.360531985479824,-44.900000534709065,6.460531450770759,-48.94703252698531,0.44516247340077036,-0.9504315024556869,975.1479985334612,-57.47190346941219,1.6721963040855272,2.796240479397297,-60.27249185136088,-54.27984833182963,5.992643519531249,-57.35990768628213,-0.14532801657794298,-0.9274500638316385,1149.4380693882435,2,1,0
-44.01583452182386,3.1587630216011298,9.9777838266347,-49.282579344038325,-39.020255245999756,10.262324098038569,-44.18643970892829,-0.04681971893111918,-1.295889900719341,880.316690436477,-48.84900467992947,3.660639458132557,13.400281242437021,-58.77062916535915,-43.555215568612866,15.215413596746288,-49.11692334074526,-0.6512432073926427,0.5272141640879653,976.9800935985894,-45.795847413791336,3.9388366225315816,15.514433938995998,-54.48705041839547,-41.21371641830538,13.273334000090088,-44.27760689800924,-0.7018928545473517,-0.7182800270860006,915.9169482758266,-54.60927855676631,4.8214312798528045,23.24619958634305,-62.2554617255482,-46.142589973374385,16.112871752173817,-55.16807354068227,0.10462886530669693,-1.2187457448789343,1092.1855711353264,2,1,1
-47.71144447417856,4.007695357143821,16.06162207567214,-55.955602642411854,-40.903947066598384,15.05165557581347,-48.088267481520646,-0.13944054563931949,-0.7372946503478177,954.2288894835714,-52.88008813344824,2.749422798004069,7.559325722184525,-57.55590844740042,-47.27777303826138,10.27813540913904,-53.21737424281362,0.21708753178675122,-0.7766371416293754,1057.6017626689645,-50.26707762588886,4.390624384618723,19.27758248680854,-59.26821567039936,-41.49343722770927,17.774778442690085,-50.13667325576585,0.1726849387479172,-0.31705025299979495,1005.3415525177772,-56.943391935090595,3.9838410914420885,15.870989841862492,-63.02999097053467,-49.07846427199599,13.951526698538679,-58.24377283668193,0.2032871378622326,-1.1429299958870094,1138.8678387018122,2,1,1
-45.84786855463871,3.2687328940757445,10.684614732812792,-50.1037243192489,-39.99428208598666,10.109442233262236,-46.00633087949838,0.2374935518740637,-1.2260837431773877,916.957371092774,-49.30115284168043,3.476568055518341,12.08652544465058,-56.59378938701188,-43.0757854417531,13.518003945258783,-49.462700198596615,-0.11723469958669104,-0.7105316656286012,986.0230568336085,-47.091622256930044,3.7310224797581997,13.920528744461027,-56.91161942994379,-40.8353339951036,16.076285434840187,-47.9493256862315,-0.4203832269319005,0.35217534692625785,941.8324451386007,-56.91106844633187,2.96201292245709,8.77352055280279,-62.18312984797798,-53.156723410248986,9.026406437728994,-56.31199361237847,-0.4975961855235141,-0.9923667706971262,1138.221368926637,2,1,1
-46.45855612051859,3.251682735042449,10.573440609373142,-52.28529731413568,-37.73071344216191,14.554583871973776,-47.20861820657909,0.7548975157545919,0.587956770695822,929.1711224103717,-50.9195250652364,4.4226690135862885,19.560001203736313,-58.325099808095885,-42.1330930955895,16.192006712506384,-51.45615553803903,0.4472164071370596,-0.5923030352074115,1018.3905013047281,-48.36142705572595,4.559497064962262,20.78901348539948,-57.38987060508472,-37.10700088280102,20.2828697222837,-48.408461777058974,0.4379473860536853,0.31742217926561755,967.2285411145192,-56.78007335218193,3.392779414358034,11.510952154491646,-65.38628855462353,-49.16281725648053,16.223471298143004,-56.925184735190555,-0.057729416081677615,1.1522776431895903,1135.6014670436386,2,1,1
-46.33025615111349,4.116834796108515,16.948328738449835,-54.214553557631675,-38.20900138279025,16.005552174841426,-46.60198534590748,0.2976225399701597,-0.5852572378625815,926.6051230222698,-51.287432312144325,3.8738247474076632,15.006518173628047,-60.772718926459504,-46.611304200297695,14.161414726161809,-50.61720507004773,-0.9187852601890116,0.13615899425006228,1025.7486462428865,-47.32693465214847,4.97085978847091,24.709447036637062,-54.20953047404208,-34.64248381791382,19.567046656128262,-47.69934857987657,0.7672705673514251,0.25328851432775634,946.5386930429695,-56.38342142167092,2.840113863352552,8.066246756807358,-60.50541503391481,-50.098269898101336,10.407145135813472,-57.23890557567425,0.8464549707853387,-0.016801058935292712,1127.6684284334183,2,1,1
-45.73760503098043,1.6035498315491004,2.5713720622611485,-49.55374847682432,-43.42724912720731,6.126499349617006,-45.679134617968884,-0.5761901868083628,-0.2533509713059736,914.7521006196088,-52.21147916992269,2.223246640678171,4.942825625286773,-55.950770285085305,-48.4562124839592,7.494557801126106,-52.16688768678792,-0.010469807874100292,-1.1849638652764767,1044.2295833984538,-48.566537501509316,1.5316575924126798,2.3459749803954066,-51.530925350016624,-45.60998625735645,5.920939092660177,-48.42650979808029,-0.1495724861680493,-0.2492310654678329,971.3307500301863,-57.495865175228936,1.853023905750486,3.433697595282786,-61.193797511627714,-53.30476648231146,7.889031029316257,-57.17816003544768,0.06570135160423521,-0.049140705166354604,1149.9173035045787,2,1,0
-45.835693513804685,2.618303405923895,6.8555127254726695,-51.56378177627503,-40.13712880429565,11.42665297197938,-45.77148458142311,-0.1380601766542425,0.10901353957524362,916.7138702760936,-51.617161528013106,1.449948874584699,2.102351738909435,-54.47539225226127,-48.33585690843176,6.139535343829515,-52.001394579319175,0.5064114854658907,-0.11238890619338227,1032.3432305602623,-48.731394977910284,1.734018177783514,3.0068190408836584,-51.74007666221972,-46.20442501421564,5.535651648004084,-47.92302385164038,-0.22254821662201704,-1.4214579433376822,974.6278995582057,-55.83557336271722,1.8668981192408072,3.485308587624863,-60.620065518497306,-53.093843400253895,7.52622211824341,-55.69955967385046,-0.660359808139594,0.12714236865586814,1116.7114672543441,2,1,0
-42.813823593034556,4.415342844608848,19.49525243543855,-53.93218240457667,-33.23404561704143,20.69813678753524,-41.908387178960254,-0.5311557041655177,0.768817350421743,856.276471860691,-48.444581209416214,4.042389386136464,16.34091194914874,-54.575412914581285,-39.85905274532417,14.716360169257115,-48.60786630942698,0.2445698214136799,-0.8867870478171747,968.8916241883242,-45.33282658956363,3.721618916671291,13.850447360925596,-53.506301237185426,-38.55447704486857,14.951824192316856,-44.773677069721884,-0.3005784696488412,-0.22504146844056772,906.6565317912726,-54.058374856190426,3.2473111724863166,10.545029850954457,-61.30320712443134,-49.21568617223911,12.087520952192229,-53.35242588796258,-0.48070681594140735,-0.6219023675572477,1081.1674971238085,2,1,1
-44.37151130106212,2.1624813828271776,4.676325731074143,-49.02296849645616,-41.34732180612644,7.675646690329721,-43.87172686552138,-0.6522026391817789,-0.635126969812903,887.4302260212424,-49.795565105744636,2.0079901448297957,4.032024421733583,-55.05577165057543,-45.660614043326255,9.395157607249175,-49.87307509290819,-0.11922029348357728,1.0982665327014756,995.9113021148928,-46.31673732724518,1.9561320468942835,3.8264525848868196,-50.19078042840918,-43.16878782070714,7.021992607702039,-46.4169786360043,-0.06313208488633669,-0.9758655108548977,926.3347465449035,-54.0129602784564,1.931002747563855,3.7287716110991567,-58.22109495404877,-50.34874112369042,7.872353830358357,-53.78400746139256,-0.24553990770589193,-0.43818410215759274,1080.259205569128,2,1,0
-46.13341801505431,3.918324551513219,15.353267290991266,-55.2717841187218,-38.63893765817312,16.632846460548677,-46.21555355563703,-0.046627795165679616,-0.08391294825927043,922.6683603010862,-50.70535966575313,5.180628582940541,26.838912514380514,-60.6960907533172,-34.95330931796589,25.74278143535131,-50.490687648675134,0.8303931733657408,2.317828864286887,1014.1071933150625,-46.55868238882765,4.087290706291353,16.70594531773567,-55.689105679682086,-39.14426583981521,16.544839839866874,-46.42782707217323,-0.0952501266522553,-0.27681879156169353,931.1736477765528,-56.172766745271396,5.011565679775982,25.115790562708504,-63.12642124843042,-46.46748065449427,16.65894059393615,-56.971642460147294,0.41660767292657674,-0.9954035260866703,1123.4553349054281,2,1,1
-42.224462720243764,1.463378458116,2.1414765116779617,-44.444366328674185,-38.94777442316064,5.496591905513547,-42.13790032957404,0.504232115651648,-0.36590491201271647,844.4892544048753,-48.53043133058591,1.9388370898614546,3.7590892610224342,-54.06998763170988,-44.912784497983886,9.157203133725993,-48.52285494833919,-0.666120689268179,1.3910801460136817,970.6086266117184,-44.48181383574017,2.1327518822336518,4.548630591171185,-49.48297484168633,-41.783902569547166,7.699072272139162,-43.954917536513214,-0.8307414858271129,-0.2791118786603821,889.6362767148036,-53.817400597448454,1.5653787994838144,2.4504107858733883,-57.75091008563258,-51.18008258476287,6.5708275008697115,-53.501295573550124,-0.6512184446918707,0.07176775352733511,1076.348011948969,2,1,0
-46.34596336830368,3.7911486118473916,14.372807797112404,-53.822739188544986,-40.9569831216217,12.86575606692329,-45.775459126866906,-0.37763969000927544,-1.0605710245186966,926.9192673660737,-51.927020693023984,4.860405158191051,23.623538301770175,-61.08509753591599,-42.983941617232766,18.101155918683226,-52.39979620735682,0.2951041749204749,-0.4908709484289209,1038.54041386048,-48.64924481639918,2.7600037838709093,7.6176208869817374,-53.87830954639881,-44.025144461657945,9.853165084740866,-47.81305357992755,-0.222794855852796,-0.8085208740238135,972.9848963279837,-57.224263174001734,3.637064141885635,13.22823557219029,-63.41828525263173,-51.02117855287118,12.397106699760556,-57.46303335657433,0.0824661864215596,-1.088328356088603,1144.4852634800347,2,1,1
-47.8155790580923,4.264943959467235,18.18974697739606,-58.735291242554084,-38.90327067361684,19.832020568937246,-47.81573883789618,-0.5017856543379873,0.8287111285769635,956.311581161846,-51.49987442347026,3.400077189936722,11.560524897527996,-61.38377413958982,-45.165459735849694,16.218314403740123,-51.002442403231754,-0.7496921853910264,1.6317515463867798,1029.9974884694052,-47.964079828798866,4.342360157052504,18.856091733557044,-57.680432939015404,-40.22341210348753,17.45702083552787,-48.353373666054196,-0.16707293692624076,-0.4148795464010506,959.2815965759771,-56.5110319813845,4.126735247917965,17.029943806408554,-66.66349884578294,-48.92307870739003,17.740420138392906,-56.511667713790615,-0.31613490854022025,0.17721858879780994,1130.2206396276902,2,1,1
-41.21198020882927,3.941781013200814,15.537637556030436,-48.850805629688494,-34.48162312191901,14.369182507769487,-41.87532163334533,-0.28133194510640225,-0.6573976559302603,824.2396041765853,-49.82735518671407,3.2620261017114385,10.640814288246723,-56.19857186397845,-43.5465217798547,12.65205008412375,-49.26169313881962,-0.10389375005553342,-0.7861498092281232,996.5471037342816,-43.972095707975704,4.5298850474235515,20.519858542871468,-50.8758321410268,-35.59810517936217,15.277726961664627,-43.02587122477813,0.04352399673638448,-1.2117103256881696,879.4419141595141,-52.66818448049835,2.8522661535310667,8.135422210578906,-57.331689984154984,-47.80890129909075,9.522788685064235,-53.066912643920475,0.16148983167281244,-1.1523843582056306,1053.3636896099667,2,1,1
-45.296066555336864,1.8984588978094736,3.6041461866719615,-49.39170093080743,-41.49498499791798,7.89671593288945,-45.442665306105226,0.09599962565074051,-0.14332479009719368,905.9213311067374,-51.48339866344918,1.8095800335679932,3.2745798978879392,-54.31278007972425,-47.48480670730369,6.8279733724205585,-51.616637094774816,0.47789059224613906,-0.4660863740101644,1029.6679732689836,-47.50387622282833,2.10055733312226,4.412341109733701,-50.8736529426119,-43.12631703107396,7.747335911537938,-47.49488577870149,0.16326979243421857,-0.6884916251618161,950.0775244565665,-56.16756322136507,1.3685615788154548,1.8729607950098504,-58.97728979860804,-53.49894644678843,5.4783433518196105,-56.24614384197197,0.07450432829240179,-0.32486157885320255,1123.3512644273014,2,1,0
-42.742603915954845,4.193627709481068,17.58651336572743,-52.031495155305336,-34.343646687215944,17.687848468089392,-42.146563016925626,-0.08289891671187873,0.020148375992486756,854.8520783190968,-48.57551179424428,4.074290819406993,16.599845681104107,-53.93249647482086,-36.80835000619144,17.12414646862942,-49.1437667471737,1.0855659984089772,1.202769384250118,971.5102358848856,-44.51748809732586,4.4699120363414755,19.980113612630397,-52.12523232486709,-33.17456911782925,18.95066320703784,-44.418695133380425,0.5147337584258097,-0.023866424187724444,890.3497619465172,-54.290218942796834,2.0792235252604763,4.323170467996602,-58.350573637981014,-49.976311992231146,8.374261645749868,-54.17468732486477,-0.15392105000798345,-0.38808363990833294,1085.8043788559366,2,1,1
-45.86148409154271,4.334245225600142,18.78568167563763,-56.64736632175144,-36.785434479093446,19.861931842657995,-46.30743384425382,-0.07539295850235077,0.6873510865732722,917.2296818308542,-50.45628631237851,4.020459513174192,16.16409469707286,-59.245266825226906,-43.173486503192606,16.0717803220343,-51.62101234547022,0.1264426423369447,-0.4304418329962325,1009.1257262475701,-49.90819749507075,4.5625723477507245,20.817066428459558,-59.78554914978747,-42.535093531417154,17.250455618370317,-49.21027062271257,-0.39526843581077703,-0.7395095907842495,998.163949901415,-55.434062040208744,5.223856409011839,27.288675781974064,-62.59397521381046,-40.87178420938301,21.72219100442745,-56.26460631834534,1.094716409085614,0.7855686344928494,1108.6812408041749,2,1,1
-45.450195357935954,3.7981710426047135,14.426103268880976,-54.87713318418739,-37.02401466964563,17.853118514541762,-44.89598289606107,-0.3272947758519964,0.6582024857004081,909.0039071587191,-51.17746817903832,5.1052408240328075,26.063483871371183,-61.33516997181423,-39.9120504632411,21.42311950857313,-51.63416268606981,0.2557080247914014,-0.37828170261887273,1023.5493635807666,-46.97718787824522,3.807529574883155,14.497281463609898,-54.728155235901376,-37.93868050922961,16.789474726671763,-46.51031072754723,-0.01410555936055736,0.15558440090352343,939.5437575649044,-57.1728116471726,3.418123580438141,11.683568811147257,-66.64172238645526,-52.883632610220744,13.758089776234513,-56.3239147133512,-1.2319726252206002,0.9816637139368272,1143.456232943452,2,1,1
-43.78614679861624,1.684660388751922,2.838080625429777,-46.95781328836212,-39.9888477290816,6.9689655592805195,-43.7856784868422,0.3959188029792361,-0.17725702518371333,875.7229359723248,-49.76389900695003,2.1251385640307383,4.516213916330628,-53.308824724653576,-45.73394762835294,7.574877096300639,-49.86407264138873,0.20684049651498584,-0.867501641699755,995.2779801390006,-45.44612867898388,1.9408292551689343,3.7668181977196005,-48.56211261061727,-41.36199396335944,7.200118647257831,-45.99284074165641,0.553347573753136,-0.7181719483233584,908.9225735796776,-53.580120738405014,1.7257355980420632,2.9781633543495976,-56.599225413348684,-48.69944565320999,7.899779760138692,-53.78391062859044,0.7162232777792017,1.198044794390821,1071.6024147681003,2,1,0
-43.882566223955166,3.756864990340206,14.114034555643915,-50.45129393335611,-37.64831730144154,12.802976631914575,-44.721466727725286,-0.038837572903848414,-1.0048204781902896,877.6513244791033,-48.46636850534115,3.393095693683854,11.513098386495916,-55.652695120458354,-41.95907957388569,13.693615546572666,-48.16765186957631,-0.4615578611285715,-0.10056452355150869,969.327370106823,-47.728628043998995,3.876228243471149,15.02514539548343,-55.842691018904745,-41.085865906579784,14.756825112324961,-48.56558189094001,-0.2018562499509753,-0.774471670241117,954.5725608799798,-56.314850768987675,4.164753474677414,17.34517150483759,-65.3740152697099,-47.11061118387852,18.263404085831382,-57.002551913382106,0.07893948942062122,0.03566373291821989,1126.2970153797535,2,1,1
-44.810994237983905,3.1889940073743253,10.169682779069358,-49.7901577185561,-35.46329984005537,14.326857878500732,-44.68506193024863,1.1647542591017828,1.6672283595535458,896.219884759678,-50.768590029156954,4.5565387032331435,20.762044954061576,-59.99597182692267,-41.03184941561082,18.96412241131185,-51.033299420612416,0.2611092901390914,-0.10883752179837636,1015.371800583139,-46.380123118366285,3.775276653167097,14.252713807948558,-53.36172997445636,-39.77808784858419,13.583642125872167,-46.654854361776415,0.06811266641385907,-0.9717812973042279,927.6024623673259,-55.958623825878746,3.645006352553404,13.286071310154673,-62.255263490163784,-49.13307686389278,13.122186626271002,-56.10943469848248,-0.16372894049302292,-0.8035610971398555,1119.172476517575,2,1,1
-45.470307281724,3.836109826003983,14.715738597164309,-54.09776878860504,-38.83615555279352,15.261613235811517,-45.12492582169307,-0.31235445509472554,-0.4999000286643822,909.40614563448,-53.49913833895753,3.1528322889564433,9.940351442286325,-59.284110929608026,-47.40497461270542,11.879136316902603,-53.59782492669538,0.12061769249443699,-0.9352583101502958,1069.9827667791506,-49.39754714734771,4.846576187409173,23.489300740361635,-59.90432281726963,-40.30701376255937,19.59730905471026,-49.27926828342738,-0.21146663961638823,-0.5064687361226219,987.9509429469542,-56.24940827816484,4.242457870837135,17.998448785827954,-62.748963067987724,-44.00799317830915,18.740969889678574,-55.94770640691993,0.8375611209307816,1.1826554169836054,1124.9881655632971,2,1,1
-46.09440179089455,5.024616167053034,25.24676762621072,-53.50433691818182,-35.83247579631602,17.671861121865803,-47.45094155259487,0.6597413401589471,-0.7467524787208255,921.888035817891,-50.73092636179232,4.14095988303628,17.147548752915846,-58.62168690077959,-42.515275415401284,16.10641148537831,-50.09733379252661,-0.21907500977965047,-0.5415204640584008,1014.6185272358463,-47.643225329764164,3.251509681997185,10.572315212121435,-52.85844250153239,-38.71802009047469,14.140422411057699,-48.17808587428761,0.9699764808616126,0.7556651458887202,952.8645065952833,-55.86485052705433,2.8665016498347526,8.216831708505358,-61.80241251325143,-51.5394824608594,10.26293005239203,-55.397808940623705,-0.5464952334336106,-0.34879727856031195,1117.2970105410868,2,1,1
-43.65164706286682,4.019868867397586,16.159345711072355,-51.41654464452645,-36.631538767455254,14.785005877071193,-43.4413756459365,-0.03051830054331986,-0.992423791860666,873.0329412573365,-46.805812686156806,3.8810826264542504,15.062802353365024,-54.09997068656847,-40.238115650026245,13.861855036542224,-46.68211869292104,0.007455410295606611,-0.8750182000010214,936.1162537231362,-44.69246939996146,4.066086736025022,16.533061344878615,-52.838253646144906,-35.44582846297673,17.39242518316818,-45.45295156070412,0.33578472311501184,-0.17704285849357237,893.8493879992291,-53.56882549203061,4.015929724351428,16.12769155092933,-61.34070727244252,-44.57911469692676,16.761592575515763,-52.72418112629974,0.2754835229740734,-0.04973764875062914,1071.376509840612,2,1,1
-46.191674192125525,3.750463967218406,14.065979969403624,-53.38496738397391,-40.87310305926774,12.511864324706167,-45.22084102773349,-0.544399474599976,-0.9912682381404814,923.8334838425104,-51.02744431332998,2.8743712982525973,8.262010360218321,-56.56760551988551,-43.4850286097693,13.08257691011621,-51.707327095828404,0.579716956803333,0.5517211567557041,1020.5488862665999,-47.615800824030444,3.051598948361827,9.31225614164301,-53.24716500585376,-42.73590063786227,10.511264367991487,-47.397791480010795,-0.35388514195333376,-0.8338553997933298,952.3160164806087,-56.06554843288056,3.322885785200398,11.041569941486866,-63.597390972303074,-51.64422522909035,11.953165743212722,-54.763486545723985,-0.8934057832394255,-0.14426100959428156,1121.3109686576113,2,1,1
-44.24096659683856,2.1434064810651434,4.594191343072062,-48.001074159377,-39.60154126231443,8.39953289706257,-43.99398331030842,0.08676962620136727,-0.5907894014464623,884.819331936771,-49.54909639307726,1.9256558970938635,3.708150634012372,-53.077068777258106,-45.33065681459538,7.746411962662727,-49.4227046172434,0.38309954344983466,-0.07424337528603164,990.981927861545,-46.07261875326726,2.326317178910245,5.41175161689292,-50.868004619412986,-42.70927624065415,8.158728378758838,-45.45982575028074,-0.5110175715272967,-0.7865514617571345,921.452375065345,-55.81826192322107,1.7873979506106739,3.1947914338472367,-59.053470119868365,-51.38896290177605,7.664507218092318,-55.62227422106737,0.1672769659871432,0.30120543334764793,1116.3652384644215,2,1,0
-43.31954042400412,1.6462970412899804,2.7102939481601434,-46.597752097222596,-40.56037841787888,6.037373679343716,-43.21896835724889,-0.45118366794682874,-0.36620138067870744,866.3908084800822,-49.31229120083292,1.6591105513321511,2.7526478215416743,-53.530802139111024,-46.52370153440854,7.007100604702487,-49.446214644035166,-0.6426301623572314,0.19506684618140557,986.2458240166585,-45.850808656690546,1.8818488641526325,3.5413551475125535,-48.76098338411332,-41.77521158188861,6.985771802224704,-45.794767427565446,0.37569453963689753,-0.4245697657829366,917.016173133811,-54.323816575588104,1.676554677906507,2.8108355880101916,-56.996211321810726,-51.60163095948197,5.394580362328753,-54.40408037565942,-0.07083360771837291,-1.1215295357371675,1086.476331511762,2,1,0
-43.50642325073668,3.4326755879320228,11.783261691984457,-48.185892374525416,-36.40871238374932,11.777179990776098,-44.58414635789036,0.4800119840299067,-0.720644591535724,870.1284650147334,-49.508352496556824,2.9137645593979284,8.490023907603403,-55.87263341090115,-43.72334736748579,12.149286043415358,-49.57812632992486,-0.17644036348913142,-0.4918817114707812,990.1670499311365,-44.07921474882454,3.0309892362272266,9.186895750125306,-50.323278503833635,-35.81734218402896,14.505936319804675,-43.66384219136026,0.27214119118059177,1.3749521716503628,881.5842949764909,-52.66678390656125,3.094619218017291,9.576668104521952,-59.24906773386999,-46.717917008320335,12.531150725549658,-52.8073114579534,-0.03610024130175915,-0.2056800765952329,1053.335678131225,2,1,1
-47.449237686038416,4.201566598055543,17.65316187789602,-58.88845670031974,-39.61042597761356,19.278030722706184,-47.6784947888065,-0.4982905203769063,0.8399967201533021,948.9847537207685,-51.60479641468722,4.1877744427462575,17.537454783318726,-60.818699948155675,-44.286538291313136,16.53216165684254,-51.93836994843624,-0.19085853077745063,-0.5592807175470678,1032.0959282937445,-47.9026317155146,3.4855401098178103,12.148989857148752,-53.17649075933703,-39.436066123563,13.740424635774026,-48.069515066664785,0.511268620076824,-0.3317053018010183,958.052634310292,-57.359001801897385,3.357868734222558,11.275282436269405,-63.69600959401546,-50.550294330821444,13.145715263194013,-57.63037332839238,0.25720279733163137,-0.49928262075729846,1147.180036037948,2,1,1
-45.52100180126583,3.4800684829501334,12.110876646022842,-51.012397624965125,-39.72438989632857,11.288007728636558,-44.8646707556272,-0.020202597988240575,-1.1113296675847446,910.4200360253167,-49.64183197265347,4.064372338274955,16.51912250413463,-58.75140093118429,-43.02081605002151,15.730584881162784,-48.76645064245408,-0.20672742335625197,-0.457386482393626,992.8366394530693,-47.35151534425866,4.492203791561506,20.179894904919568,-55.647892977006656,-40.69212989047227,14.955763086534382,-47.506203630398126,-0.13608229203106317,-1.179644910562484,947.0303068851731,-54.06182771387834,5.557255579911278,30.883089580455028,-65.5700910047129,-42.578894761398494,22.991196243314413,-53.54288911019795,0.07727384091138292,-0.29768888077891864,1081.2365542775665,2,1,1
-43.326049978554764,4.841293820231955,23.438125853816114,-51.71051195851831,-36.35631413573356,15.354197822784748,-44.10947403848167,-0.1261275132089653,-1.0864264596385986,866.5209995710951,-52.694069792309605,3.9690646437761674,15.753474146474034,-60.05934768767096,-46.47669438710897,13.582653300561986,-52.02454177406167,-0.22110216110734726,-0.8736308908646051,1053.881395846192,-48.7676075191769,4.351766947055506,18.9378755614848,-56.335855065732204,-40.48290668371958,15.852948382012627,-49.784152530879446,0.15862571096195388,-1.0523426333691248,975.352150383538,-54.763546635201564,3.3309169567187626,11.095007772556583,-60.100270037474644,-48.85672816671773,11.243541870756914,-55.00898512094179,0.17766466556466265,-1.0977027453847918,1095.2709327040313,2,1,1
-44.47603702787977,3.7242458035173813,13.870006805016825,-56.03543126726339,-38.7330906143706,17.302340652892788,-43.901165997129496,-1.3385972642212773,2.282779235171729,889.5207405575952,-49.31779713001216,4.4575948119373585,19.870151507410853,-58.20348539932221,-41.343708082404596,16.859777316917615,-49.92087429542174,0.008810093731129396,-0.8091175698485706,986.3559426002431,-47.649333574430905,3.852419192447723,14.841133634339565,-58.87009918535258,-43.13233375577118,15.737765429581401,-46.32207373683656,-1.2888760519520488,1.314878029836163,952.986671488618,-52.354887922108446,5.050059702709764,25.503103000933034,-58.296797626975824,-39.743981241495895,18.55281638547993,-53.51244335642633,0.8527692078467203,0.004935853680894997,1047.0977584421692,2,1,1
-43.57517092627122,3.4467347544848317,11.879980467773612,-50.41486364556882,-38.15847113821461,12.256392507354214,-43.29620785776028,-0.17116183762135723,-1.124762625928567,871.5034185254245,-48.921207039518265,5.386038599566717,29.0094117960226,-60.38822782215575,-36.799987961615614,23.588239860540135,-47.68099521758933,0.04587015638119333,-0.15948791038749732,978.4241407903653,-45.90637160712275,5.196783556402939,27.006559332099975,-53.785703845803376,-34.03850201729912,19.747201828504252,-46.6683196110903,0.5998160998423916,-0.35170035574446734,918.127432142455,-53.92272068910762,4.147101740201445,17.198452843581855,-62.042629361693756,-47.42515085614156,14.617478505552192,-54.08930814423023,-0.2903729470270691,-0.7626454310598252,1078.4544137821524,2,1,1
-43.619707963905775,3.73953243814005,13.984102855901668,-48.83449808737948,-36.02870353125545,12.805794556124027,-44.150837952127716,0.6082680164698134,-0.6698430999282281,872.3941592781152,-49.11267207054985,5.0927714151515655,25.936320686984878,-58.204995108887935,-37.48709469329623,20.717900415591707,-48.94543505611126,0.40899055654223315,-0.0934655128253179,982.2534414109969,-44.87186262660494,3.6431291559283183,13.272390046774982,-51.219610348974854,-35.84871338439747,15.370896964577383,-45.63224855100337,0.5471916427063994,0.06105658605452513,897.4372525320987,-52.71137330464211,4.148166668902524,17.207286712993863,-60.20609679819265,-45.35831489659028,14.847781901602367,-52.78794308971809,-0.13128441166386032,-0.7726858382316144,1054.2274660928424,2,1,1
-43.94596421226391,2.3368413711834277,5.460827594074443,-49.368589578199526,-39.85996861992674,9.508620958272786,-43.80896473429351,-0.2992062703145765,-0.1711989246215908,878.9192842452783,-50.17832980746793,2.066591948473463,4.270802281495346,-54.72750963443298,-46.03696639551798,8.690543238914998,-49.92363121293509,-0.21645990508653398,0.07026190740932492,1003.5665961493587,-45.83408877199824,2.36583813710682,5.597190090989066,-50.51602813257193,-40.879499796759944,9.636528335811988,-46.107089058768956,-0.04178920658935002,-0.416129538417382,916.681775439965,-54.40584086317095,2.0422602728792727,4.170827022180921,-58.50313599603328,-50.473553981575726,8.029582014457553,-54.25143424031843,-0.01860786421667882,-0.5251941386578713,1088.1168172634189,2,1,0
-43.25303722732703,3.741162204959423,13.99629464381685,-50.37889346758091,-37.34341104902356,13.03548241855735,-43.81296626059277,-0.24871772783797677,-0.6271866302104345,865.0607445465405,-49.34377690648698,3.8557443925152,14.86676482041241,-58.26072545407689,-42.22531728889782,16.03540816517907,-49.40489363253518,-0.25866707772120906,-0.30245136031264197,986.8755381297397,-44.57231719250305,3.072242606410903,9.438674632646459,-49.46754808106608,-37.009766342241335,12.457781738824742,-44.84188976308111,0.4997807985492289,-0.11505848592049528,891.4463438500609,-54.134796002575776,3.6199986284648973,13.104390070087737,-60.01594213280828,-46.795366382187325,13.220575750620952,-54.329986787710396,0.34360028251811986,-0.6415886985290729,1082.6959200515153,2,1,1
-46.54595252514657,1.4081920933881626,1.983004971880936,-49.93733905202293,-44.173817982976196,5.763521069046732,-46.20274228717771,-0.6625624313212521,-0.05107812195717365,930.9190505029312,-52.01523856260344,1.8949892192674158,3.5909841411397303,-55.32878457841615,-48.73151696135821,6.597267617057938,-52.05107830136239,0.0023266510284997758,-1.0566201963745596,1040.3047712520688,-47.71065840384385,2.0025273239144874,4.010115683024118,-51.35720892681553,-44.678900603023926,6.6783083237916046,-47.86190390311181,-0.17481477135613868,-1.1343030411841568,954.2131680768772,-57.28735035947019,2.1268741780834786,4.523593769398272,-60.506733854400835,-51.07490042787441,9.431833426526424,-57.261964920930836,0.90973452761414,1.500897691005993,1145.7470071894038,2,1,0
-42.271904229948596,3.37325057442514,11.378819437859537,-47.93908661460398,-34.71041281562047,13.228673798983507,-41.647361024367996,0.09733663452973276,-0.6049756672452711,845.4380845989721,-48.48010378700668,3.2161018874554523,10.343311350494522,-54.802448805063385,-40.85463587478565,13.947812930277735,-49.29049702686737,0.5277032419117024,0.24383513375221266,969.6020757401338,-44.51013224435902,4.612040076283112,21.270913665241533,-50.03652449117176,-33.15217369420581,16.884350796965954,-45.236794961182156,0.6973857086134737,-0.3386606356328574,890.2026448871804,-54.396441157621325,4.0661317973716615,16.533427793596896,-62.36248413296353,-45.874839264289236,16.487644868674295,-54.4408972638487,0.13340097041394997,-0.49049942922755996,1087.9288231524265,2,1,1
-42.620861786506794,2.99377980418458,8.962717515943462,-50.06897642145925,-38.824610779209266,11.244365642249981,-42.66245841390676,-0.5973481473760833,-0.3290304364380061,852.4172357301359,-47.57711235952031,3.9122407388261586,15.305627598531046,-57.341382754225386,-38.88143243341167,18.459950320813718,-47.849576168810984,-0.26214547473697547,0.6549237495290954,951.5422471904061,-43.759216317171756,3.8902399338245295,15.133966742723079,-51.39840995203868,-35.926549911227326,15.471860040811357,-44.31610387559842,-0.015453577007121806,-0.25343205232317034,875.184326343435,-52.01851185674601,4.458651819657419,19.879576048934414,-59.479960427864405,-43.73016207939256,15.749798348471849,-52.45066655981794,0.13417594017129672,-1.1103973722122045,1040.37023713492,2,1,1
-44.119570288386576,3.9247199130537784,15.403426395920857,-50.47611567007987,-37.602232145652444,12.873883524427427,-44.194540845889954,-0.02333784578183074,-1.0526420138090147,882.3914057677316,-49.162385527083195,3.039489263559712,9.23849498329476,-53.84892666737343,-41.4742142942961,12.374712373077337,-50.09195324021908,0.9082914411853629,0.22641806329349778,983.247710541664,-45.30466988435502,5.1808126761146225,26.840819984989952,-56.39354542758098,-35.287475695204385,21.106069732376596,-46.286989664138126,0.1871252788818842,-0.10906217425508347,906.0933976871004,-54.495580801044675,2.6701439795401214,7.129668871474356,-59.88389037090641,-47.89795148633524,11.98593888457117,-54.75476840947388,0.5885219161127144,0.850597155815533,1089.9116160208935,2,1,1
-45.54300441313582,4.717612263443701,22.255865468194408,-55.26256926566179,-37.404469979884745,17.858099285777044,-45.648291108033796,-0.031684732169431,-0.47502141490321836,910.8600882627163,-51.78335026261168,4.695361942799248,22.046423773887522,-62.7057341474657,-40.22450468534669,22.48122946211901,-51.52285768105517,0.07307085211155245,1.2517369871589388,1035.6670052522336,-48.85126004783159,3.803413154620071,14.465951624736999,-58.34281039570306,-41.04037458383125,17.30243581187181,-48.17713975704271,-0.3072415807997179,0.6493616787884666,977.0252009566318,-56.764065085487815,2.546386076673021,6.4840820514742195,-61.32983193668192,-50.299023032133086,11.030808904548834,-56.79677665868435,0.7158512088383365,0.45907649213579704,1135.281301709756,2,1,1
-44.23339148965313,2.066163066066024,4.269029815575354,-47.72606039728554,-39.58459288008035,8.141467517205193,-44.12084331697305,0.21062109943475427,-0.42058064301146736,884.6678297930628,-50.643778067401904,1.9685668117461834,3.875255292308534,-54.29108240735273,-47.514904856800165,6.776177550552568,-50.807285756553824,-0.09552546199818553,-0.8783779326172385,1012.8755613480382,-46.54543970822203,1.5829907553096099,2.505859731395689,-50.09250740924116,-43.46779187065574,6.62471553858542,-46.378319390814816,-0.20424822232889997,-0.2090803760506703,930.9087941644406,-54.305949271369364,1.6517517384620368,2.728283805512361,-57.02912362718928,-50.75686032136031,6.272263305828972,-54.73237370981987,0.5366714879870483,-0.687250012042723,1086.1189854273873,2,1,0
-43.343960888189095,2.2200223415881832,4.928499197150681,-48.233356701961156,-38.620800956049,9.612555745912154,-43.86077467385972,0.022839409259345238,-0.18546089675744515,866.879217763782,-49.61731669474202,2.0706143291427814,4.287443700051411,-53.27712979806991,-44.64592281576426,8.631206982305649,-49.42513642939581,0.03685061649606078,0.11601570829337682,992.3463338948403,-46.023220013111825,1.7246402503637583,2.9743839931747673,-49.99954375092777,-42.78893268164576,7.21061106928201,-45.775544952128314,-0.48887394298589193,-0.12800806851253377,920.4644002622366,-54.75677662044186,2.1303269774121207,4.538293030689862,-59.52842025161589,-51.63608807995368,7.892332171662211,-54.76836651898982,-0.3069789049475522,-0.5321798184891438,1095.1355324088372,2,1,0
-44.50024684494428,2.3924988867227857,5.724050922969769,-49.12513108014518,-40.51138975294809,8.61374132719709,-43.891037790392055,-0.3602447520734802,-0.6188740826837642,890.0049368988857,-51.05951149855035,2.2861048650033036,5.226275453791773,-54.92396133955281,-46.78273958972089,8.14122174983192,-51.17861727684617,0.06913540798036276,-1.0044868361890364,1021.1902299710069,-47.86366199619239,2.0331290473349246,4.133613723117017,-51.2307577193462,-41.99868776656815,9.232069952778048,-48.19148507347132,0.8506947888388453,1.4828363239689892,957.2732399238478,-56.58983644660949,1.9285657401713523,3.7193658141626758,-60.1452973172087,-52.16977528349685,7.975522033711854,-56.84945009440098,0.1985237797168434,-0.4319415981345194,1131.79672893219,2,1,0
-46.22557290834003,1.825324765725869,3.3318105003721987,-50.85276778645538,-42.841597056119404,8.011170730335976,-45.729374225208225,-0.7190841443335326,0.37734061124853957,924.5114581668004,-51.79773265005362,1.423637100829588,2.0267425948584745,-54.5787767794285,-49.14514266156378,5.43363411786472,-51.744603940147925,-0.10169510644167597,-0.7922191760278046,1035.9546530010723,-47.58744403756362,1.9569982456016903,3.829842133288094,-51.80286641538792,-45.125542508853115,6.677323906534802,-47.05079262225155,-0.7320933306115266,-0.591208725388042,951.7488807512724,-56.497107025953426,1.9129187827737928,3.659258269488769,-60.48630510892231,-52.5636266025467,7.922678506375611,-55.86380102130339,-0.2504880627829123,-0.29499541156734166,1129.9421405190683,2,1,0
-45.80597021597933,4.563357306176326,20.824229903832855,-53.01650515652798,-37.08137253884361,15.935132617684367,-46.2982248829525,0.36460703613413076,-0.8393920600494802,916.1194043195866,-48.064670984338804,4.011236474779233,16.090018056599327,-57.74532568294057,-41.07189150895232,16.673434173988248,-47.935046741574794,-0.4652571086964251,-0.026715741114907043,961.2934196867759,-46.56174241251054,4.817086074492013,23.204318249064876,-54.127972527553105,-37.560887728440164,16.56708479911294,-45.8746233831496,0.21813603316699656,-0.9362555764700651,931.2348482502109,-55.34226972121998,5.703342058013344,32.528110630703885,-63.89903908553679,-44.438166162625826,19.460872922910966,-55.39593361053979,0.2810179018095127,-1.0988603254970584,1106.8453944243995,2,1,1
-44.607327893391094,3.9778897986633006,15.823607250309555,-53.36710993028358,-37.494024129193264,15.873085801090319,-44.768928120058895,-0.06762347997987382,-0.41743346423745287,892.1465578678219,-51.66476757117188,3.532566912373977,12.479028990399414,-59.578163903046075,-47.43135100670957,12.146812896336506,-51.14726990519718,-0.7096859428813229,-0.62638136714666,1033.2953514234378,-47.75615295841034,4.470504414512479,19.98540972017556,-56.79059747507873,-39.760591085873884,17.030006389204843,-47.869908432064236,0.132995550242385,-0.4893992272035512,955.123059168207,-57.19910698284095,3.9973326364296238,15.978668206265406,-68.70825540956999,-51.03667956948553,17.671575840084458,-56.58418457947519,-0.8122098765583314,1.2440962326729847,1143.982139656819,2,1,1
-45.08847500680496,4.397225087879464,19.335588473476566,-53.69982242689504,-33.80118463455508,19.89863779233996,-45.59987827121547,0.562373556494648,0.6270661512296054,901.7695001360992,-51.551049868573315,4.338632416383054,18.82373124448986,-60.321151897693106,-44.57511886553608,15.746033032157023,-51.029157930154405,-0.33666532095526003,-0.7198679893106363,1031.0209973714664,-47.18809062659458,3.544427155222893,12.56296385868145,-54.219000729067965,-40.444977454763475,13.77402327430449,-47.851841116635974,0.11346604070242013,-0.6691953801792985,943.7618125318916,-55.490805840403105,3.198569189314425,10.230844858831537,-61.661768692391895,-49.373282255478614,12.288486436913281,-55.012404970329385,-0.05507085191259472,-0.9141209699655746,1109.8161168080624,2,1,1
-46.1170792408292,3.940288431023712,15.525872919659307,-53.91639084029159,-39.96891138522597,13.947479455065618,-45.96814819069208,-0.3954381744114377,-0.6231252510695584,922.3415848165838,-48.97320000982605,4.374334194339216,19.13479964376532,-55.751057246556506,-40.738682757778676,15.01237448877783,-49.10421421658286,0.17830649731758258,-1.1869930716394594,979.4640001965212,-47.332247380641846,3.872232072531232,14.994181223539522,-54.269543378904565,-40.63542736569176,13.634116013212804,-47.670545730381896,0.21440859734309267,-1.068875066409398,946.644947612837,-55.35310447336794,4.387901347085172,19.25367823175187,-64.40997404363608,-47.96749300325155,16.442481040384536,-54.951692906970976,-0.1395495913410018,-0.7701549073505509,1107.0620894673589,2,1,1
-44.48194135208207,3.9397128299876867,15.521337182769589,-53.308457140595316,-38.322762603871155,14.98569453672416,-44.52493124657427,-0.2644905452431997,-0.6614663935712368,889.6388270416412,-47.94127576520318,4.066697021253236,16.53802466266994,-55.366648193085,-38.336682559685705,17.029965633399293,-48.066429776672855,0.3056819933092147,-0.21362492503916508,958.8255153040636,-44.790933609871146,4.451714183412819,19.817759170798862,-50.65953377453713,-35.62892369883969,15.030610075697439,-44.776447381343445,0.3963894196082284,-0.9006881654520358,895.818672197423,-54.20242575055023,3.1856145118077857,10.148139817840358,-59.07611598347876,-48.29385430008669,10.782261683392065,-53.75750379301989,-0.012489773166424812,-1.0105949659831903,1084.0485150110046,2,1,1
-44.855896861343254,1.866702410792581,3.4845778904588336,-48.60165586296908,-40.671409662131516,7.930246200837566,-44.67317423830888,-0.08333721033040531,0.23137748436264483,897.117937226865,-50.1326808197245,1.8852738229869515,3.554257387639835,-54.75596202403742,-46.59167264103159,8.16428938300583,-50.19164990133372,-0.33688149873130785,0.4491296443296937,1002.6536163944901,-46.90276893552851,2.130378852145904,4.538514053670498,-50.94505894940947,-43.99133666484804,6.9537222845614295,-46.62392582665832,-0.24928874486098115,-0.8530077662579645,938.0553787105704,-53.8726009199989,1.7101848314470647,2.9247321577116248,-56.596586933628295,-50.39056014516345,6.206026788464847,-54.132960065943166,0.2026810131333309,-0.9661427689185373,1077.452018399978,2,1,0
-43.75717082756217,3.540028679643021,12.531803052695109,-50.84617456452327,-39.22374039966417,11.622434164859094,-43.25648409604905,-0.6106057288758461,-0.7668013812589156,875.1434165512435,-48.939028328993686,3.803887165169622,14.469557565342182,-57.99148209459476,-42.09897297156865,15.892509123026109,-49.41836045724325,-0.16776910635339243,-0.020201792972235122,978.780566579874,-44.91407798609639,3.513253945048124,12.342953282396206,-51.52482830871825,-38.93129178626239,12.593536522455857,-43.95631149471406,-0.44357773577050424,-0.8314314272769527,898.2815597219278,-55.638109968581276,3.616467341572747,13.078836032662252,-63.040448599529526,-48.098554222406094,14.941894377123432,-55.78806866861581,0.33575411993705306,0.13981839664908025,1112.7621993716255,2,1,1
-45.55020919460824,5.432662397471909,29.513820724905237,-55.90154199158715,-36.55825677627581,19.34328521531134,-44.9944991305659,-0.12830552242357765,-0.8753542905784921,911.004183892165,-50.28489973455344,3.4282154487637655,11.752661163142545,-55.41894061065233,-43.44680452391693,11.972136086735397,-50.585525253396554,0.27101666332351215,-0.7498176508613645,1005.6979946910689,-46.937570874905475,3.436825339339411,11.811768413125456,-54.94924984551374,-41.0588144285295,13.89043541698424,-46.63761270945915,-0.31112590805978885,-0.19967390372252103,938.7514174981095,-53.91790155391916,3.502052005139405,12.264368246700926,-58.80723237695006,-46.83868086015529,11.968551516794768,-54.69579524657421,0.5515317178260589,-0.8316961176157771,1078.3580310783832,2,1,1
-45.96487965772598,4.247589061972074,18.042012839384803,-53.301512234298805,-39.91261532509845,13.388896909200355,-45.56488377037674,-0.11920223058366752,-1.2997576217927396,919.2975931545196,-51.62778540377366,2.7067951674937016,7.326740078767257,-57.852180904471695,-46.44883342624216,11.403347478229534,-50.89218847358926,-0.6450984811952334,0.1364173473856769,1032.5557080754731,-47.9866142602899,2.749378010894776,7.5590794467917135,-52.88428914112527,-43.46769805623072,9.416591084894556,-47.42273711471212,-0.24626009480715577,-1.1237812039625517,959.7322852057979,-55.47097722809406,3.4029514979162285,11.580078897170305,-61.58149611038717,-50.328882174321635,11.252613936065536,-54.88595869417384,-0.2317697203859463,-1.1706849220098472,1109.4195445618811,2,1,1
-45.09517974897267,3.072860427524628,9.442471207046841,-49.80013036252852,-38.65616258657405,11.143967775954472,-45.28578940613998,0.4455027013440477,-0.8334572542692897,901.9035949794535,-51.020271050113266,5.0969919462779,25.979326900421768,-59.44534133534821,-39.887183141251455,19.558158194096755,-50.87981044856391,0.3849756546982017,-0.5423189882333412,1020.4054210022654,-47.15123558870947,4.010014264140587,16.08021439861097,-54.45362873609844,-38.919466432914874,15.534162303183564,-47.93606055850965,0.20221652563582412,-0.8497531885153902,943.0247117741894,-55.71807566364233,3.5652901861707327,12.711294111605339,-61.29299664150192,-46.368924343485375,14.924072298016547,-55.6228632098904,0.5125143812399585,0.5458044117441831,1114.3615132728469,2,1,1
-41.541032437985145,3.637862162837244,13.23404111580287,-49.8563738359101,-33.8237219989859,16.032651836924195,-41.33064424591911,-0.35803379659303014,0.5233498007703101,830.8206487597029,-48.81957115160267,3.6741218031240948,13.499171024191849,-58.04849203828515,-44.096198801848104,13.952293236437043,-48.494497774337496,-0.6061573219826736,-0.24064691528853643,976.3914230320536,-44.31835746139907,3.2689483775833925,10.686023495305093,-49.39514202721929,-35.307003905519736,14.088138121699558,-44.196898577133446,0.5937532736790234,0.8044974966534331,886.3671492279814,-53.192495101530525,4.71527838561157,22.233850253815653,-59.71546669914525,-44.787161042414006,14.928305656731247,-53.42381451438294,0.17890426690505723,-1.2297442742936977,1063.8499020306108,2,1,1
-45.09608214506166,4.329416257057038,18.743845126869775,-53.29612775940561,-35.80442585710871,17.491701902296896,-44.720810370000656,0.3019536195599568,-0.23087697630553938,901.9216429012332,-49.66194060188325,4.006981800215369,16.055903147257204,-59.06775253005234,-43.47875149570992,15.589001034342417,-49.29940229266535,-0.459068869989254,-0.3951732760233089,993.238812037665,-47.04294697028781,3.7377698212015624,13.97092323628516,-53.64716295338414,-37.60048070847587,16.04668224490827,-47.10297861411901,0.36915133141065704,0.2737050677355466,940.858939405756,-54.46785030260107,3.5565382779521317,12.648964522538716,-61.453790447282216,-48.624907075337006,12.82888337194521,-53.469434491671734,-0.6478997136949833,-0.4651868218982975,1089.3570060520215,2,1,1
-45.04641254664115,3.828515269063757,14.65752916545433,-51.803190982111424,-38.134056654655566,13.669134327455858,-45.00977110290782,-0.07495146870096533,-0.7471225735473959,900.9282509328232,-49.86482318850916,3.31603252938049,10.99607173590957,-56.0480346826025,-43.283486834165814,12.764547848436685,-50.545919733782085,0.19874525923070563,-0.5582589640222184,997.2964637701831,-48.098087269298375,4.21881979849002,17.79844049213137,-57.62218379661721,-41.64889236589678,15.97329143072043,-48.40151449718603,-0.4283198323845482,-0.011421589556085188,961.9617453859677,-56.828173490369444,3.5083250081736126,12.308344362976378,-62.99676398733441,-49.85001613177708,13.14674785555733,-56.61273789113713,-0.05160506618007228,-0.9097706221978474,1136.5634698073889,2,1,1
-42.34454173130537,4.117464318129785,16.953512411071976,-50.88989143241822,-35.56082613181282,15.3290653006054,-43.347295313657696,-0.14304341275557658,-0.7535849529695664,846.8908346261073,-48.11063162088992,4.484464035224432,20.1104176832214,-58.06890900686079,-42.54662542935681,15.522283577503984,-46.72268702402212,-1.2170639264596363,0.326487680283964,962.2126324177982,-44.4843347117537,2.9723779092735656,8.835030435537492,-49.99565271966,-38.76104605263018,11.234606667029823,-44.298423980443914,-0.17358966814349855,-0.44001756960002103,889.6866942350739,-54.437538200806195,3.5589652946025603,12.66623396818549,-61.74457869642843,-48.036583583027976,13.70799511340045,-54.96695100402874,0.05458849756448991,-0.48217894042825904,1088.7507640161239,2,1,1
-46.828972466513505,4.173997197725903,17.422252606623694,-55.12342179363115,-36.0150603271876,19.108361466443554,-46.62773458715108,0.4347893521591125,0.4918631429777802,936.5794493302701,-52.17977651861295,4.579133685943729,20.968465313744602,-60.33026647888681,-44.8957814072603,15.434485071626511,-50.930138286630424,-0.5539891841823499,-0.9230074548967182,1043.5955303722587,-48.03981335772196,3.7202477942265553,13.840243650447551,-53.96241018798292,-39.981270298153014,13.981139889829905,-48.65791072510085,0.5051528320138793,-0.4546384903850482,960.7962671544391,-57.83726553777395,4.02362632878906,16.18956883372453,-64.45424959043768,-47.8399069037313,16.614342686706387,-58.17945406188089,0.34505532458778965,0.1314250706277975,1156.745310755479,2,1,1
-42.35537736223944,2.1272032381541632,4.524993616413557,-45.30777558388041,-38.535521975178064,6.772253608702343,-42.52661166883976,0.20552803538081368,-1.1032038742259067,847.1075472447886,-47.75066303885249,1.3012275850980455,1.6931932282200912,-50.10500728245846,-45.56245812258279,4.542549159875669,-47.550671835317004,-0.3349178265148784,-0.915712701436683,955.0132607770497,-44.20285607336839,2.4682422029878857,6.0922195726104915,-49.939548611564305,-39.039685446525816,10.89986316503849,-44.35498349434806,-0.0865819052993096,0.06743656918911434,884.0571214673678,-52.61717229512241,2.4410801758150225,5.958872424757101,-57.19890422212414,-47.83900271222448,9.359901509899665,-52.4171320693254,0.1842317341310362,-0.2848661899581817,1052.3434459024481,2,1,0
-44.75405874890417,1.8124811010747992,3.2850877417533164,-46.87416107551596,-40.353636378079095,6.520524697436862,-44.80337292836393,0.8691550771025656,0.0878803038713456,895.0811749780834,-49.92342855347628,2.0436000459694164,4.1763011478862,-53.21317877267432,-45.69095282771309,7.522225944961228,-49.94152902350599,0.23974109275171157,-0.8567395127574149,998.4685710695254,-47.1891660296195,2.066878996173614,4.271988784823645,-51.364460264896366,-42.87238570498101,8.492074559915352,-47.42779483789097,0.0577123591047604,-0.32507509403414536,943.7833205923898,-53.93948158256112,1.4065411263865002,1.9783579402166047,-57.35959962420377,-50.474937826912814,6.884661797290953,-53.84033663497213,0.007256796910970926,0.9863335294574398,1078.7896316512226,2,1,0
-42.032955704770714,3.8119478813212146,14.530946649909296,-49.58043847016769,-34.716625594367294,14.863812875800399,-42.28488095191123,0.02236908748267808,-0.5653845550538885,840.6591140954142,-47.406372333123315,3.846779391848127,14.797711689547445,-55.01990954590876,-40.552051451330684,14.467858094578077,-46.938481409928656,-0.0538902746565598,-0.4454422435799241,948.1274466624664,-45.660869388031514,3.5026575582318493,12.2686099702387,-55.04122501920366,-38.68906703694735,16.35215798225631,-44.6647220893619,-0.8002677546280909,1.0687685391701667,913.2173877606302,-54.804524700995294,3.8453220049471004,14.78650132173039,-62.98999616691526,-45.051772238162854,17.938223928752407,-54.31065414622678,0.1486448599128446,0.7269542615746416,1096.0904940199061,2,1,1
-42.189154557548996,2.18526561690964,4.77538581644747,-47.79210448687439,-37.91812031657369,9.873984170300702,-42.32905037346322,-0.3072808412147457,0.518918608057156,843.78309115098,-48.63499989739262,1.9118660061315813,3.655231625401524,-51.66485967578195,-45.37671180163734,6.288147874144606,-48.84224804156959,0.13351778804426873,-1.2975735730973863,972.6999979478524,-44.72440591388964,2.169124050784705,4.705099147692647,-50.69845264164366,-40.930167446058206,9.768285195585456,-44.404300523888764,-1.0024093803156633,1.219406963360302,894.4881182777928,-52.81166952201745,1.9391012334581652,3.760113593598978,-55.81880994952657,-48.92253855076148,6.896271398765087,-53.30175372551807,0.3034105651610176,-0.8202740313201522,1056.233390440349,2,1,0
-44.79297533768674,1.8839926314814563,3.549428235476422,-47.61452465157604,-41.13821819724575,6.476306454330292,-44.867476455340864,0.24015127710438527,-1.0806445130571878,895.8595067537348,-49.242447979264895,2.0152881693536444,4.061386405536763,-52.62169642746381,-46.09167110517088,6.5300253222929285,-49.35179909329307,-0.09451028249083604,-1.2136181956287706,984.8489595852978,-46.598192562964236,2.429475453686929,5.90235098006731,-52.8240066307272,-42.21753807547564,10.60646855525156,-46.508666663707835,-0.3921818856833079,0.5512755926872988,931.9638512592848,-54.386344200020176,2.5937587103054005,6.727584247285134,-59.340220190235705,-49.3571323904917,9.983087799744006,-54.967258647522684,0.2396892094746151,-0.7671982469916618,1087.7268840004037,2,1,0
-46.28696600339704,3.6965022907158107,13.664129185267237,-52.591811774340975,-39.69812210672008,12.893689667620897,-46.262843240618224,-0.0033656590108779518,-0.9206569693790332,925.7393200679405,-51.632433032123586,3.5557450599006946,12.643322931008193,-57.42872254954252,-44.042309465178185,13.386413084364335,-51.746787681289945,0.30589546231693276,-0.7721201797837103,1032.6486606424717,-49.13963595779061,4.283061854850437,18.34461885247486,-57.24197632737716,-43.445818878690304,13.796157448686856,-47.66642406161269,-0.43952006871375543,-1.3246987475628722,982.7927191558123,-57.014922153569856,3.7425453763106793,14.006645893744444,-63.06408657274898,-49.37145281236898,13.692633760379998,-57.37844533810984,0.2619890297158141,-0.8975494325308286,1140.2984430713973,2,1,1
-43.03897308069318,3.7057577134689246,13.73264023093443,-50.376504996802204,-35.03091470396225,15.345590292839951,-43.36169726196856,0.18761073305047704,-0.29251081084804786,860.7794616138638,-48.783172399334624,3.7851180691737554,14.327118797585658,-55.16317120672644,-41.806022575585345,13.357148631141094,-49.150201167319466,0.11868110345081925,-0.855693286712953,975.6634479866924,-44.963269151597444,4.059316824600995,16.478053082488707,-54.42187853617434,-37.97294112632712,16.44893740984722,-43.96937374091359,-0.4901355465335134,-0.3868532271730718,899.265383031949,-53.25612624481554,3.6853847309339804,13.582060615001328,-61.03780837479005,-44.78495620870894,16.252852166081112,-53.41828841685138,0.05470036519575365,0.14715647417122302,1065.122524896311,2,1,1
-44.01806314500625,3.96306059348568,15.705849267639072,-51.74430804023695,-34.75683347626178,16.98747456397517,-43.76918041562338,0.10148987522583774,0.12939256546520195,880.3612629001251,-51.296570841303286,4.074002640677338,16.597497516245923,-61.60747805722795,-43.96258483263104,17.644893224596913,-49.98151434735181,-0.7955459482166053,0.2776188044657659,1025.9314168260657,-45.280548887934714,5.102767050507853,26.038231571748618,-55.65012801307206,-35.89225282708296,19.7578751859891,-45.5583994202009,0.023702221817171264,-0.7518563789989146,905.6109777586944,-54.044770372209825,3.8265877425197967,14.642773751202753,-60.115069286464745,-48.0350261150971,12.080043171367649,-52.91767256041627,-0.12332513802575136,-1.4406908101043998,1080.8954074441967,2,1,1
-43.63995892453981,3.3168802936263146,11.001694882246587,-49.10929938842351,-37.78314483673424,11.326154551689271,-43.095098348887404,0.004483641363962023,-0.9617443991771362,872.799178490796,-49.83364354060127,4.450674094462143,19.80849989511642,-57.82438338403352,-42.97402489103828,14.850358492995234,-48.5567346494843,-0.22116155475722896,-1.2997143140286125,996.6728708120255,-45.79409746038758,4.1063520325175205,16.86212701496077,-54.48908970538403,-39.72507140155876,14.764018303825274,-45.44152533756599,-0.4853458125952842,-0.5970858871168216,915.8819492077516,-55.858628126651,3.9881036877562224,15.904971024294781,-64.91438181307181,-48.320008796205165,16.594373016866648,-55.88574723217112,-0.22161400873408385,-0.23784525526510514,1117.17256253302,2,1,1
-44.10520967317594,1.648944913779598,2.719019328679606,-46.81887800243872,-40.80678451748088,6.012093484957845,-44.16308051410191,-0.010874350063924634,-0.6696996277897505,882.1041934635188,-49.3315146702444,2.6510458202510754,7.028043941070696,-54.107719798808354,-44.763500087501136,9.344219711307218,-48.89449788495192,-0.07635198082187089,-0.9576949680341271,986.6302934048879,-46.63887888006316,2.2549368792449633,5.084740329379015,-51.38727723930364,-41.77310429727112,9.614172942032525,-46.960174317534644,0.37976118923836794,0.09245287288552273,932.7775776012634,-54.25128377898301,1.800001681660716,3.240006053981406,-57.06917801257104,-51.54482683772357,5.524351174847467,-54.2394441447924,-0.008775651910219312,-1.5245274323298648,1085.0256755796602,2,1,0
-43.98772935471878,3.9262048210192124,15.415084296594506,-50.48263979803082,-36.508604439161076,13.974035358869742,-44.129939156547564,0.13769541006760022,-0.9511274003828323,879.7545870943757,-50.87615828315555,5.015939143381713,25.159645490108872,-60.185250452150626,-43.221737814040694,16.963512638109933,-51.05755795355115,-0.21579512829041353,-0.9462578665932959,1017.5231656631111,-47.83161139059305,4.898062664901076,23.991017869297828,-55.52805155318516,-32.42993682597188,23.09811472721328,-48.421060178799365,1.2637549913591193,2.5278723132362773,956.632227811861,-54.79365341126355,3.4057040937161154,11.598820373954705,-62.86222959404017,-50.62208179847495,12.240147795565221,-54.25347627773684,-0.7404015481635563,-0.4102793737322643,1095.8730682252713,2,1,1
-43.508392088233734,3.674382059549575,13.501083519539776,-48.52665057994787,-34.62963222053982,13.897018359408051,-43.53803880369096,0.7284551202466446,-0.0643349105224238,870.1678417646747,-49.18513575766329,3.855953071573937,14.868374090180478,-58.44031750625831,-41.3432041807603,17.097113325498007,-49.38932107394699,-0.3105023743131565,0.1795532240301938,983.7027151532659,-44.786906763229446,4.766658873135305,22.72103681283954,-51.44093728409209,-35.30519052804299,16.135746756049095,-46.35939674406919,0.5699594483448708,-0.9833819042548888,895.738135264589,-54.801410670613485,3.95155628707794,15.614797089945196,-64.89668324765032,-49.17939456848021,15.717288679170103,-54.14174360109395,-0.7228087405280826,0.10799343818244189,1096.0282134122695,2,1,1
-44.15910958229729,1.5940843572917398,2.5411049381622193,-47.56245742426129,-40.93493804337101,6.627519380890277,-44.43258802425679,0.4039730212644518,0.09531308191960042,883.1821916459457,-50.593052339282266,1.9244327708607878,3.703441489562929,-54.63539878883989,-46.710532859401845,7.924865929438049,-50.136875748307745,-0.4279763372723571,-0.12942408093700442,1011.8610467856454,-45.884268320227896,2.2427453993576694,5.029906926339992,-51.03373957556543,-41.83469758245494,9.199041993110484,-45.305502979626795,-0.47910364725651605,-0.27709458519505503,917.6853664045577,-54.886973986277724,2.173418360999526,4.723747371929866,-59.94215188570054,-50.66493636672102,9.277215518979517,-54.612382271983165,-0.5001360556355636,0.08607390152835936,1097.7394797255542,2,1,0
-43.4458106969166,3.1020261838924412,9.622566445554302,-50.00372616424718,-39.387657448597004,10.61606871565018,-42.52130715795356,-0.6807492481218116,-0.7032887167063335,868.916213938332,-50.059850674173035,3.773937120867996,14.242601392265419,-56.582935025116434,-42.09479359432608,14.488141430790357,-50.33109238456299,0.04788522413675025,-0.6821899617556539,1001.1970134834606,-46.31397988574284,2.9384689008241196,8.63459948111051,-53.29393485039361,-41.36968773115498,11.924247119238629,-46.520540048571405,-0.24265709305538674,-0.3619686636326831,926.2795977148569,-53.16518204063266,3.928646302019258,15.434261766369593,-61.643147067068135,-46.44551727565175,15.197629791416382,-52.20738121211822,-0.3668299743688269,-0.5080728488537631,1063.3036408126532,2,1,1
-45.31914598420897,3.6032170459931008,12.983173080535247,-51.38856701611447,-35.42894292877865,15.959624087335818,-46.13065781979432,0.9482439732493092,1.213307880945182,906.3829196841795,-48.92920447068079,4.00463113497793,16.037070527234626,-56.02601370917625,-38.155962844472185,17.870050864704062,-49.79715006462344,0.7912410716014033,0.6775186053482414,978.5840894136156,-45.76450265582319,4.030428124274232,16.244350864940706,-52.062685537510504,-38.42605636483196,13.636629172678546,-45.49918611633521,0.04815487301220006,-1.173748169405845,915.2900531164637,-56.480852112621925,4.7409354432573725,22.47646887713398,-67.53329930052858,-48.81647396888752,18.71682533164106,-55.52879916334099,-0.5496714576658618,-0.3248431660459361,1129.6170422524383,2,1,1
-42.29225825372164,2.675937297612494,7.160640420753657,-47.155701736241674,-36.419962568044774,10.7357391681969,-42.532625943820065,0.2599214303476777,-0.08832974983928032,845.8451650744328,-48.15292625988773,4.6899847559654,21.995957011187834,-57.39586662283016,-41.12747667518344,16.268389947646725,-48.119964684634716,-0.24914586602534716,-0.7559565512965198,963.0585251977548,-45.29659466572151,5.357079965674148,28.698305758627335,-52.779006738684686,-31.613062079897894,21.165944658786792,-44.7295376054639,0.67017866647797,0.0455192174815533,905.9318933144301,-53.37847244115659,3.908803725127363,15.278746561569548,-61.116791322881014,-43.579371996022765,17.53741932685825,-53.7545982525917,0.5260234244669458,0.4073299444350833,1067.5694488231318,2,1,1
-45.266495510266644,2.1241915514011667,4.512189747044095,-48.215966374982244,-40.99602375138397,7.219942623598271,-45.66136441529439,0.35202009005552337,-0.9113807607995352,905.329910205333,-51.98849852893235,1.520413166806137,2.311656197797466,-53.938412661625414,-47.724801411678335,6.213611249947078,-52.11241636954517,1.2576892179881718,1.1475054785198386,1039.769970578647,-49.08859966101623,1.6346183713686175,2.671977220015792,-53.436946851970546,-46.89255188603589,6.544394965934657,-48.95622664315941,-0.8697682005413248,0.5248394758033075,981.7719932203246,-56.39502202083089,1.7805590851235873,3.170390655616146,-60.12459153499087,-54.28761557858329,5.836975956407578,-55.66351129038826,-0.6035576075438517,-0.9379728298141345,1127.9004404166176,2,1,0
-45.07798824793889,4.797129948659032,23.01245574432141,-56.08304769712622,-36.70189403368951,19.381153663436706,-45.10415305997115,-0.3901358516037239,-0.04322865984999291,901.5597649587779,-50.084756273915644,3.2690565007744965,10.686730405255995,-58.178227330154506,-45.63623824062657,12.541989089527938,-50.35541995916604,-0.5128228530162817,-0.1928832330705852,1001.695125478313,-46.599474049028004,4.270257399125506,18.235098254786134,-56.02477870862094,-38.938675126648356,17.086103581972587,-47.43079470175665,0.03385798665748925,-0.39309624195349446,931.9894809805601,-57.65821040305353,3.739707233321734,13.985410190958898,-62.86114765918629,-48.90636847047954,13.954779188706745,-58.5768366992904,0.5684941527014444,-0.4503386130392477,1153.164208061071,2,1,1
-43.736775451681915,3.613807575403939,13.059605192046897,-51.84915525144172,-37.39450795645183,14.45464729498989,-43.80885188741263,-0.14748660415971132,-0.25402959089039134,874.7355090336383,-48.245105087273934,4.353728934762116,18.954955637384867,-56.143200452397906,-40.02140313277134,16.121797319626566,-47.65636822930344,-0.13852071198773627,-0.7887651908059854,964.9021017454786,-46.015286075652526,3.4904217935690167,12.183044297021553,-52.413525509034315,-38.86734814915729,13.546177359877028,-45.966000717238146,0.0677040418751343,-0.7067508193758072,920.3057215130506,-54.91603461464723,4.0456674116683695,16.367424805835448,-62.390784222152455,-47.03506439690735,15.355719825245103,-54.448315476526034,0.019337296528978337,-0.9633751813675215,1098.3206922929444,2,1,1
-44.2219071872993,4.579807707709336,20.97463863959384,-53.12936041376498,-35.29038738801509,17.838973025749887,-44.02221653397042,-0.07300006397446004,-0.5399760439800443,884.438143745986,-48.55015052106181,3.2447721899968243,10.528546564976786,-55.08984385833442,-41.28923808222733,13.80060577610709,-48.065986027613555,0.10201981416403785,-0.34095202008068926,971.0030104212362,-47.09038863710434,3.810999481560335,14.523717048453141,-54.21629735971054,-36.897473706244334,17.318823653466204,-47.610951621175985,0.6305368113121186,0.6210969572789682,941.8077727420866,-52.89709836660937,3.4601891075215816,11.972908659811,-61.25536017367421,-46.95949817231656,14.295862001357655,-53.12942862929075,-0.3566931273859559,-0.11738699644069372,1057.9419673321872,2,1,1
-48.17443601634325,4.1960762908936236,17.607056238999586,-57.81663878761268,-40.67365592868483,17.14298285892785,-47.13659860363538,-0.568001032742399,-0.07355593356758838,963.488720326865,-50.793186905743816,2.077193831251976,4.314734212591263,-55.95247103973554,-46.48178387509064,9.4706871646449,-50.93894241846169,-0.24992227967315797,0.3144892851869794,1015.8637381148764,-47.45244566047991,4.5215991748081175,20.444859097625447,-54.80549079613458,-35.957783862688586,18.84770693344599,-47.61889638713063,0.669208412956577,0.22323184477669544,949.0489132095983,-57.907783176673284,2.190252848814715,4.797207541740976,-60.86189186095106,-53.33227355971121,7.52961830123985,-58.06700502127006,0.5068449729035847,-0.6796785781336592,1158.1556635334657,2,1,1
-46.12543306450624,2.637236336219416,6.955015493076009,-50.87559728692342,-41.87801680081143,8.997580486111993,-45.80210350780886,-0.43971376670432083,-0.683124977423899,922.508661290125,-50.614232923445684,1.750118694138985,3.062915443574746,-53.99127940396042,-47.47377183995047,6.5175075640099465,-50.65426325628918,0.007605614964653893,-0.6452376328420613,1012.2846584689137,-48.25508588910528,1.954118144664138,3.818577723305613,-52.60437299008298,-45.01524497662928,7.589128013453696,-48.35898069000879,-0.493636978805732,-0.4183435729532903,965.1017177821057,-55.879141037730236,2.091246927624595,4.373313712299307,-59.09815732468067,-50.026158781950166,9.071998542730505,-56.34990595668798,1.0041576350366654,0.9593830311711278,1117.5828207546047,2,1,0
-43.94667487836396,4.898108516155709,23.99146703603708,-53.765837877420815,-36.93814332439386,16.82769455302695,-43.067627886060066,-0.6364925669799919,-0.6181654352743227,878.9334975672791,-50.05943286511471,3.9820879164183207,15.857024174084803,-57.3570576724497,-43.201161838988284,14.155895833461415,-50.187538957286385,0.07335454673012899,-1.1022700155419003,1001.1886573022942,-47.601661197202375,2.8777102374760326,8.281216210874364,-52.73111819594178,-41.314436535927854,11.416681660013928,-47.54680117689328,0.26403527901202584,-0.370653705810569,952.0332239440477,-54.238879769613355,3.270554088822326,10.696524047912435,-60.90207320682614,-47.21133993189482,13.690733274931318,-53.973092850753304,-0.0009443733767299063,-0.3474027828300401,1084.7775953922671,2,1,1
-43.06564272147899,3.1789420571992877,10.105672603030438,-47.61056175323448,-35.6251908620474,11.985370891187081,-43.3275025927032,0.4624298409800166,-0.5806197044849748,861.3128544295797,-48.46293989023948,4.236909863604909,17.95140519231257,-57.29192041007637,-41.22941029699344,16.06251011308293,-49.04236665336142,0.06684990927505048,-0.524595037108631,969.2587978047895,-44.582822467409876,4.591016551112486,21.077432972588788,-51.47798589940392,-34.84531315124245,16.63267274816147,-44.59783083075504,0.1971536794198725,-0.7427460285092153,891.6564493481974,-53.63912284060941,4.101604422319993,16.823158837194928,-63.011260948288864,-46.0123553324013,16.998905615887566,-54.07427240526046,0.011958646571960961,-0.20642188464080524,1072.7824568121882,2,1,1
-44.80948373295915,5.054857109528361,25.55158039774941,-55.282082301902264,-36.03079302054222,19.251289281360044,-44.378617727468566,-0.3056765580212274,-0.5067957237783971,896.1896746591831,-48.66459922348429,4.260799292259819,18.154410608921772,-57.00399539452839,-38.7441565530099,18.259838841518487,-48.40389604192286,0.18476738783132957,-0.052034721544308216,973.2919844696858,-46.08893415580926,3.299917812430269,10.889457568794572,-51.3562924220648,-37.23896989287539,14.117322529189408,-46.499830890875586,0.7825469586530495,0.42699274612103144,921.7786831161851,-54.73817626243182,3.359081081889999,11.283425714711285,-59.06923023300354,-47.17869693512624,11.890533297877298,-55.893310643147174,0.9266132394299477,-0.22018107784046403,1094.7635252486361,2,1,1
-43.50847679062125,4.271548144005705,18.246123546558586,-54.92585358627518,-36.05030169993049,18.875551886344688,-42.89921800698913,-0.7166352403778921,0.6729310836143192,870.1695358124251,-50.02762297106888,4.065510099578058,16.528372369771198,-57.79905149447897,-44.10108282906742,13.697968665411544,-49.54557174944363,-0.2813281349704126,-0.9308034652725885,1000.5524594213776,-47.57182932467903,3.4765957468302204,12.086717986877979,-56.655640984638886,-41.0673921826185,15.588248802020388,-47.72863900478606,-0.5791034658132411,0.674028258879209,951.4365864935808,-54.6422274168036,3.9935956997762543,15.94880661327139,-64.54783078424275,-48.99839009709968,15.549440687143068,-54.20307333192139,-0.8069410536191706,-0.022409261717126316,1092.844548336072,2,1,1
-47.436755979560125,5.287378376309553,27.95637009426584,-60.19089320124753,-36.62522572678785,23.56566747445968,-47.90551577172634,-0.13255072487387953,0.2519475830658089,948.7351195912024,-52.46629322566412,3.973212582793348,15.786418228067387,-61.19991729368891,-46.65619949734397,14.543717796344943,-51.30031692925515,-0.7056897655910048,-0.5559335362515943,1049.3258645132823,-48.57804920069137,3.3375242959689655,11.139068426183139,-54.25352689053902,-40.42706762515816,13.826459265380862,-48.44016850389979,0.2880126391041219,-0.08172199241024192,971.5609840138272,-56.54787080304802,4.863762947656916,23.656190011000295,-65.92825938061927,-45.480811087117644,20.447448293501623,-56.586041501049635,0.15683248942910744,-0.17551108270055904,1130.9574160609604,2,1,1
-43.91351900854222,4.556211786036306,20.75906583921614,-51.98856218216165,-35.80295658931674,16.185605592844908,-42.896365021344295,-0.07117317312947781,-1.1012507520127972,878.2703801708442,-50.19928458035162,4.106011662419882,16.859331771928087,-57.091652447641934,-42.61605507512996,14.475597372511977,-51.1636165692953,0.18806861250386647,-0.9040078015681079,1003.9856916070325,-46.60298224549544,3.787649145873188,14.346286052233888,-53.60437250949697,-39.66256544176043,13.94180706773654,-46.3466511806553,-0.09661060273047135,-0.9809389156554547,932.0596449099088,-54.175267958007886,4.690948474631333,22.00499759164603,-65.15007318524162,-45.457953823863924,19.6921193613777,-53.48339430941893,-0.2913025926012048,-0.11683946093593978,1083.5053591601577,2,1,1
-46.43553453283891,2.339094702461384,5.471364027082911,-53.397695126962354,-43.43786783447245,9.959827292489905,-45.64172843310455,-1.5201991986308783,2.0287756651262656,928.7106906567782,-51.18058236382255,1.6631792582560967,2.7661652450933003,-54.21970041643413,-47.480020086701394,6.739680329732735,-50.7416471253335,-0.09632252113847949,-0.20802047025875536,1023.6116472764511,-47.88307805793739,2.0293013989858335,4.118064167925861,-52.19505875868826,-45.33637984662576,6.858678912062501,-47.312585879285365,-0.7337019613345436,-0.6839461552061832,957.6615611587478,-56.05671478629017,1.7584276724312147,3.0920678791718594,-59.295773136361305,-53.487068907387,5.808704228974307,-55.55094419073265,-0.4719281102613115,-1.046095722283392,1121.1342957258034,2,1,0
-45.305597037872445,1.6354775725869144,2.674786890434786,-49.033454856939315,-41.88912257943191,7.144332277507402,-45.26230869626015,0.06379313333538808,0.08593862982650036,906.1119407574487,-51.82638251001807,1.8407889287189148,3.3885038800941296,-55.52952999502652,-48.58171181925618,6.947818175770344,-51.745401664904676,-0.20537853885513924,-0.7404354472407584,1036.5276502003617,-48.00802507100718,2.245932734658751,5.044213848611735,-52.19700865454436,-42.458978270409425,9.738030384134937,-48.6670372251557,0.5830073233061082,0.02277837850513631,960.1605014201435,-56.51871862849349,2.230929972597448,4.977048542633651,-61.621277273837606,-52.75539104490761,8.865886228929995,-56.07182409479818,-0.3895814267931361,-0.2801848586313387,1130.37437256987,2,1,0
-43.21906331428494,2.0165930315287843,4.066647454810452,-46.96487384676573,-39.28219928665041,7.682674560115316,-43.30625497026817,0.11639156353647989,-0.7677866708644712,864.3812662856988,-49.626018212847455,1.7838527125700523,3.1821305001435336,-53.28163964231312,-46.7773527050704,6.504286937242718,-49.11639033453541,-0.6633991206004223,-0.509054757696954,992.520364256949,-45.91577667478654,1.8306584827299468,3.3513104803911107,-48.54516528123751,-42.35149964771586,6.193665633521647,-45.91121580930492,0.17807556873097788,-1.1952193817254788,918.3155334957307,-54.673593275373264,2.136225378163238,4.563458866308669,-60.36477886176289,-51.11524364365523,9.24953521810766,-54.50556693912691,-0.6433953032018247,0.49747544147483014,1093.471865507465,2,1,0
-44.38968554717205,3.7086412463425247,13.754019894073036,-53.436883428957735,-38.520469254581194,14.916414174376541,-43.14153939038809,-0.7666931930494386,0.08218810716807257,887.7937109434412,-50.57935181928397,3.0768656768543536,9.4671023934044,-57.54333741146283,-46.279095035225666,11.264242376237164,-50.40505015364981,-0.5302134988119238,-0.36151373026836886,1011.5870363856795,-46.70991133051102,3.8971797339977345,15.188009879082653,-53.10593948625983,-39.04785371808987,14.05808576816996,-47.07856764408671,0.031027092991698552,-0.9692530230236831,934.1982266102204,-55.60512360095944,3.9824147887624552,15.85962754975391,-62.57828520631905,-47.383984276312404,15.194300930006648,-55.50350697792328,0.16590041185549648,-0.6637622951788371,1112.1024720191888,2,1,1
-44.90183342683061,3.1702918585525315,10.050750468404464,-52.39219910807948,-39.94309501834154,12.449104089737943,-44.377801742208455,-0.5997719594310537,-0.3776704431350413,898.0366685366124,-49.23708750253516,4.15688516427936,17.27969426900584,-59.63930496690031,-40.80739279367211,18.831912173228204,-49.26078158595068,-0.2479802955993775,0.3339397122273082,984.7417500507031,-47.708832457568604,3.519082091293171,12.383938765260316,-53.84084519100971,-41.518977190658646,12.321868000351067,-48.7664629519393,0.29065824505873467,-0.9693976889750009,954.1766491513721,-55.43704578311538,3.7400638481833632,13.988077588488148,-60.82845193011864,-48.2692810065096,12.559170923609038,-55.7814873329964,0.40753427050679014,-0.9132293620143899,1108.7409156623075,2,1,1
-45.128791831299424,3.2729290443559695,10.712064529388881,-50.27472461763975,-37.4843693944913,12.790355223148445,-45.68335069484703,0.6383037394418953,-0.24303287569965493,902.5758366259886,-50.458714215212126,5.567200625544893,30.99372280506745,-60.670663609069706,-38.70186292123266,21.968800687837046,-50.14180482333222,0.02063295193049065,-0.31623137409193447,1009.1742843042425,-46.83737181723287,4.35978215420549,19.007700432128665,-54.17517911939355,-38.1324242499794,16.042754869414146,-47.33223065061835,0.3160269826395655,-0.7558846983177943,936.7474363446574,-54.17342131894179,4.130287808751861,17.05927738312425,-61.694702303949164,-47.39256109465437,14.302141209294795,-54.13291446633259,-0.03363687482607069,-0.6207173779990973,1083.4684263788358,2,1,1
-43.902213164345014,3.7100825359421035,13.76471242350259,-53.47177028940385,-35.83280667793055,17.6389636114733,-42.93674484356047,-0.4175452026321846,0.672135870705,878.0442632869003,-48.54216405389222,3.787110808802967,14.342208278152262,-57.2173886123264,-39.84121441130861,17.37617420101779,-47.868373745103554,-0.07795462241046505,0.418708301854156,970.8432810778445,-46.02939428323941,3.4785664305209414,12.100424411547204,-53.670758899919434,-36.39924242559546,17.271516474323974,-45.708423922524446,0.40758492209770175,1.5878767313829183,920.5878856647882,-53.38574118560947,4.294804743128268,18.445347781597068,-62.59513750499431,-46.31173657062732,16.283400934366995,-53.42768621127311,-0.26113040339517485,-0.7320483740674733,1067.7148237121892,3,1,1
-47.524150071558864,4.76612442274572,22.715942013093223,-54.42880303904501,-36.28763350706216,18.141169531982847,-48.67493439047738,0.6452413568778268,-0.11397676594713468,950.4830014311774,-54.36057690310237,3.1636439757304307,10.008643205175446,-60.055568113401726,-49.17103688769208,10.884531225709644,-54.85717492950606,-0.06161135839622644,-0.9424286331283631,1087.2115380620476,-51.09007216706702,4.093303712685755,16.755135284286986,-58.17978356501346,-41.46364220384298,16.71614136117048,-50.31880231732769,0.216092708414889,-0.18721087022369343,1021.8014433413405,-56.824870915132024,2.7685083147998237,7.664638289115759,-62.04081760767527,-52.374923872212705,9.665893735462568,-56.51198949091826,-0.04219929801565556,-0.9884148160254225,1136.4974183026402,3,1,1
-45.6666997614861,2.8846621568970154,8.321275759433743,-51.211499465416345,-41.04588396505499,10.165615500361355,-45.735135976046124,-0.27760633611451985,-1.0038128474196633,913.333995229722,-51.08846120876764,4.211906930060033,17.740159987487736,-59.006741104610796,-43.491521351607815,15.515219753002981,-51.17411036021356,-0.16293031577312245,-0.6018110531421024,1021.7692241753526,-44.86925445292833,4.481941219291173,20.087797093181244,-51.9817451465538,-36.00555897645608,15.97618617009772,-44.83688984761334,0.18263685033863902,-0.806923926749723,897.3850890585667,-54.71014747276465,3.374905731842128,11.389988698820847,-60.563110907395924,-46.448807727974796,14.114303179421128,-55.27526252613543,0.4785673260081464,-0.08829885878691845,1094.202949455293,3,1,1
-47.21724087019727,2.621844420438869,6.874068164986428,-51.038593576020176,-41.663052485911756,9.37554109010842,-47.02821418237717,0.2605009061982505,-0.9753166388830525,944.3448174039454,-51.299885264348575,2.3401531797602555,5.476316904742034,-56.34803255695387,-45.75087404694456,10.597158510009308,-50.87314332685902,-0.035012425281419596,0.1903233893006453,1025.9977052869715,-48.29260492759382,2.3231237219177054,5.396903827336773,-52.172157837298165,-43.89789596560297,8.274261871695195,-48.271984260678806,0.1111423967088036,-0.8827557754726696,965.8520985518766,-57.16854850485718,1.8452329498470725,3.4048846392013288,-62.28496841146187,-54.85943396244772,7.425534449014151,-56.7890224098354,-1.049006996376397,0.7375895820382752,1143.3709700971433,3,1,0
-47.893460282561506,2.5858968585168056,6.686862562887084,-51.89053765149954,-43.48028485827437,8.410252793225169,-47.934676558378655,0.027361360110912232,-1.3151279342472937,957.8692056512301,-53.395766336204005,2.323313859547835,5.397787289967056,-58.538436539815365,-49.344014044742266,9.194422495073098,-53.49600079125618,-0.23858138329445094,-0.16989236482731052,1067.9153267240802,-49.83677344902593,2.289566309819656,5.242113887061196,-54.5838484419726,-46.16427367659854,8.419574765374058,-49.37753405357986,-0.28935719870194554,-0.8830065013885453,996.7354689805187,-57.876070118306245,2.301014922115303,5.294669671797295,-62.01133464339352,-53.20550119412045,8.805833449273067,-57.81253355056373,-0.06052457100575222,-0.628710536858212,1157.521402366125,3,1,0
-43.84766161895095,2.058755651583984,4.238474832928995,-48.38049935975076,-40.54619003894855,7.834309320802205,-44.17653998694044,-0.15541958020488636,-0.5106566079541155,876.953232379019,-50.43185697793914,1.6269196514716209,2.6468675523445406,-53.547370675046494,-47.95580703627332,5.591563638773174,-50.24742505496924,-0.2345998933920803,-1.015192737642917,1008.6371395587826,-46.06864984324859,2.4315551195193112,5.912460299260572,-51.37192985571849,-41.68469067339316,9.687239182325328,-45.53418245995543,-0.4368968835663984,-0.4412566831316167,921.3729968649718,-54.23145156359967,3.0962019719896983,9.586466651352897,-59.22128921194974,-48.059541887893154,11.161747324056584,-55.06410797870912,0.3744664248546753,-0.8633699550111027,1084.6290312719934,3,1,0
-44.21786159073764,3.597446226858412,12.941619355137828,-49.23322650643731,-33.880646094108954,15.352580412328358,-45.2077480970905,1.0526580381801993,1.0789918099537932,884.357231814753,-50.92850546868708,3.1284871788040194,9.787432027941131,-59.158962936776,-45.28484800351764,13.874114933258362,-50.196215861932686,-0.5280609880571987,0.572917142293381,1018.5701093737414,-48.725559202264584,4.577114372613086,20.949975979981282,-57.95783602448662,-38.863978807587394,19.093857216899224,-47.69901660239356,0.012272797637331715,-0.22197369627816999,974.5111840452919,-55.12712504866712,4.606694337154461,21.22163271597098,-63.776718085542136,-47.22222490543189,16.55449318011025,-54.443561855273046,-0.29323151568722106,-0.8560011086057617,1102.5425009733422,3,1,1
-46.521285489104066,2.2874102741127627,5.232245762116625,-50.365569449114275,-41.04562462674033,9.319944822373948,-46.7959111518462,0.3474397364354249,-0.10119648362339984,930.4257097820812,-50.40219643691678,2.3866311315689193,5.69600815817394,-53.81068651944721,-43.76085355362932,10.049832965817892,-50.61905893663889,0.9398310743874019,0.8691022371725108,1008.0439287383356,-48.246486300232405,1.8032668153418008,3.2517712073129603,-52.942838168285455,-45.096900662794326,7.845937505491129,-47.84961190596533,-0.7286167445895523,0.4551201546533088,964.929726004648,-56.163843820126104,2.2640713537565746,5.126019094901129,-60.61848168090415,-50.879278880446556,9.73920280045759,-55.98544518876648,0.243301898407552,-0.2645377002922662,1123.2768764025222,3,1,0
-48.295702003353256,2.897308876477667,8.39439872571628,-53.66176303531243,-43.19993308380696,10.461829951505472,-47.35411422238587,-0.47464208676568753,-0.7899583204695575,965.9140400670651,-54.477456765227544,2.692738160936946,7.250838803366085,-58.80962114618918,-47.69153177249942,11.118089373689763,-54.814759194783655,0.6706318770210211,0.07396320825414149,1089.5491353045506,-51.1258875329229,2.3708605410740926,5.6209797052221395,-55.350145686492155,-46.18139227705575,9.168753409436405,-51.68091618491081,0.4110820083033287,-0.37719036880032064,1022.5177506584582,-58.93207064432507,2.026240763792978,4.1056516328563495,-65.30223675060306,-56.2118533925711,9.090383358031957,-58.67093554400611,-1.2729369819687333,2.4466390803154816,1178.6414128865013,3,1,0
-45.90139653807102,3.807418833649337,14.496438174827677,-52.45402712437564,-37.82963847244385,14.624388651931795,-45.87801875717006,0.20197666035702688,-0.7886846089579427,918.0279307614204,-51.27878796859121,4.6112790549900735,21.26389452299015,-59.80363997640055,-42.14768880681362,17.655951169586928,-51.92909875679018,0.3955369872066565,-0.3975960352007646,1025.5757593718245,-46.278335456095114,4.378024916598136,19.167102170354116,-56.226192835538505,-40.14808182256088,16.078111012977622,-45.9321823361708,-0.9004617805847324,0.03644788479346772,925.5667091219025,-54.930893688333484,4.434649386774981,19.666115183623713,-63.4250008815859,-48.38964508582289,15.03535579576301,-54.19367002819307,-0.36059751474941265,-0.9910546936031261,1098.6178737666694,3,1,1
-47.64045141283255,4.015472151805313,16.12401660192399,-55.23764495586018,-38.50033891418764,16.737306041672547,-48.333431637430934,0.24578233330730886,-0.45216285512545396,952.8090282566509,-55.11797831945984,4.7173140444981385,22.253051794419385,-62.310732472587425,-41.949011583970425,20.361720888617,-55.64513040929707,0.8252035370605385,0.8968104991305821,1102.359566389197,-49.48478072137939,5.373658399021416,28.8762045893734,-60.38937786117494,-36.72540602901182,23.66397183216312,-50.01023137026952,0.3619138087831969,0.18709746481916323,989.6956144275878,-59.06510659189227,3.934604973990052,15.481116301347257,-67.74311803542524,-53.03028308679471,14.71283494863053,-58.60129540765779,-0.2843066714126343,-0.6537655330492256,1181.302131837845,3,1,1
-48.261528240614815,2.471240624587011,6.1070302246092005,-54.3602054006882,-45.000173225833414,9.360032174854787,-48.19550581418477,-0.8190731150189153,-0.020322172978323394,965.2305648122962,-53.9458904316554,1.9574734052670788,3.8317021323278935,-56.19591765438433,-49.50074446182097,6.6951731925633595,-54.68371139324993,0.9118650967803535,-0.42361552654346024,1078.9178086331083,-51.34841799735377,1.7696450234777297,3.1316435091194945,-54.88054215377199,-47.88261579628195,6.997926357490044,-51.22092269047897,-0.1615907040752931,-0.6389999022710455,1026.9683599470754,-59.27112607606288,3.0420716238883876,9.254199764866932,-63.91235498847421,-52.488613775793546,11.423741212680667,-59.22011021466055,0.2810350788787565,-0.651629475900195,1185.4225215212573,3,1,0
-49.107020694456764,3.847089694252278,14.800099115622086,-54.938030838895074,-42.3350079217595,12.603022917135576,-50.31935520044868,0.19982665927140136,-1.3678390598742072,982.1404138891353,-55.85228018018147,3.632920683648047,13.198112693677794,-63.01940082008807,-49.73997992535365,13.279420894734422,-54.99583955488508,-0.6045509081449736,-0.681672618292831,1117.0456036036294,-52.51863385934665,3.101443372097573,9.618950990327965,-60.61811398670018,-46.932313800323726,13.685800186376454,-52.77281645887605,-0.39633075984667765,0.5813825569137867,1050.372677186933,-59.33743812519132,3.519219609639648,12.384906660872238,-68.43996380584443,-53.46260248170172,14.977361324142706,-59.23635184189462,-0.5425241218112536,0.4688644919676457,1186.7487625038261,3,1,1
-48.21459878585822,4.295033931606815,18.447316473653892,-54.86738994494548,-36.97374298327029,17.893646961675188,-48.511046152695215,0.6874392403377166,0.34386406866014063,964.2919757171644,-51.21951324321772,2.9326852273405204,8.600642642661319,-56.37430420895153,-47.14923265071013,9.225071558241396,-51.142155253291044,-0.34078599953619915,-1.065728050293593,1024.3902648643543,-48.549479450909374,2.9505939200344646,8.706004480944348,-55.314371934465974,-43.64509326544946,11.669278669016514,-48.58943464142463,-0.39248883235238796,-0.2868961735603217,970.9895890181874,-57.315726260846326,4.288363297154364,18.39005976838065,-66.52344711746362,-49.45496653722003,17.068480580243587,-57.351204003037736,-0.21826875209036062,-0.5259627689243214,1146.3145252169265,3,1,1
-44.99565560517213,3.934150878844176,15.4775431375104,-55.15647640658183,-39.23683631428453,15.9196400922973,-44.76663972545292,-0.7689477792644335,0.3414265587058263,899.9131121034425,-48.789601239004575,3.87031508193372,14.979338833443617,-54.74797354885352,-41.13741962552573,13.610553923327792,-49.26304292757361,0.21935165078999086,-0.9090684570001102,975.7920247800914,-44.324074980821976,3.356297428152401,11.264732426222421,-51.53073421724067,-37.52620947850597,14.004524738734702,-44.36965950492536,0.0589926888422207,-0.09416320627677477,886.4814996164394,-56.1799481862421,4.711885468373298,22.201864667067454,-63.63934691627792,-49.18676163657125,14.452585279706675,-55.668715768830964,-0.03876487312177745,-1.339016114468822,1123.5989637248422,3,1,1
-43.64398050087137,3.9962484791596773,15.970001907186035,-51.49608531879926,-36.08686056002362,15.409224758775643,-44.0743155306705,0.23457309843124063,-0.5568410934881882,872.8796100174275,-49.92300340845775,4.926191522006772,24.2673629114914,-61.68844751440363,-42.919509252508796,18.76893826189483,-49.29238372359728,-0.6942397682739662,-0.30327640962533575,998.4600681691552,-48.06788076454036,4.39246829275242,19.293777702835357,-55.6206777754321,-40.17659139137931,15.444086384052788,-48.96142766030789,0.15545071687500336,-0.9031282239713221,961.3576152908074,-53.71511115998915,3.1481227268365415,9.910676703224743,-58.63682083904147,-47.3584580333769,11.278362805664571,-53.770080240935016,0.06476278606664594,-0.8953235044502192,1074.3022231997832,3,1,1
-44.548716800895605,5.390167581667003,29.05390655845391,-55.660828065061494,-33.64950755216431,22.011320512897186,-44.08510893540541,0.08531851438927143,-0.05492909864381046,890.974336017912,-50.25510764180255,4.352747848631858,18.94641383376927,-60.30596856991758,-42.582133830414875,17.723834739502706,-50.03334027335238,-0.01502479250734645,0.018977444228716056,1005.1021528360511,-47.67334008440569,4.918471931637143,24.191366142302403,-55.59407068201613,-37.519704364817066,18.074366317199065,-47.19934833391882,0.18511880585885776,-0.7050364494774937,953.4668016881136,-53.88202699039109,3.930826388314794,15.451396095071924,-60.40556277872811,-47.26354150236921,13.142021276358903,-52.76578853673968,-0.24744876349031827,-1.11370383927937,1077.6405398078218,3,1,1
-49.23187957292383,4.6655653611040835,21.76750013873428,-56.48961122206485,-40.04839858217561,16.441212639889244,-49.902848987211016,0.38913682000062344,-0.9460231594832282,984.6375914584767,-54.22707401886735,3.310527195367677,10.959590311268979,-58.293107971704316,-45.86902499580927,12.424082975895047,-55.351160633522234,0.9792024743473963,-0.005300943865583108,1084.5414803773472,-50.69046267998107,4.135575772626802,17.102986971137767,-60.94613345303067,-44.516995439400816,16.429138013629853,-49.86346631510929,-0.9658436928308036,0.2596273600972321,1013.8092535996212,-57.933074856973555,4.293499799591857,18.43414052909532,-69.41159168512455,-51.355109324514245,18.056482360610303,-57.51207464998575,-0.9728731599253868,0.6910902461510013,1158.661497139471,3,1,1
-47.07401388824865,3.6032482790802405,12.983398160694714,-55.78490305008354,-40.733294119763485,15.051608930320057,-47.06993575969529,-0.3265531739001753,0.23080990729472228,941.4802777649729,-52.05413643744539,3.1741753627083464,10.075389233224664,-57.285833793363125,-46.46832640910276,10.817507384260367,-51.552007313795436,-0.15499318567755346,-0.9760401939376475,1041.0827287489078,-51.0562524517265,3.6083457024569294,13.020158708439393,-60.96947672733687,-43.8540348800684,17.11544184726847,-50.692572612839285,-0.7191879543103893,1.2436580013533094,1021.1250490345299,-57.1497298302956,4.826210280061067,23.292305667367124,-67.89513473668478,-43.62460684183179,24.27052789485299,-57.16314573288176,0.5324283287726241,1.6877102038083613,1142.994596605912,3,1,1
-48.58170937478205,4.284223935522335,18.354574729702485,-55.860606395445785,-36.24985823440223,19.610748161043553,-48.435584365715954,0.7445465364900073,1.4520226524239783,971.634187495641,-52.605698275264444,2.883451289625237,8.314291339641443,-59.10086980747213,-46.341357984029024,12.759511823443106,-52.602038571582895,-0.0956352567856077,-0.099422507139165,1052.113965505289,-49.26217248139584,3.6753292249506018,13.508044911775992,-58.112776996138194,-43.436730878804,14.676046117334195,-48.848825833099156,-0.8150079952988535,0.381456911099304,985.2434496279164,-58.470879855086295,4.760499515286411,22.662355635042154,-69.12373555586832,-51.048405434624364,18.075330121243958,-57.888250437168026,-0.5492603647574053,-0.2651090572326398,1169.4175971017257,3,1,1
-46.977468445256584,4.710247641708748,22.18643284622282,-53.191024630292894,-33.266696475486896,19.924328154806,-47.635624267092076,1.1753338908631668,1.3591148186027153,939.5493689051318,-51.12745751797185,5.104743275729781,26.058403911108417,-60.45904821037088,-42.707688934589655,17.751359275781226,-51.211503810948905,-0.11498027155987663,-1.2280880265382803,1022.5491503594369,-48.883961220749875,4.709026963984015,22.174934947528506,-58.93261468906644,-41.06344504576499,17.869169643301447,-48.909359477835764,-0.5017935736599443,-0.4542257127585745,977.6792244149974,-56.670739999259936,3.5811117288869307,12.824361214771542,-61.7370834257314,-48.17709754837295,13.55998587735845,-57.14015449378256,0.5522155646168643,-0.45246294036211543,1133.4147999851984,3,1,1
-44.16457323188833,3.8264256505769523,14.64153325939325,-52.901732175088966,-36.77529270093893,16.12643947415004,-44.54461047401804,-0.15541658574487718,-0.1108545757362327,883.2914646377666,-48.64579638739346,4.178311804986582,17.45828953969023,-57.58404787353174,-40.8460351951338,16.738012678397936,-48.61730155089691,-0.15842850793101582,-0.3647471075674331,972.9159277478691,-45.23350788336644,3.655433226130119,13.362192070696048,-52.664610416068115,-38.01531738952939,14.649293026538722,-44.54904081433335,-0.2879167846522515,-0.3721579597520428,904.6701576673288,-54.692624259761615,3.8807556269143157,15.060264235827125,-63.32746926115572,-47.10273024874791,16.22473901240781,-54.95102620824356,-0.06904889896877822,-0.1794056476852024,1093.8524851952325,3,1,1
-48.32141458144386,3.253611255045652,10.585986198959741,-54.2673205100812,-41.811774291354816,12.455546218726383,-47.96663407082501,0.005693309479094595,-0.6388238276276592,966.4282916288773,-51.750889322665444,3.631882932552755,13.190573635767999,-60.25282986053914,-45.10424395708889,15.148585903450247,-52.11189709825207,-0.2820562016855344,-0.3087516356113107,1035.0177864533089,-47.863003373595994,2.9900318815256552,8.94029065253985,-52.775214658371716,-42.05940967957768,10.715804978794033,-48.09211137152299,0.11448747665544312,-0.9215080913191618,957.2600674719198,-56.63924582406078,4.325414308549926,18.70920894060844,-64.32186218154291,-46.21592675029526,18.10593543124765,-56.706879805813124,0.24335393400303051,-0.14578167180896306,1132.7849164812155,3,1,1
-46.855101339963696,4.097036020787784,16.7857041556326,-52.460873196373996,-38.615161517195936,13.84571167917806,-47.706853901126465,0.4521119418531098,-0.7517184886906261,937.102026799274,-52.585655718498785,4.130335626785493,17.059672389893514,-60.38350560431984,-45.7610872744076,14.622418329912243,-53.46704093726702,-0.12366213778236582,-0.9733361742515156,1051.7131143699758,-49.1244929357001,4.060217798130692,16.485368568257243,-55.75146659535737,-35.74514681173297,20.0063197836244,-49.51945092349191,1.544066368219931,3.471967419293134,982.489858714002,-57.257277586092435,4.130088281595547,17.057629213772852,-64.9892144033627,-49.60833234218016,15.380882061182533,-58.12194692451185,0.3516954484966357,-0.7069688718068079,1145.1455517218487,3,1,1
-45.41531398451339,4.696359525454662,22.05579279232874,-53.903262206131494,-38.390489174112616,15.512773032018877,-46.77588654341815,0.019884187061463908,-0.9939211191075463,908.3062796902675,-47.35580620993029,4.1134820088576864,16.920734237195866,-52.894282531577765,-36.19049700654039,16.703785525037375,-47.917976642483026,0.8074952802376579,0.5118834962404839,947.1161241986058,-46.41094654663292,4.356984412217496,18.983313168306243,-57.181550637556484,-39.2540007646981,17.927549872858386,-45.747273542380725,-0.5499201060937013,-0.03215945625828631,928.2189309326585,-54.73608710578416,4.403198969643112,19.388161166266162,-63.83765529496243,-46.6211483219369,17.21650697302553,-53.90540055128007,-0.05256148761986124,-0.4534956811489832,1094.7217421156834,3,1,1
-46.19073500110451,2.595109075319785,6.734591112807109,-50.548727657597695,-40.21088182582513,10.337845831772562,-46.13017858155758,0.4130597427752879,-0.12385347305043437,923.8147000220903,-52.163144840396136,2.6140965515169468,6.833500780652793,-56.06357421150724,-46.91627382225385,9.147300389253388,-52.60811128611584,0.21990231424316395,-1.033061003737753,1043.2628968079225,-49.503945416522,2.2729953628862263,5.166507919702287,-53.94030918432321,-45.289433474871196,8.650875709452016,-49.47208782838482,-0.06000139606522307,-0.7834005957341073,990.0789083304401,-58.43934234137382,3.304977521245499,10.922876415938042,-64.56544669294965,-51.19354807609722,13.371898616852427,-58.29657110731738,0.3958145335183907,-0.16202881544245873,1168.7868468274764,3,1,0
-46.52594302203384,2.58380550328615,6.676050878811795,-51.79177249212478,-41.390386667981936,10.401385824142842,-46.28741315929995,-0.11256364513880168,-0.06362063260699191,930.5188604406767,-52.25907605174823,2.8860770263610487,8.329440602089033,-56.382780649125245,-44.89498922588642,11.487791423238825,-52.10773461166163,0.6827452221857323,0.1046007531231199,1045.1815210349646,-47.80910869983807,2.5890641188866654,6.703253011706384,-51.20770694949704,-42.54669468344376,8.661012266053277,-48.53215898543146,0.8645343634463747,-0.4232604156108444,956.1821739967613,-56.53002968514363,2.429048801263568,5.900278078919976,-60.884332212717084,-52.08049475856356,8.803837454153523,-56.15888967865776,-0.06214884075758755,-0.8877131914711449,1130.6005937028724,3,1,0
-45.3999932973003,4.297753915615552,18.470688719188814,-53.440588658042,-37.76266021157843,15.677928446463575,-45.370756584868076,-0.1238822082637868,-0.9849094860515182,907.9998659460059,-51.468474194716315,2.4225981492516673,5.868981792757604,-56.83101362389101,-47.54411940437302,9.28689421951799,-51.215701651822265,-0.5227560304499945,-0.4199844411139573,1029.3694838943265,-47.12539165326733,3.7973232942539794,14.419664201083895,-52.39488203841489,-36.02270570747113,16.37217633094376,-48.62409979630796,1.330642442146756,1.4967319792872429,942.5078330653467,-55.17125470186168,4.510246192513607,20.342320717083492,-63.589623958429286,-48.182149352493646,15.40747460593564,-55.357525688094036,-0.08723806358133025,-0.9244144097155615,1103.4250940372335,3,1,1
-47.177787099633306,2.5805160667433404,6.659063170720519,-52.3935079641791,-42.368482634096786,10.025025330082315,-46.778306200247954,-0.20684144136014865,-0.507631615408688,943.5557419926662,-50.803341819879144,2.196274569839233,4.823621986122508,-55.036333059627296,-45.561768863564815,9.474564196062481,-50.94519783605668,0.2616668392020304,0.04122500666186735,1016.0668363975828,-48.671619352271385,2.4787150053993807,6.144028077992052,-53.23684495831996,-44.49020477083927,8.746640187480693,-48.56289283845823,-0.0010656258933674622,-1.0275185145206962,973.4323870454276,-57.29995326667607,2.202237108367203,4.849848281469539,-61.2579296168367,-53.06278719522447,8.195142421612225,-57.80820427720979,0.1140562180741128,-1.031493201055728,1145.9990653335217,3,1,0
-46.43965588935317,5.170254360033,26.731530147440242,-54.41323499907197,-34.48395675806121,19.929278241010756,-46.40155521533258,0.4494587728505034,-0.5538384245493821,928.7931177870632,-51.046829533760885,4.6465397101856185,21.590331278331853,-62.603717686330874,-39.86555117712789,22.738166509202983,-51.46593633345897,0.2791782743231697,1.604106955304922,1020.9365906752178,-49.00293790288028,6.228455687554346,38.793660251828086,-60.22073507836896,-35.494841281794265,24.725893796574695,-48.006304627233575,-0.035067286819903336,-0.5286635960624886,980.0587580576056,-58.523278735140664,4.432932646717728,19.650891850335842,-67.65733705290765,-46.23075644819113,21.42658060471652,-58.292180530218545,0.585579080614053,1.233133179832243,1170.4655747028132,3,1,1
-49.358574663032705,2.406960118822188,5.79345701360052,-53.70151637108968,-44.5291333128941,9.172383058195578,-49.654746699043045,0.45026927973200626,-0.5737694413131971,987.1714932606541,-54.84858526936341,2.8416309726514126,8.074866584731813,-59.15909451683554,-48.969081889034186,10.190012627801352,-54.965452961861125,0.4878067198179575,-0.4327298984942507,1096.9717053872682,-51.04625354283097,2.2453633522536496,5.041656583643746,-54.61711109613148,-46.112276364743224,8.504834731388257,-51.13922156082934,0.2794326761527554,-0.6465819659175072,1020.9250708566193,-59.95359820668498,2.308440023195357,5.3288953406901785,-64.62866656827732,-55.61354058975392,9.015125978523407,-60.01469469724195,-0.08594346923373257,-0.4931372597056498,1199.0719641336996,3,1,0
-44.15204777731971,4.127648666149398,17.0374835111649,-53.115177773239175,-36.07727924957614,17.03789852366304,-44.374676446317025,0.00876552496002461,-0.43234293203697804,883.0409555463941,-49.674656720620426,4.483010505561025,20.09738319297052,-56.910415582703784,-37.38466762137721,19.525747961326573,-49.641179845124796,0.6219214835824611,0.6891789234608567,993.4931344124086,-46.35608039584432,3.6847371910637623,13.577288167208465,-51.70430201933307,-38.80578441551812,12.898517603814952,-45.79685032329459,0.353884854616986,-0.6979377716907544,927.1216079168865,-55.20348347547832,4.398542177395959,19.347173286331188,-63.18844769435655,-48.6791916205683,14.50925607378825,-54.559390004069925,-0.2866246510650889,-1.2065871464087583,1104.0696695095667,3,1,1
-48.05577741498178,4.590475511704094,21.072465423554963,-57.71776365880132,-40.18527975148245,17.53248390731887,-47.80743151247833,-0.19922910647160974,-0.6223886946694175,961.1155482996357,-55.588701742732965,3.0616327477261174,9.373595081948976,-62.031621743044575,-49.66688788854524,12.364733854499335,-55.00696476541317,-0.11151903999007608,-0.5496166137676903,1111.7740348546592,-51.51078147945667,3.349366213789334,11.2182540340735,-59.45669315888383,-47.016886459599085,12.439806699284745,-50.99503612192402,-0.7149503052936509,-0.30720702783695897,1030.2156295891336,-59.994308829166336,4.014744889423161,16.118176527149394,-68.87607443837483,-50.14070157210616,18.73537286626867,-60.40461758396117,0.41017730023658405,0.6572013664322207,1199.8861765833265,3,1,1
-48.21919658096114,2.598726404084453,6.753378923285713,-52.73078838674567,-42.55308559162215,10.177702795123523,-48.03978355326878,0.1765429555581218,-0.43783497200276766,964.3839316192227,-52.81909017666752,2.578217928764343,6.6472076882019,-57.36774522905313,-47.72684886435213,9.640896364701,-53.31863180098657,0.31033272324681105,-0.7051738648704307,1056.3818035333506,-49.87590016761193,2.1779517365584766,4.743473766778084,-55.78446174914801,-47.241684651584045,8.542777097563963,-49.570689849617374,-1.2008671474350547,0.9458633735038608,997.5180033522386,-58.323371388532884,2.722693848347858,7.41306179183127,-64.45744281034833,-52.179227902296454,12.278214908051872,-57.83864136306474,-0.1543315846983081,0.21979771068001375,1166.4674277706577,3,1,0
-48.739213141986724,3.539648951498768,12.529114699846328,-54.74459254195966,-42.547856547452014,12.196735994507648,-48.740961707916426,0.11661495647969888,-0.7298573439382863,974.7842628397345,-50.71950070900668,4.2845824916869075,18.357647128069992,-59.89990585142812,-38.05213454698028,21.847771304447846,-50.97561953988577,0.9358112039927429,2.317569419369617,1014.3900141801337,-47.9659756575932,3.8100780951441893,14.516695091097574,-53.59485821535907,-41.360810220050816,12.234047995308252,-49.04356922339828,0.10000003535339891,-1.3022175266316744,959.3195131518642,-57.16011072413373,3.3534046867236915,11.24532299294042,-64.8007646302918,-51.53776247483796,13.263002155453833,-56.868199442294355,-0.35190263102321334,-0.2960658209362048,1143.2022144826747,3,1,1
-47.201109689767584,3.203787680911063,10.264255504357486,-52.38714716655342,-41.406728208244495,10.980418958308924,-47.212371115290026,0.15097258848922546,-0.9586034906830583,944.0221937953518,-53.57383339428718,4.141072756814971,17.148483577235144,-59.955322393821085,-44.53531343295208,15.420008960869005,-53.498179399075084,0.36967085802343624,-0.5134454582938885,1071.4766678857436,-50.55019562271694,4.017457595604881,16.139965532483355,-56.950487330642325,-41.79215692899638,15.158330401645948,-51.25120932633717,0.4058102125486713,-0.7707981904944057,1011.0039124543388,-56.35823512895628,4.867447752006236,23.692047618510564,-66.00210788232094,-48.54837968979628,17.453728192524665,-55.73878044469457,-0.23224176014982542,-0.6796556920151837,1127.1647025791253,3,1,1
-46.391413737014176,4.515922534711568,20.393556339515758,-52.959357597150195,-38.22456555395829,14.734792043191902,-46.46126523753681,0.12659294181365446,-1.0956469361145218,927.8282747402834,-53.54083850186574,3.7723551090085214,14.230663068462695,-62.786887525473695,-45.863673809237184,16.92321371623651,-53.30154039194281,-0.33517231111678114,0.30710761723058067,1070.816770037315,-48.64971502638379,3.6567435702665287,13.371773538685598,-55.50132570688414,-41.79399608244979,13.707329624434351,-48.45710501664351,0.06876425751352608,-0.6437320743941832,972.9943005276758,-56.91440280846477,5.473001461669794,29.953744999439703,-67.4161861954951,-45.63665962176918,21.779526573725924,-56.610588186542046,-0.18651738589525668,-0.27585672771086145,1138.2880561692957,3,1,1
-48.6036741394462,4.367471721533826,19.074809238397638,-59.09097708539381,-41.001861135484354,18.089115949909456,-47.79121518509453,-0.6460189483305252,0.039957499229866134,972.0734827889241,-53.79441837557514,4.093778999636101,16.759026497861562,-60.13303024181002,-48.13840464460709,11.994625597202926,-53.63394858816132,-0.11585642891590464,-1.4453398072258627,1075.8883675115028,-50.81359320129309,4.393131975187739,19.299608551416924,-57.2184383836073,-40.23005892202777,16.988379461579527,-51.10769433855424,0.5567138218995854,-0.15023435525919515,1016.2718640258618,-59.37391226689383,4.675091767660564,21.85648303604757,-69.12055461860794,-49.380604923409386,19.739949695198554,-59.62921516297169,0.2911179340621729,0.012764919099915062,1187.4782453378766,3,1,1
-48.6296726781025,1.8226344448196403,3.3219963194429987,-51.870601638436554,-44.9805163719181,6.890085266518454,-48.888768430745344,0.0782176717428162,-0.7655675448537744,972.5934535620502,-54.79585268762736,2.4862071710319977,6.18122609729093,-57.99147841024058,-49.84484597741886,8.146632432821718,-55.37782686487156,0.566280039818157,-0.8803062583215753,1095.9170537525472,-51.00416363306494,2.317260420429761,5.369695856090312,-55.43860845226885,-46.89684619343893,8.54176225882992,-50.507539432918136,-0.23711833402912288,-0.9341494296168404,1020.0832726612989,-59.441775705377744,2.0822605293579404,4.335808912122011,-63.18317892011778,-55.324234381960615,7.858944538157168,-59.987347213636085,0.2593666180720162,-0.41124905127563416,1188.835514107555,3,1,0
-45.312247115762695,5.276589871700669,27.84240067413409,-52.384488153298356,-31.340952887612655,21.0435352656857,-46.90441838759759,0.9868922111130982,0.371661172585406,906.2449423152541,-51.067624099175774,5.528517181127463,30.564502222021552,-59.89113073573392,-41.1333775390495,18.75775319668442,-51.1067276725677,0.269608681948858,-1.1724550629954502,1021.3524819835154,-46.23457159565894,4.780670026341261,22.85480590075776,-56.42712286836704,-35.724542840698575,20.702580027668468,-46.49166353020385,0.29427690368261444,-0.040345028647903014,924.6914319131787,-52.274642249703405,4.8016792442122265,23.056123564298503,-59.09394632395387,-44.87938758578081,14.21455873817306,-51.289011426736415,-0.11831874327622412,-1.449266605239686,1045.492844994068,3,1,1
-49.3801952546752,2.318426570466052,5.375101762642979,-55.49408268264419,-45.257733272560536,10.236349410083655,-49.36108137701045,-0.5191294318361055,0.4093777158121883,987.6039050935037,-54.80961366546686,2.20658765007116,4.869029057446563,-58.46974213839639,-51.457202849462256,7.012539288934136,-54.95797999567077,-0.01217990027476691,-1.397687151359009,1096.1922733093375,-51.13463143551844,2.002025824971975,4.0081074038547175,-54.04905006757696,-47.59420632962965,6.454843737947307,-51.57996747614021,0.3075234919147571,-1.0942966073585048,1022.6926287103688,-59.248405873001694,1.8749389612139349,3.515396108277989,-62.819535493028475,-56.049353240225166,6.770182252803309,-59.549823003015135,0.20975100923916962,-0.6326203072337111,1184.9681174600337,3,1,0
-44.24411701914666,3.372921006260831,11.376596114475575,-51.06924942764539,-39.005984590542816,12.063264837102572,-43.73684111182852,-0.5075490483694022,-0.8161059285310408,884.8823403829331,-50.85246675068213,5.271987566546992,27.793852901826074,-64.63440399109818,-43.31154549004819,21.322858501049993,-50.215657787507105,-0.9988607838425924,0.8571926009344621,1017.0493350136426,-46.604715603079235,3.931730687158455,15.458506196343496,-52.361500667756125,-36.536064794655395,15.82543587310073,-47.117358143085575,0.8476890187466474,0.22368569457404464,932.0943120615846,-53.7078814025095,3.6524350158322894,13.340281544877815,-61.10887364075505,-45.75889800264317,15.349975638111879,-53.9255798978469,0.2814342823352408,-0.23900893552203017,1074.1576280501902,3,1,1
-42.88319906141909,2.3252993664354467,5.40701714354509,-49.97675069380403,-39.348309927684056,10.628440766119972,-42.75041488190371,-1.4287459088622385,2.390135764114249,857.6639812283819,-48.77672161656518,2.1991182967952074,4.8361212832994545,-52.108651845436206,-42.9540787881482,9.154573057288005,-48.63596677212587,0.6047272668150675,0.43330928765941135,975.5344323313037,-44.99253928537324,2.5529903795024316,6.5177598778319705,-49.188278811075286,-38.26991488840237,10.918363922672917,-45.88223253338731,0.9190504747297901,0.4217782184394574,899.8507857074649,-52.495819652640606,1.8884322549422352,3.566176381506215,-55.651722190813885,-49.29571265575656,6.356009535057325,-52.55776847518273,0.20961801140873348,-1.0407171775559652,1049.916393052812,3,1,0
-46.619935658224406,2.8022949546964404,7.852857013117125,-51.39381530011763,-41.70025966204569,9.693555638071942,-46.71590523699037,0.04619585820847009,-0.9850948768480694,932.3987131644883,-52.61658945096408,3.526519297089018,12.43633835274122,-57.99841370706106,-45.231156809615264,12.767256897445797,-52.817814179240486,0.39774804922877244,-0.7238083248376346,1052.331789019282,-48.88083710212066,2.9474252870332642,8.68731582264312,-55.83632715436493,-42.150715622046874,13.685611532318056,-48.91084094189435,0.05123614211052337,0.5515483526518303,977.6167420424133,-56.610063402418255,4.428477489817931,19.611412877824126,-64.83287971504599,-46.473766603918186,18.359113111127805,-56.098897924450725,0.0026246782447572905,-0.30287062265597253,1132.2012680483654,3,1,1
-48.41909343803492,4.008294163381102,16.06642210019501,-56.97411741108844,-38.46579466380106,18.50832274728738,-48.94446614108451,0.33513625780725165,0.5238078442026333,968.3818687606985,-54.02893954067014,3.35788765087599,11.275409475905473,-59.97979102203667,-48.250933914093594,11.728857107943078,-53.23332026875974,-0.15635435214845902,-0.9357407080760725,1080.5787908134027,-50.16074918000743,5.048419156216099,25.48653597684967,-60.383934366590694,-41.10385360204222,19.280080764548472,-50.0564363639882,-0.15121317223010183,-0.702596991563678,1003.2149836001486,-57.473650896980544,4.146574982456887,17.194084085137334,-64.90219071557932,-50.59879500102089,14.303395714558434,-57.35207406472301,0.1422014786880906,-1.0566625325335985,1149.4730179396108,3,1,1
-47.20317381675233,4.337469893212482,18.8136450745247,-55.593820854958025,-39.110104629406734,16.48371622555129,-47.629221526544384,-0.011418182959816493,-0.543360109795437,944.0634763350465,-51.5986765939836,4.60656624914165,21.220452607730977,-66.56303112383955,-44.72193233633201,21.84109878750754,-50.912853562158865,-1.3783321681286607,3.1364712513787154,1031.973531879672,-47.80795633996447,3.567740833247033,12.728774653218233,-55.942374535675135,-41.754428291844185,14.18794624383095,-47.32120015148616,-0.38106080195158204,-0.42296085349330204,956.1591267992894,-56.76019676370513,3.5800672245292184,12.816881332148341,-62.57222987636829,-48.97731960359945,13.594910272768843,-57.18203659993995,0.41123761930614144,-0.6338200628699466,1135.2039352741026,3,1,1
-45.22753046842594,3.9558627812230807,15.648850343866005,-51.48373900980535,-35.77978038484855,15.703958624956798,-44.39236886164537,0.28987929016696984,-0.2648543003155104,904.5506093685188,-53.63677854956573,3.2470711286805747,10.543470914710941,-61.21340212698409,-47.681285784127105,13.532116342856988,-53.81483070939366,-0.3225175702146605,0.03511972221109261,1072.7355709913147,-49.28147082617345,4.2804361778249564,18.322133872432723,-55.59560059623093,-41.30672228676655,14.28887830946438,-50.040561099966666,0.1949273926068602,-1.3087431362916868,985.6294165234691,-58.464635829723115,3.036620752930342,9.221065597127238,-64.73828089709082,-51.991152809917054,12.747128087173763,-58.514435923772716,0.07495144216744852,-0.09115952848456477,1169.2927165944623,3,1,1
-46.72564281576253,5.992521801447467,35.910317540823186,-60.44816926896914,-34.73949097505991,25.70867829390923,-45.83938801834033,-0.23173658002532924,-0.10533011043755014,934.5128563152507,-51.53016378526074,4.3391105315120875,18.82788020467911,-60.1701968289269,-42.59331396804698,17.57688286087992,-52.12283496685713,0.3046655482810299,-0.203119432255507,1030.6032757052149,-46.9236428779974,3.9340498053928172,15.476747871311265,-54.38254629947887,-38.93189431151999,15.450651987958878,-46.994360005081035,0.15256584635724765,-0.309986111444323,938.4728575599479,-56.2892421731269,3.1263042776523586,9.773778436467435,-64.90061483010976,-52.510945356707005,12.389669473402755,-55.55885208441843,-0.9707610700386878,0.5155041964350642,1125.784843462538,3,1,1
-46.245794771881314,1.7564238777709282,3.0850248384038648,-49.98743865590723,-42.5037519819231,7.483686673984131,-46.08296535566831,-0.05810947588142639,-0.06326349613643334,924.9158954376262,-51.33086574734058,2.189169796394322,4.7924643974451575,-56.3663258049082,-48.07691759482527,8.289408210082932,-50.7238109153966,-0.7833969157320728,-0.11723244941136679,1026.6173149468118,-48.090530211192075,2.0571945381079826,4.2320493676213164,-52.16542613043036,-44.428792557503655,7.736633572926706,-47.88445215822719,-0.42404522148046125,-0.5928548717465008,961.8106042238414,-56.591257150334364,1.869395731510527,3.4946404009897782,-60.90571882102237,-52.589591382254305,8.316127438768063,-56.61132654083062,-0.3216312769937125,0.4598930628308264,1131.8251430066873,3,1,0
-46.54359650521975,3.863817073859554,14.929082380248607,-55.0499708189399,-40.39302902009968,14.656941798840215,-46.13940409336463,-0.391274250108807,-0.7123208297428878,930.8719301043949,-51.860083810255695,4.5887246848311065,21.056394233178334,-58.88058029730498,-43.508109781888486,15.372470515416495,-53.25535235550956,0.34652936644197163,-1.0526269892120923,1037.2016762051142,-47.94537747520656,5.28552920101194,27.93681893474992,-58.804037246694094,-37.85855618845177,20.945481058242322,-46.18945244548938,-0.19712206253609724,-0.6744836116287711,958.9075495041312,-56.26854627703388,4.225185489085318,17.852192417177136,-63.76731223154758,-48.2203074830791,15.547004748468481,-56.52332890757136,0.12637344173579781,-0.9990226231178378,1125.3709255406775,3,1,1
-46.63524406715506,5.167557671605937,26.703652289373373,-55.68806794289085,-38.44712282127786,17.240945121612988,-45.12004574818054,-0.45627180366280234,-0.9998039405362142,932.7048813431011,-51.49806481003075,4.112648271179197,16.91387580243324,-58.87802593154332,-43.71796792494019,15.16005800660313,-51.012458224493976,0.19732862942573123,-0.8632317258900306,1029.961296200615,-50.35694257132995,6.771968612409184,45.85955888745517,-63.04993009199111,-38.223508964108845,24.826421127882263,-51.010436702893614,0.052964907816121475,-0.7828518390844699,1007.1388514265991,-56.34521832771749,5.221121685997504,27.260111659993424,-64.95112960749509,-47.15856249095388,17.792567116541214,-57.85365548399284,0.5541737687312402,-0.8227926236269338,1126.9043665543497,3,1,1
-45.798221223496654,3.5775361691218253,12.798765041374864,-52.60632492000902,-38.1968057724075,14.409519147601522,-45.27699651083349,-0.04564658971589562,-0.6513205315134916,915.9644244699331,-50.97538267177677,3.873855891948027,15.006759471580441,-59.113538742847986,-43.92797876947362,15.185559973374367,-51.9742619376556,0.07803062737462237,-0.6509163057397038,1019.5076534355355,-49.55732578242778,4.734778432407784,22.418126803993907,-58.38326903905027,-39.41146120430769,18.971807834742577,-49.297907196740994,0.256853119838866,0.10729367778067811,991.1465156485556,-56.20215447944521,4.8112371290353755,23.14800271180856,-64.9897972268799,-47.84494787585484,17.14484935102506,-56.689958487756954,-0.04186317995334668,-0.9739590071171613,1124.0430895889044,3,1,1
-44.28430291042474,2.6063144275724137,6.792874895372118,-49.13467321714935,-40.38213432037383,8.752538896775519,-44.63610821450875,-0.4132379367936262,-0.6825605081314121,885.686058208495,-49.84997909421135,2.5025050662939186,6.26253160682673,-54.76019963103196,-46.173512350223696,8.586687280808263,-49.37109174820474,-0.5943295787245089,-0.5157962583926867,996.999581884227,-46.815846750563345,2.5574158263824787,6.540375709031577,-51.602526392499385,-42.374129328414135,9.22839706408525,-47.29606242050892,0.07710133376004415,-1.0158052059112999,936.3169350112669,-53.67595968199254,2.3603417387806744,5.571213123830178,-58.830527046946145,-49.344042202159095,9.48648484478705,-54.19840880301055,0.17659421528240057,-0.33478578145064297,1073.5191936398508,3,1,0
-46.66652672547933,4.101883271482332,16.825446372866594,-53.12215406412724,-38.919791924213726,14.202362139913511,-47.784133574061414,0.5057708750253922,-0.8627873440424532,933.3305345095865,-51.63017094980046,4.138414443526578,17.1264741063894,-58.471782092076175,-40.438930464411364,18.03285162766481,-51.588185712745,0.6699674618108965,0.8074540034615705,1032.6034189960092,-46.76213536190637,4.898208388077839,23.992445413036094,-56.89942000410722,-37.601794581603414,19.297625422503806,-46.991224316268045,-0.13242638000238094,-0.7625099287663688,935.2427072381273,-57.03691717704584,3.085042457678689,9.517486965680163,-63.80484101637236,-51.33532203982748,12.469518976544876,-57.13408690318753,0.025511626273334583,-0.19625540216088133,1140.7383435409167,3,1,1
-46.64477169034341,4.397406711260411,19.3371857842381,-54.93972830619963,-38.19762028180727,16.742108024392365,-46.69151380225857,0.13778662483540652,-0.7697079475571291,932.8954338068684,-52.23466130343496,3.5833012716349804,12.840048003300868,-60.3363506214568,-46.58634769303865,13.750002928418155,-51.478123509269494,-0.39095653567640065,-0.6717715759971732,1044.693226068699,-48.778434662182235,4.31475528237313,18.61711314676683,-56.81504115941097,-41.29559117701273,15.519449982398235,-48.52709579043746,0.05983339857103404,-0.6403130681054678,975.5686932436445,-57.327088403436434,4.523761103089638,20.46441451782678,-67.9194206838214,-50.29454388095441,17.624876802866993,-56.82119366449299,-0.5966776156010312,-0.340263807743463,1146.5417680687287,3,1,1
-47.610531669593016,2.6227697586891465,6.878921207094324,-54.424608335549046,-41.34199089363848,13.082617441910564,-47.78798180326295,-0.10426661214653245,1.3097754158864952,952.2106333918601,-52.755196385271425,2.1599343875600656,4.665316558564475,-56.192096155511834,-47.10293090045387,9.089165255057964,-53.245330966630746,0.7038012118595808,0.2459139983166092,1055.1039277054283,-50.85301667597009,2.560993885658527,6.558689682380359,-56.9462975628615,-47.11214918595819,9.834148376903315,-50.46938505274747,-0.7727295805258783,-0.08856093999559578,1017.0603335194016,-58.70301929369217,2.2751869438694503,5.176475629554009,-63.5093537735198,-53.85622379320723,9.65312998031257,-58.136750072714975,0.06906755078168968,-0.06863860979011616,1174.0603858738434,3,1,0
-44.5403133681459,4.37691796242103,19.157410849763856,-56.50488355237754,-36.772807120386624,19.73207643199092,-44.67460832912441,-0.6715605760281281,0.78779567077361,890.8062673629179,-51.42675858744896,3.8568516102179604,14.875304343240876,-56.341498492076965,-43.6622530518002,12.679245440276766,-52.58324710216938,0.5571679728965249,-0.9877722900008234,1028.535171748979,-48.37817457723036,3.666665201816208,13.444433702209892,-56.20153346418313,-42.54583564492442,13.655697819258705,-47.2003346736104,-0.3513286279212231,-0.7146281981388287,967.5634915446075,-55.26958235248743,3.485826510372817,12.150986460417933,-62.83442159417018,-49.69836992501491,13.136051669155272,-55.68683730121086,-0.0003935521854558242,-0.6553342415074321,1105.3916470497486,3,1,1
-46.80748905880961,3.813782068025062,14.544933662389516,-52.306187073984404,-39.33639300715456,12.969794066829841,-46.520839590374536,0.13818896403925987,-1.1152985719411925,936.149781176192,-51.740558035734225,5.549315447805976,30.79490193925804,-59.53113789362998,-41.35319798856062,18.17793990506936,-52.15295894740538,0.3917631424101622,-0.8268201108750266,1034.8111607146843,-49.77833286772517,3.231441293379513,10.442212832558258,-53.966484422134045,-42.57372367424276,11.392760747891288,-50.10911641406682,0.8350369451379513,-0.04616130804621177,995.5666573545034,-57.64172612843489,5.65136242433254,31.93789725115777,-66.40656906118929,-47.40813021328768,18.99843884790161,-58.92170690115835,0.39530694842229774,-1.0933188524029458,1152.834522568698,3,1,1
-49.641627091457735,2.457339499482821,6.038517415718482,-54.24548532544789,-44.902761671408626,9.342723654039261,-50.12926977732286,0.25944662426726683,-0.6370428611989336,992.8325418291549,-53.766012137387534,2.8172456020833723,7.936872782458103,-58.44878175441588,-47.81070197304591,10.638079781369974,-53.644876575968354,0.026018354139950586,-0.6839150997962657,1075.3202427477509,-52.24390174487779,2.919132512057827,8.52133462295304,-56.67864721563458,-46.59916454112845,10.079482674506124,-51.792267368468075,0.16478494665289786,-1.0859947992747834,1044.8780348975558,-60.15432409005133,2.290538977307275,5.246568806563857,-64.78814192926292,-53.76422527764114,11.023916651621782,-60.46389825999463,0.5670357232602609,1.3232781870114545,1203.0864818010264,3,1,0
-48.606728305995595,3.141561394817941,9.869407997410446,-53.94449215249505,-44.29734712804084,9.647145024454211,-48.460403230092126,-0.2411973197852113,-1.2147219648698635,972.1345661199118,-53.3596152927033,2.124519597251714,4.513583519106586,-56.167499777351246,-48.61603898840328,7.5514607889479635,-54.07131197414505,0.7523642491675891,-0.4762528891807909,1067.192305854066,-49.931477985846904,2.7780779525456727,7.717717110420357,-56.08185393216998,-45.5974867324128,10.48436719975718,-49.68765501678583,-0.41614237180146296,-0.6834774116530693,998.6295597169382,-59.09774125975385,2.411262745143767,5.814188026118256,-62.26905245820427,-53.59719462410763,8.671857834096642,-59.06123568944744,0.44813795359042125,-0.5958507171400558,1181.9548251950773,3,1,0
-46.099441216940676,4.329378157225054,18.743515228257397,-54.33964819205188,-35.3741352207992,18.965512971252686,-46.622900105341174,0.5689526714993178,0.2878511622947473,921.9888243388134,-50.47356934629592,3.6207368076516335,13.10973503028334,-57.059121766302574,-42.360636948844906,14.698484817457668,-50.159749060425135,0.07469571755447323,-0.42782009918567576,1009.4713869259183,-47.37547845261128,3.8829483150830257,15.077287617606109,-55.554796837986906,-39.267136561264785,16.28766027672212,-47.56980034291514,0.1355002123041297,-0.021766133195433746,947.5095690522257,-55.81938800007523,4.328503912652022,18.73594612184386,-61.92450908564963,-48.668828988700774,13.255680096948858,-55.46524776037192,-0.041339478620108255,-1.386634697387284,1116.3877600015046,3,1,1
-47.87302358229294,3.5108816937533054,12.326290267532078,-51.89354156429464,-36.30714190347875,15.586399660815886,-48.660156857654854,1.7079499412693961,3.3427394014682985,957.4604716458588,-52.74889311331107,4.0547399710034036,16.44091623245268,-59.62239578460435,-44.32461763531528,15.297778149289073,-53.11739362528314,0.30638787004633544,-0.7365382989517735,1054.9778622662216,-49.48679254817043,3.9432611844132746,15.549308768500381,-58.68348715603418,-40.411931151084566,18.271556004949616,-49.42066670247452,-0.027852212539535966,0.447380385191968,989.7358509634086,-58.299698518641854,4.416068265651086,19.50165892689059,-67.58031288601016,-50.82742611904574,16.752886766964423,-56.88134211208062,-0.7131656697236638,-0.2953412674188485,1165.9939703728369,3,1,1
-43.565821642335905,2.2368474236047695,5.003486396487294,-47.53015646551073,-37.63131449191929,9.898841973591438,-43.93028502953037,0.6132084331992899,0.5452728941342952,871.3164328467179,-49.36069618191345,1.8918055188910774,3.5789281213067383,-51.90349282564467,-45.472022429953796,6.431470395690873,-49.73203667493932,0.6003267776221703,-0.735482110747864,987.213923638269,-46.19353148786398,2.124780117775787,4.514690548895286,-49.65363063452536,-39.48330312722815,10.170327507297216,-46.4370827735289,1.2480726050739155,2.655823367677325,923.8706297572796,-54.22233763761873,3.0609070739480084,9.369152115344958,-58.87242395306059,-46.41697820145778,12.45544575160281,-54.2019558381937,0.6468689170953432,0.09664670379882256,1084.4467527523748,3,1,0
-46.726771295274155,2.4782679212047363,6.141811889272446,-50.46830088722649,-42.8657136427434,7.6025872444830895,-46.93996203632324,0.13368464341388875,-1.192048309246393,934.535425905483,-52.35337958446172,2.7072926193788778,7.329433326943345,-58.41006690227499,-46.94543426170206,11.46463264057293,-52.036742281943056,-0.31877310166916073,-0.27322426683809287,1047.0675916892344,-47.68196595114711,2.809771036357977,7.894813276756182,-54.17093130172649,-43.093697983915014,11.077233317811476,-48.00623228421634,-0.37201604961868423,-0.250520035559175,953.6393190229422,-57.67553895865984,3.008070031549094,9.048485314703768,-66.26553167364028,-52.529886995085405,13.735644678554877,-57.25125155413372,-0.9441164917527051,1.3072151760095654,1153.510779173197,3,1,0
-45.07743135497991,3.6981342059188456,13.676196604987009,-51.94944043974937,-38.63341029392287,13.316030145826495,-45.244271562822746,-0.035455448912455514,-1.0234603528391637,901.5486270995983,-52.79218374494421,3.70794613287574,13.748864524308155,-60.16093343608203,-48.17174796768372,11.989185468398311,-52.275365308307485,-0.5757712233718508,-0.7271888319973199,1055.8436748988843,-47.300034739108455,4.120404707467747,16.977734953322372,-54.41353663278987,-39.125680128864616,15.287856503925255,-47.04087282033503,0.25620070160865044,-0.7596458203822825,946.000694782169,-57.64284034348206,3.6417267675965017,13.262173849828864,-63.60058461899263,-50.35900798718241,13.241576631810219,-58.407029740288394,0.3017680890966055,-0.7702685662883,1152.8568068696409,3,1,1
-45.90716076766599,3.8811213495128487,15.063102929644435,-54.60105157588595,-37.498353158415426,17.10269841747052,-45.53084973335754,-0.06378500573746555,-0.190998740448999,918.1432153533198,-52.897150329081434,3.5096390435336544,12.317566215895825,-59.4205736485497,-46.237314583957634,13.183259064592065,-53.44811280876199,0.4407590988394584,-0.40290992065574427,1057.9430065816287,-48.806937292792036,3.8774480589269054,15.034603449676027,-56.726653190520544,-40.99148981115608,15.735163379364465,-47.79461192433979,-0.28215452517830003,-0.4661505616457524,976.1387458558406,-58.89470606308856,4.889212192728166,23.904395865521764,-68.78473541941618,-49.55186210624599,19.232873313170188,-57.84307497190429,-0.24855625683997126,-0.5690055357430968,1177.894121261771,3,1,1
-47.17614108787491,3.445170927725519,11.869202721245115,-54.79805820951508,-39.55480623386248,15.243251975652598,-47.186528612350976,-0.11598282703353625,0.105116494396158,943.5228217574981,-51.97215386586991,3.810798884589186,14.522188138786186,-59.58711818340268,-44.327001010546404,15.260117172856276,-52.22346879662993,0.2100975973110601,-0.3853994315739384,1039.443077317398,-49.972847797404015,3.938721714469714,15.513528744035245,-58.257323337112965,-42.56646724603073,15.690856091082232,-49.74029388363585,0.13896470069766065,-0.2057700364919901,999.4569559480802,-56.36635283308016,4.8689663590363965,23.706833405428146,-63.912086312581444,-43.72949704723111,20.18258926535033,-56.86401470749969,0.6032682212870136,0.32584465048349776,1127.327056661603,3,1,1
-49.30539483950673,3.5036431587899046,12.275515384135302,-55.59699237604133,-42.141148621869284,13.455843754172044,-48.92448682028065,0.04784642604669593,-0.7063820503234259,986.1078967901346,-53.605885507087805,3.513153111336668,12.342244783694511,-61.240181198457556,-46.45624212726874,14.783939071188819,-53.23697533388983,-0.17164059784030417,-0.39445214984138266,1072.1177101417559,-50.67192310911226,4.757444890364497,22.63328188485526,-59.28501788236061,-43.36693920667648,15.918078675684136,-50.17586933628458,-0.12235691863821553,-1.0774097483969238,1013.438462182245,-57.66147563758015,4.9338417850386955,24.34279475979382,-66.26397530135682,-47.26617862830167,18.997796673055156,-58.1448555672866,0.31716249378366723,-0.47167806588253747,1153.2295127516031,3,1,1
-47.03009192047254,3.5604316239627836,12.676673348914266,-52.287289191101394,-40.49110912213539,11.796180068966002,-47.04273123035365,0.17672913126616324,-1.089670932973489,940.6018384094508,-52.19940348477627,2.186734016615291,4.781805659422442,-55.83967210205317,-47.83442994641506,8.005242155638115,-52.375602248668834,0.18415225301952248,-0.7546520420839693,1043.9880696955256,-49.193646828167566,3.2063985757654447,10.280991826670673,-56.69049553453579,-44.213516737501706,12.476978797034086,-49.18057075980737,-0.45090177429046246,-0.288785044013121,983.8729365633513,-56.205535475705254,2.6371885949832543,6.954763685509752,-62.02087506187608,-51.24532327504397,10.77555178683211,-56.331822752845724,0.03941290359138709,-0.17583101398528944,1124.110709514105,3,1,0
-44.281227156440366,6.028078324944257,36.33772829166276,-60.0776717996396,-35.64359154997776,24.434080249661847,-43.20421464901763,-0.9030568525181744,0.6138517733502318,885.6245431288072,-48.756593760118264,3.2989264603578676,10.882915790849289,-52.298218720236164,-40.269116988453405,12.02910173178276,-50.15829890801497,0.9461686320345036,-0.00256417113394658,975.1318752023652,-46.74807660730653,3.4165772898418116,11.673000377462818,-54.31084508332015,-39.73278814244148,14.578056940878675,-46.60920182522848,-0.31135284402595853,-0.1331031502969342,934.9615321461306,-55.07795836552559,3.7617221613164906,14.150553618939611,-65.26022423896616,-48.197708733203385,17.062515505762775,-54.59028880843436,-0.6876631069969303,0.7224887717502764,1101.5591673105118,3,1,1
-43.88016990693813,4.936141594450059,24.36549384045997,-52.122164281269136,-35.40845157425633,16.713712707012803,-42.17385212561442,-0.23312536839434223,-1.1271134057457224,877.6033981387627,-50.629535617174014,3.815160091188866,14.555446521400237,-58.08296065210687,-44.378981304511285,13.703979347595585,-50.33565791240496,-0.12016356038753148,-0.8818064833311499,1012.5907123434803,-46.02294122086825,4.9286700994701755,24.29178894941135,-55.92740571818091,-34.57783306754768,21.349572650633228,-46.23903344725903,0.2296636664271959,-0.08306210173197082,920.4588244173649,-55.70655144160484,4.7177334223515315,22.257008644372696,-63.01187237592468,-47.27071692321165,15.74115545271303,-55.657069406017044,0.12903001952538248,-1.0790489752583097,1114.1310288320965,3,1,1
-46.34523524431406,2.5257661896212036,6.379494844633614,-50.26847162144821,-41.49224187134246,8.776229750105749,-46.746928409087694,0.3304627366073888,-0.9695975218259294,926.9047048862813,-51.92972265404931,2.069731044581416,4.283786596904078,-57.378552305774605,-49.09144117182099,8.287111133953616,-51.77864087603344,-0.822413002696513,0.3129889171951712,1038.594453080986,-47.40913561190648,2.1928943081195746,4.8087854465832285,-52.906672717024186,-43.666791269183705,9.239881447840482,-46.9773088165297,-0.5189996247974817,0.05332584533561313,948.1827122381296,-56.75434666435897,1.5902967153868603,2.5290436429702368,-60.42065696280585,-54.75293000129851,5.667726961507341,-56.2068271216298,-0.6245007884690209,-0.5691983312335065,1135.0869332871794,3,1,0
-42.6136221497727,2.223528873607253,4.944080651765139,-45.57999846584689,-38.51699878792018,7.062999677926712,-42.64953762992205,0.3786637180607628,-1.084805130118126,852.2724429954541,-49.07646406357216,2.6847568473074874,7.20791932916444,-55.286418964417265,-44.255796922581574,11.030622041835692,-48.39666159594675,-0.4666773632723476,-0.06040505758318204,981.5292812714431,-45.55453569173093,3.343701081621158,11.180336923234503,-52.29387753475444,-39.48139168343821,12.812485851316225,-45.39835920617527,-0.04320815686607,-0.7272780234580631,911.0907138346187,-53.585324345870404,2.5816318350439045,6.664822931712157,-58.106109619124815,-48.07452798401415,10.031581635110662,-53.55718477453449,0.3333497937407511,-0.3005554815623461,1071.706486917408,3,1,0
-43.41130962522273,1.947617048486957,3.7932121675570456,-49.06519380475672,-39.83225498836132,9.232938816395396,-43.40422611515642,-0.7388265579509004,1.5114516610576407,868.2261925044545,-49.01134644747226,1.9209946464461887,3.6902204316749176,-52.89275421983873,-45.87140114620905,7.021353073629676,-48.53455730527571,-0.3508247709046088,-0.9249707139798891,980.2269289494453,-45.54372393172333,2.4025558213804685,5.772274474849177,-50.18400968720437,-41.09198375587384,9.092025931330532,-45.53229406465574,-0.04507026649281675,-0.6596558851628238,910.8744786344665,-53.40378735503367,2.4692713713025065,6.09730110513416,-58.3487072244516,-48.59562667901389,9.753080545437712,-53.349478627656424,-0.2340027580748504,-0.5194779167205539,1068.0757471006734,3,1,0
-48.83705951473158,4.293827947148099,18.43695843971006,-56.195096386330285,-39.65659645159211,16.538499934738176,-47.8757311100603,-0.02732881368417701,-0.6195086893907171,976.7411902946317,-51.50471650767905,4.2813942023479905,18.330336315898986,-59.57593133023985,-42.49110019101253,17.08483113922732,-52.20078612961602,0.4261929226567119,-0.3204532218657534,1030.094330153581,-49.404234997514656,4.382644415758811,19.20757207498189,-61.66948251398036,-43.03851823099749,18.630964282982873,-48.50642442365563,-1.0422855550407348,1.068243494846456,988.0846999502932,-57.08202220568588,3.6453221603464194,13.288373652712687,-63.36892162571721,-50.93758617261692,12.431335453100296,-57.436075981962,0.14254527847742252,-1.0486183776499232,1141.6404441137176,3,1,1
-47.19297168191303,4.432847919991827,19.650140681775873,-57.981968950217464,-39.09206947500355,18.889899475213916,-48.30462281131395,-0.03207633159503837,0.3649050632834978,943.8594336382606,-53.72167127701198,4.027015677689933,16.216855268360508,-63.00365043693748,-48.60575727381944,14.397893163118034,-53.08770221929266,-0.6489358969884423,-0.4847498560790662,1074.4334255402393,-49.50319383698176,3.719607146163454,13.835477321790236,-55.49613059137299,-40.56724794833268,14.92888264304031,-49.92988731188552,0.5326922628480991,0.0017804818364650643,990.0638767396349,-56.79519011226694,3.988417203987268,15.907471793061617,-62.56224050430931,-48.544373366518606,14.017867137790702,-56.73077271483339,0.44280335977975543,-0.5593219783084695,1135.903802245339,3,1,1
-49.52979927223787,2.552641442932091,6.5159783361744275,-54.04973575754025,-44.04791805015118,10.001817707389066,-50.0662290235766,0.3351577341006179,-0.5336581478821985,990.5959854447575,-53.766761833132776,2.8111526064787005,7.902578976911991,-59.280120779934194,-47.08096670754682,12.199154072387373,-53.77090106491917,0.3980528763503149,0.019662837542054667,1075.3352366626555,-52.30522733469568,2.52208437428533,6.360909591014225,-57.251225386694585,-47.39559451431279,9.855630872381795,-52.693443930993034,0.02352521380420623,-0.6943739399478344,1046.1045466939136,-60.50321498227993,2.3849358964587566,5.687919230217534,-66.73444334166571,-57.409277774448704,9.325165567217006,-60.18576887992529,-0.8721592757596256,0.4973228085354049,1210.0642996455988,3,1,0
-46.97855285304364,4.7358299020942205,22.428084861569754,-59.00706977179675,-37.16808864266768,21.838981129129067,-47.0327833087218,-0.2232866099176023,0.5617542046623734,939.5710570608728,-52.71331598217597,4.981457972054976,24.81492352735007,-61.972033123359566,-42.525517159572054,19.446515963787512,-52.67850384347843,0.07971740130398197,-0.3540275467536933,1054.2663196435194,-49.70986149808324,4.248480270418862,18.049584608138332,-58.688470679642805,-40.88883660563649,17.799634074006313,-50.328264089002666,0.35675896399429685,0.042275576164640505,994.197229961665,-57.5212025541735,5.004875636942809,25.048780141263684,-70.04049864267266,-48.46676734076566,21.573731301907003,-56.634276342708084,-0.5392372372870229,0.23796027751343374,1150.4240510834702,3,1,1
-44.619218008350806,4.759653770041565,22.654304010670884,-52.21693175685933,-33.56783971877698,18.64909203808235,-46.225826675652904,0.8073575845677256,0.060604590235236344,892.3843601670162,-49.373466659917625,4.04017576659794,16.323020225005255,-60.467124320642306,-41.48007720031832,18.987047120323986,-48.684241879003494,-0.6995602014398812,0.9910951283699156,987.4693331983524,-47.133422749713915,3.25928760128693,10.62295566790271,-53.13157305655257,-42.14137560976818,10.990197446784386,-46.875691196340455,-0.21499657162228408,-0.9929331158591026,942.6684549942781,-55.76574075045611,4.655710700426736,21.67564212606801,-64.95149956853757,-48.49213459411853,16.45936497441904,-55.055479722612375,-0.21602903698656706,-0.919611560406755,1115.314815009122,3,1,1
-42.160073447198116,5.031692385542613,25.317928262727516,-52.94916990307512,-34.37028671924101,18.578883183834115,-41.431024481939346,-0.5234138139616094,-0.5541919316539246,843.2014689439625,-49.075502994926566,3.4204965910143077,11.699796929140499,-54.42800198096313,-40.25275435549688,14.175247625466248,-49.07902512609911,0.6441292183122712,0.3032744952457618,981.5100598985314,-45.80063864765429,3.9627418027846426,15.703322595536878,-51.001638169422385,-37.63818419768361,13.363453971738778,-46.65419329877276,0.45674054681702986,-0.9288661781392493,916.0127729530859,-53.615054840428115,4.193455815566065,17.585071677104846,-61.61887571684977,-46.33384690605979,15.285028810789981,-53.41873231395693,0.14096771421305473,-0.8761920064635222,1072.3010968085623,3,1,1
-43.31469799681409,4.643497128015805,21.56206557789103,-53.78242739437179,-34.70505486985697,19.077372524514814,-42.77589825343925,-0.43219461556528604,-0.14780096978995294,866.2939599362819,-49.060357634168355,3.886431807574177,15.104352194924285,-57.172266237473664,-40.93269623758309,16.239569999890577,-49.94194639520224,0.4057881780076146,-0.09524718995796944,981.207152683367,-45.7972466746621,4.030733882423445,16.24681563091638,-53.306778029952866,-39.29680443691837,14.009973593034495,-45.62558179354211,-0.0720399771010784,-1.1517361898536898,915.944933493242,-56.57064173701216,4.08335415892187,16.673781187184538,-65.82469384058261,-51.06078620405259,14.763907636530021,-55.856179766077744,-0.5888515153375445,-0.5581844325237806,1131.412834740243,3,1,1
-47.187192447693114,4.684076856560829,21.94057599816877,-57.47682660230653,-39.17420764494443,18.3026189573621,-45.78401403757449,-0.26637928570568453,-0.7129607474693409,943.7438489538623,-52.26883305377095,5.6540138721597835,31.967872866575266,-61.413560521226806,-36.59032178741038,24.823238733816424,-52.548611387231105,0.7593645830031871,0.8161229190722872,1045.376661075419,-47.66227217663923,3.1654159583705095,10.019858189506692,-53.39809765901569,-41.99393029348142,11.40416736553427,-48.508681482751115,0.4298210044744259,-0.6670824994072793,953.2454435327846,-56.19336525877308,4.375881124924603,19.148335619471407,-62.51297213633393,-44.47174380316936,18.041228333164568,-56.40632484751414,0.8340392657188171,0.6046478209952588,1123.8673051754615,3,1,1
-46.9777191527345,4.648189291432684,21.605663688989477,-56.003079576568325,-37.22338224208151,18.779697334486812,-48.40625000506917,0.26227770767426317,-0.5321772897142445,939.5543830546901,-51.99344599368205,3.5915093144343047,12.898939155668367,-58.72869242969652,-43.76540458498019,14.963287844716334,-52.30471672543146,0.24264333908332927,-0.027135784968475463,1039.8689198736408,-48.90341728774935,4.5311852046296055,20.53163935865424,-56.87641235155502,-41.89984123379302,14.976571117762,-49.93207810869718,0.07917318602178812,-1.0036503985620986,978.0683457549869,-56.58529133714838,3.952342618619692,15.621012174957565,-66.81347510716735,-49.66675717052649,17.14671793664086,-56.04967806192681,-0.8331079537918319,0.8689643483412559,1131.7058267429675,3,1,1
-47.93358816921495,4.387227462544532,19.247764808104932,-55.4532850115586,-40.034650827976265,15.418634183582334,-48.21918549309872,0.024584044467667605,-1.0688956931248872,958.671763384299,-55.09247778982147,4.125292488366532,17.018038114573333,-60.638501965581895,-43.76102193460831,16.877480030973587,-56.05652207146043,0.8582949396482967,0.6420916040426752,1101.8495557964297,-48.0910366981465,4.714029605770768,22.2220751240833,-59.271703968543804,-40.074570099419255,19.19713386912455,-48.10557182368309,-0.3988009203878294,-0.07131003883887965,961.82073396293,-58.03157359333212,4.2658381874852545,18.19737544180748,-66.38580749257056,-49.964997938575145,16.42080955399542,-58.628993777726976,0.09358938084292619,-0.7063678534686142,1160.6314718666426,3,1,1
-49.36095052447454,5.280646821654299,27.88523085504765,-57.21721756960517,-37.724076139068735,19.493141430536433,-49.01791539721984,0.3202655442317119,-0.5440283793058831,987.2190104894908,-53.30252587058734,4.2060320624435015,17.690705710302733,-59.080900476780315,-42.706312685348074,16.37458779143224,-54.18792482576231,0.6807971837688594,-0.016354599067759157,1066.0505174117468,-50.61002760075676,3.388452512434724,11.481610429025194,-57.34664751782439,-44.36910182658727,12.977545691237118,-50.60646317598746,-0.142247298654716,-0.5403607532167372,1012.200552015135,-58.95513004084604,5.883863116073537,34.619845168690595,-69.20327197492105,-47.22073534594292,21.98253662897813,-57.088595224601946,0.015393469581594122,-0.7546759851773897,1179.102600816921,3,1,1
-49.40564339145756,3.7764768752853914,14.261777589565312,-59.40013579443363,-42.7130232784541,16.68711251597953,-48.53957973824399,-0.8283840619288746,0.5527305382674568,988.1128678291512,-54.33808364270251,2.7524941626989348,7.57622411569171,-59.43944589436832,-48.01347646742469,11.425969426943631,-54.55680876584063,0.1540092283736073,-0.054884412883196454,1086.7616728540502,-50.71154226395858,5.0245573687881295,25.24617675224309,-61.68676308171212,-40.90821584156116,20.778547240150964,-50.830072321613684,-0.19017396505111092,-0.46615302756756405,1014.2308452791716,-59.01884807856197,3.0193717226761825,9.116605599696538,-62.930962374465466,-52.76861427181555,10.162348102649915,-60.106437306048065,0.6643874072994677,-0.7763253419562601,1180.376961571239,3,1,1
-48.46749304992583,4.1244469937888795,17.011063004574122,-58.816425946253005,-39.31175445352566,19.504671492727347,-48.595467574581534,-0.19937246387315943,0.8468278843895489,969.3498609985165,-52.19298802367666,3.6337805680473183,13.204361216718292,-60.28986674776637,-45.52484111951008,14.76502562825629,-52.740377828347704,0.0007116277669463268,-0.48759001076353625,1043.8597604735332,-49.657885180628945,3.2541143672090187,10.589260314876151,-55.866890421450684,-44.41213932256558,11.454751098885104,-49.59069874953346,-0.1665129684837714,-0.81245996105699,993.157703612579,-57.690572797416294,3.7912884053448757,14.37386777250249,-63.38818676673101,-50.77684918796495,12.611337578766062,-58.442114127137316,0.1547251724236786,-1.0097957903128916,1153.811455948326,3,1,1
-48.6241517152784,5.277975137954816,27.857021556869164,-56.503365610982016,-36.93467457001767,19.568691040964346,-49.11748445102603,0.4234028729438263,-0.5481452678481276,972.4830343055678,-53.15443875502285,4.4013583162640275,19.371955028146512,-62.48712991731716,-44.54530526499135,17.941824652325813,-53.46461422490107,-0.265626685168226,-0.09849238851794784,1063.088775100457,-49.46903441297761,5.131621870302549,26.333543019767433,-61.323754497755154,-40.66048062580453,20.663273871950622,-49.23945509211113,-0.4084904730057264,-0.1473119110090937,989.380688259552,-55.85664979527269,3.9155543297303765,15.331565709070299,-65.1468359837268,-48.485996406097804,16.660839577628998,-55.19123068037846,-0.45378001336821144,-0.03991223680367595,1117.1329959054538,3,1,1
-48.23734373173207,2.0174363829462654,4.07004955923531,-51.735931859578706,-45.34084840779801,6.3950834517806925,-48.42861393215556,-0.020863751184075383,-1.2881078477847527,964.7468746346414,-53.97783342062421,2.4230013913538664,5.870935742502772,-59.31567933439145,-47.68453332066834,11.631146013723104,-53.68434355578536,0.17818857999957918,1.0586619807935174,1079.5566684124844,-49.6809046390103,2.246746631585583,5.047870426541163,-54.741469227981966,-44.67516719515475,10.066302032827217,-49.43933857060726,-0.1744636975535649,0.12189939856666765,993.6180927802059,-58.892300331393834,2.3560014593255723,5.550742876344225,-63.99816215648795,-54.732101607162576,9.266060549325374,-59.03711154526364,-0.1465551706962791,-0.6440344479405513,1177.8460066278767,3,1,0
-47.03561395394943,2.862005425361031,8.191075054795977,-51.12951799467697,-41.53990165736319,9.589616337313778,-47.560686211725425,0.2887484483486374,-1.1043073726709784,940.7122790789886,-52.22474372284158,2.920702864563395,8.53050522306882,-57.85351758919657,-46.95290170537194,10.900615883824628,-52.499408913608605,0.06236288957488043,-1.035920983023408,1044.4948744568317,-47.89065015696182,2.0700938102231476,4.285288383124189,-51.39766537379908,-44.3970079357545,7.000657438044577,-48.148387905120366,0.0279942918383304,-1.0951219205304168,957.8130031392362,-57.37202965080854,2.203523111184965,4.855514101526267,-62.95485885456129,-54.039316556180765,8.915542298380522,-57.282204674712425,-0.526961842129515,0.08997311085431337,1147.4405930161706,3,1,0
-46.05304192862017,4.77283735578264,22.779976424754224,-55.13292037704507,-36.838855677323934,18.294064699721133,-47.13073418554156,0.31397383771118625,-0.5417336301868403,921.0608385724033,-52.30144264251155,4.079810269562141,16.644851835624706,-59.358907928417196,-45.90238423469921,13.456523693717983,-51.79162382614426,-0.2214105531289535,-0.9883438727233029,1046.0288528502308,-48.60783396562114,3.7475026855705496,14.043776378358482,-59.20149200415756,-43.824052883549584,15.377439120607974,-48.0703242010298,-0.9750717860650678,0.891767717706804,972.156679312423,-57.234681147371,4.149981693162026,17.222348053579953,-64.63010759818862,-47.98172620116472,16.648381397023897,-58.28967784935948,0.20629769758500446,-0.5086885335994693,1144.6936229474197,3,1,1
-46.520608164081814,4.738979397733654,22.457925732144023,-56.49952993870924,-37.954018764402846,18.54551117430639,-46.69692545475658,-0.1777213537759878,-0.34382162018808815,930.4121632816364,-51.2553177025498,4.018099672514168,16.145124978258465,-57.45196912287055,-39.88698605330736,17.56498306956319,-51.656613803310265,0.9368018369580574,1.0379570211361804,1025.106354050996,-47.627630402865485,3.952104218697335,15.619127755445273,-54.943975428176095,-36.05708955681448,18.886885871361613,-48.16419528656328,0.9432493230430644,1.6461219711361554,952.5526080573097,-55.76748713955338,2.856819918722021,8.161420048006894,-60.17281202856611,-49.93423257077624,10.238579457789875,-56.88480708078626,0.3748907179899414,-0.9542952246025598,1115.3497427910677,3,1,1
-45.54741156837115,3.556768080512986,12.650599178556032,-52.86032110655864,-38.74775504196473,14.112566064593906,-44.84846600833752,-0.3186406392097498,-0.48950679940845143,910.9482313674231,-51.39294392925781,2.9554024428124874,8.734403598982018,-57.33201480019634,-46.28841736851438,11.04359743168196,-51.7772868985329,-0.29024007433289806,-0.5034681550638767,1027.8588785851562,-48.41174980029029,2.7666527149743416,7.654367245274896,-52.64301463291438,-43.30269609227188,9.3403185406425,-49.126010730009654,0.38744049567096667,-0.948100339928561,968.2349960058059,-56.89728041074268,2.1165336735486115,4.47971479126518,-59.71648811791228,-50.950949242081975,8.765538875830302,-57.685061180618916,1.2103972762076227,0.9905275010547676,1137.9456082148536,3,1,0
-45.0578705869426,3.2193938790337193,10.364496948359777,-49.79085747161782,-39.2300196661139,10.560837805503922,-45.53656410230945,0.2860583073432227,-0.9877071325501139,901.157411738852,-50.54690034163771,2.1022919913857256,4.41963161704456,-54.639595945196994,-46.63246434023536,8.007131604961636,-50.02913034677828,-0.31542278942706925,-0.630694738749864,1010.9380068327544,-46.8834495737056,2.240060967956935,5.017873140164161,-52.60011743055469,-42.42436696403567,10.17575046651902,-46.63972676716976,-0.5787074684181807,0.576613867542457,937.6689914741117,-54.698712433726826,2.5728216186779758,6.619411081536759,-59.4541888971081,-49.32319190949771,10.130996987610388,-54.44031005926992,-0.05594524901829659,-0.5213815799725752,1093.9742486745367,3,1,0
-46.27282591833211,4.965503241776457,24.656222444092496,-56.38142366707076,-32.809481335277496,23.571942331793267,-45.81139364006013,0.37103078477957036,1.0718349498745523,925.4565183666422,-52.49962800732777,4.48172448545147,20.08585436349524,-62.85639215597594,-44.87005303431757,17.986339121658368,-52.20978509664726,-0.4065527101354475,0.15757718476131322,1049.9925601465552,-49.655689972548515,5.683566487254541,32.30292801504292,-58.70485874179248,-37.51295345238574,21.19190528940674,-50.634953572703154,0.5231626829887397,-0.6543531787898393,993.1137994509702,-57.52358726950662,3.204563976841503,10.269230281670229,-62.0324802444442,-51.234311509151105,10.798168735293096,-57.88338848591201,0.20128311085434858,-1.100045981689524,1150.4717453901321,3,1,1
-44.970376017487254,5.021237149024215,25.21282250674083,-55.095542863686966,-30.0,25.095542863686966,-44.30327106951949,0.7595765270219809,2.0445708050352804,899.4075203497453,-52.2034846462857,4.011019757309252,16.088279493525167,-58.74687174775535,-44.47878735446808,14.268084393287268,-52.76079524612026,0.3108084047712089,-0.9454668450659898,1044.0696929257142,-48.70472411818515,4.460631499835307,19.897233377322976,-58.14706195921729,-41.53473500520745,16.612326954009838,-48.58015943850721,-0.39031006012745834,-0.48305174154140573,974.094482363703,-55.67356676732224,3.315871205725024,10.995001852956324,-62.93333638543751,-48.81690683629729,14.116429549140214,-55.58348930714678,0.0192610388740436,0.03661874637557405,1113.471335346445,3,1,1
-44.02487350477898,2.1886165383342324,4.790042351870119,-48.450984321831584,-39.75358920033286,8.697395121498722,-43.949485072392676,0.05573566778577708,-0.38951177506695434,880.4974700955795,-49.53204777806229,2.705334218975777,7.318833236361279,-55.12596586478627,-45.273568370882884,9.852397493903382,-49.76625947346699,-0.3922833004614983,-0.5943195285367047,990.6409555612457,-46.07557005609378,1.9624349283026123,3.851150847822079,-49.27176588961976,-41.73948989365644,7.532275995963317,-46.37429289006869,0.27435816459696566,-0.5954782274286341,921.5114011218755,-54.67385640869909,2.7825389774643794,7.7425231611085135,-60.66283536062576,-48.823764172466,11.839071188159764,-54.59918518373236,-0.11632292231344663,-0.12129600000818996,1093.4771281739818,3,1,0
-45.08906915165332,2.1601641001056597,4.666308939385296,-49.58968860683047,-42.34376881826317,7.245919788567299,-44.34935741754039,-0.6346012879213455,-0.8233587409875773,901.7813830330664,-50.47053413024762,2.7317439832028834,7.462425189765154,-54.82765193895227,-43.01002161272538,11.81763032622689,-50.77348470231241,0.967234167092726,0.7511597812360247,1009.4106826049525,-46.791291707967275,2.710798693016847,7.3484295540618465,-53.24876169700729,-41.50486010086119,11.743901596146102,-47.10289081056224,-0.6529950661226204,1.2653055098006654,935.8258341593455,-55.303049366367645,2.795470177617342,7.814653513947933,-60.534127428536124,-49.451045807139714,11.08308162139641,-54.51994856288576,-0.21443062548650432,-0.40025580942259786,1106.060987327353,3,1,0
-45.876220912309094,4.700524449463258,22.094930100001868,-56.69101576281163,-36.905724299844806,19.785291462966825,-45.33389797353047,-0.25756781519420074,-0.24698464740312165,917.5244182461818,-51.266167390207116,4.129546409691094,17.053153549792604,-57.490723212037125,-41.55373495763556,15.936988254401562,-52.09607648920246,0.9668494814733627,0.5694314110608842,1025.3233478041423,-46.83223759488908,3.584984128497619,12.852111201579834,-54.85771376194276,-40.967169658169325,13.890544103773436,-47.44944887774194,-0.31656646901153845,-0.40042010384941173,936.6447518977814,-54.466576963900636,2.7910188871915507,7.789786428659961,-59.6021539044646,-50.372611685461486,9.229542219003115,-54.1232397703527,-0.20067410570568306,-0.9930429253656499,1089.331539278013,3,1,1
-45.76789965307943,3.9880209869558625,15.90431139240041,-51.3680424522375,-37.02604374752946,14.341998704708047,-45.425101041619655,0.28553732135806287,-0.7438454760077513,915.3579930615887,-51.67839325140784,4.2068876816417236,17.69790396594888,-58.501726946043505,-40.694001676888206,17.8077252691553,-51.74772669542285,0.5311694370637143,0.2755112332485483,1033.567865028157,-46.62774621524336,4.754758617463751,22.6077295103458,-55.1370047457143,-35.81112347817889,19.325881267535408,-47.373417425359854,0.27457273709281993,-0.3017426260234779,932.5549243048673,-57.260069301475404,3.6075690574987087,13.014554504622122,-64.53928613869151,-47.639633924132575,16.899652214558934,-57.96553577054756,0.5227868922741175,0.7986791199022427,1145.201386029508,3,1,1
-48.78743930318754,2.97733675978942,8.864534181193362,-52.93489127075333,-40.49798632346467,12.43690494728866,-49.11239921630917,0.9398364854256548,0.9815850808764379,975.7487860637507,-54.99206618577482,2.51723534989962,6.336473806784262,-59.250957369617566,-51.46821494792729,7.78274242169028,-54.98445162898556,-0.04621571723070719,-1.358630441610916,1099.8413237154964,-50.67899889988506,3.0317879057259574,9.191737905306187,-54.740015707698646,-44.07835485463433,10.661660853064319,-50.94652887850421,0.6275712038666859,-0.3173819219831202,1013.5799779977012,-59.4190160403301,3.282691658176708,10.776064522662946,-65.47937244104442,-49.013778609862406,16.465593831182012,-59.57083064540592,1.1163176123508611,2.99151465530987,1188.3803208066017,3,1,0
-46.35802487959821,4.81359166997595,23.170664765261854,-54.78148392972354,-34.18239959982534,20.599084329898204,-47.77155384419315,0.9973026633958664,0.8924945125070316,927.1604975919643,-51.639325752570265,4.7441454585510305,22.50691613189037,-64.63546909626773,-43.107203399317704,21.528265696950022,-51.074717441886904,-0.5713487033965685,0.979820149834107,1032.786515051405,-49.5460239398961,3.442773461084826,11.852689104349993,-56.43934273472128,-44.58803686516172,11.85130586955956,-49.80571969728149,-0.17968811744552715,-1.0844931650040768,990.9204787979222,-56.789233824614044,5.272335291526969,27.79751942628077,-67.07934482798436,-47.194589423251436,19.88475540473292,-56.15025824509365,-0.23509789798632402,-0.7306850257988091,1135.7846764922808,3,1,1
-43.88505160999613,1.9569613454043442,3.829697707406781,-48.81285413494767,-40.391322246462416,8.421531888485255,-43.946255234613616,-0.4857439921391289,0.09696103027759984,877.7010321999226,-49.118282084665815,1.9034281100208625,3.623038570017593,-52.26975565196936,-44.47424198184399,7.7955136701253736,-49.37707660950814,0.657193251856825,0.06189094915972637,982.3656416933163,-45.5988459495968,2.6263471492179407,6.897699348205203,-50.93368417195186,-40.95397005862536,9.979714113326501,-45.57879348384615,-0.20966612538113918,-0.6422946995652383,911.9769189919359,-53.60742320467333,1.7408346636768892,3.030505326259028,-58.81133454893925,-51.62051581725563,7.1908187316836205,-53.18691102525371,-1.3265662644171692,1.689170616177332,1072.1484640934666,3,1,0
-44.10818942985748,4.292843237010599,18.428503057547637,-52.03027984907372,-36.76567640336125,15.264603445712474,-43.4983381402013,-0.1340809331418562,-0.9546489757788592,882.1637885971496,-51.11543280617868,3.7765570696648774,14.262383300435767,-58.15756226246172,-44.21074042713882,13.946821835322893,-50.75188312085447,-0.1186325201041143,-0.5578775232929116,1022.3086561235739,-46.45590779005414,3.86593137621898,14.945425405634378,-52.25338830882817,-38.7413756620891,13.512012646739073,-46.99655940769979,0.21576759199268014,-0.864229994898221,929.1181558010828,-54.66109944318365,4.393584078940856,19.303581058722575,-65.52623224257435,-46.43588805446689,19.09034418810746,-54.26432436253354,-0.4190168912759808,0.21931886331546213,1093.2219888636728,3,1,1
-46.070157043267784,4.539180912261042,20.604163354234984,-53.86226993665539,-34.73244251602018,19.12982742063521,-46.56665337458622,0.6129772189931187,0.13511457134922633,921.4031408653557,-50.05672801654837,5.278258700996597,27.86001491464628,-58.190447631880886,-37.681414060487064,20.50903357139382,-50.949726326011245,0.4800761283942677,-0.47676734096267115,1001.1345603309676,-47.308535036885345,4.5295928671753805,20.517211542366088,-55.3525192884106,-36.89434889186234,18.458170396548255,-47.358104973370125,0.36853574034337083,0.08109047513052348,946.1707007377069,-56.320284840705256,3.685449430728107,13.58253750645413,-63.01318113351296,-49.511623725839875,13.501557407673083,-56.504515525221265,0.032603774866942804,-0.8793787825162527,1126.405696814105,3,1,1
-46.49449639527491,3.8178453023905465,14.575942752985565,-54.14940139494924,-39.64162946177581,14.50777193317343,-47.79158068568158,0.13710477855831113,-0.7657157188643682,929.889927905498,-51.12855634885902,4.66476483128336,21.76003093117808,-57.958579737787595,-40.677352434010984,17.28122730377661,-52.934500880341155,0.7932639897587811,-0.3291620579175776,1022.5711269771805,-47.10534367216907,4.1103528267249505,16.89500036016579,-54.54294603252292,-37.40525842845293,17.13768760406999,-46.67989918040533,0.33664556762231707,0.04626628145426226,942.1068734433815,-54.9948444085421,5.094313300747031,25.952028006168113,-65.4465428775445,-43.01959982812298,22.426943049421524,-54.952787293199236,0.0702444622244699,0.023528392118953967,1099.8968881708422,3,1,1
-49.675635172605325,2.419736335257771,5.855123932166708,-53.00443295737531,-42.60428550886802,10.40014744850729,-50.607102133720446,1.1204014541054141,1.219955733088522,993.5127034521066,-54.83039788527152,1.9712788735075126,3.8859403971370483,-57.725409770488994,-51.65724321347523,6.068166557013761,-54.50466612648161,0.09950506374169348,-1.4370325217956146,1096.6079577054304,-49.84187764085899,3.0518642212441325,9.313875224910056,-57.132302579693786,-46.05495539278599,11.077347186907794,-49.10232392646995,-0.6434405068503957,-0.5797010304769135,996.8375528171797,-60.1059733684916,2.163759423874354,4.681854844405077,-63.41586754200393,-55.860461397477124,7.555406144526806,-60.262773967215594,0.23303470903933549,-0.98334003813568,1202.119467369832,3,1,0
-44.590978033310556,4.18473984830688,17.512047598007495,-53.88820819883761,-38.75963018493399,15.12857801390362,-44.01761519072406,-0.3206120500961585,-0.7919949781006546,891.8195606662111,-51.41289084734219,3.2747264876979423,10.723833569230502,-56.72724094469988,-45.71381576929067,11.01342517540921,-51.13704450070482,0.07413410040244058,-1.0318543237718625,1028.2578169468438,-44.72438582712754,3.8907601964005014,15.138014905894469,-53.79769297851554,-39.36066368223023,14.43702929628531,-43.895927681179614,-0.977462607330037,0.20222521300854313,894.487716542551,-54.662985258499724,4.134474498392691,17.09387937785949,-64.48130224067131,-48.274385067555095,16.206917173116217,-54.68565248712997,-0.2900147745877419,-0.2727863786392062,1093.2597051699945,3,1,1
-43.64270609873338,3.9130966085062457,15.312325067503082,-51.23019512906296,-33.8161515338277,17.414043595235263,-44.450713819720946,0.488451857421882,0.178853756132884,872.8541219746676,-48.74055643540517,4.5300339160349505,20.52120728042695,-59.0619820905637,-41.05976173743512,18.002220353128585,-49.93405616399282,-0.19566103206498003,-0.6157855689833096,974.8111287081034,-44.98045826591674,5.364174441733186,28.774367441343536,-54.37967959595484,-36.49913013852329,17.88054945743155,-43.89346274431627,-0.2052762323354145,-1.1496703608670684,899.6091653183347,-52.287992862381465,3.1077474381092656,9.658094139074702,-58.27555267340423,-46.7586519888228,11.51690068458143,-52.74842899724524,0.10407149870254019,-0.3747201423387261,1045.7598572476295,3,1,1
-48.91758805011516,2.189111101811829,4.792207416075802,-53.8046564407791,-45.82321355743373,7.981442883345366,-48.69368939631396,-0.48711327578097424,-0.3117518101305783,978.3517610023032,-53.20692214808548,2.1525896754781444,4.6336423109751035,-55.970527907537374,-48.41730371944406,7.553224188093317,-54.020562673655526,0.6207443181405778,-0.740303118544174,1064.1384429617096,-49.586328558363796,2.435486253376071,5.93159329038381,-53.73138271302577,-45.87205601455623,7.859326698469545,-49.48781000620817,-0.10316448496254944,-1.3100088581481304,991.726571167276,-58.39898552551334,2.5584348875773064,6.545589073972704,-64.67439800048388,-54.3826369652005,10.291761035283379,-58.53803895664705,-0.5394692302615978,0.10511948585954922,1167.9797105102666,3,1,0
-49.89695818607943,3.15796156909563,9.972721271884932,-57.012986333144326,-44.095130014745436,12.91785631839889,-49.6215818110969,-0.1241374384309004,-0.27275295930755705,997.9391637215886,-53.39320252672062,4.661958614295818,21.733858121406982,-64.35827656419998,-43.014954561012175,21.343322003187808,-53.45795186326325,-0.16547947045614725,0.40984215116366274,1067.8640505344124,-49.74377787184119,3.7481614890902137,14.04871454829897,-55.931761480358475,-41.311192353150986,14.620569127207489,-49.80793513883144,0.46971861418114924,-0.4849176833398623,994.8755574368238,-59.062495617052456,5.345350415402848,28.572771063447398,-68.44096534893366,-49.442425011482975,18.998540337450684,-57.976364547787774,0.019869505582983702,-0.9629483467192954,1181.249912341049,3,1,1
-47.1851220464023,3.742853035209009,14.008948843173291,-54.03875771354521,-40.01477079839292,14.023986915152292,-46.93737104267914,0.10699376156835348,-0.6863907191363143,943.7024409280461,-52.55637640943449,3.8626700495988526,14.920219912068003,-60.33500825721657,-46.263962493056084,14.071045764160488,-53.07295767276071,0.04323305427364385,-0.827900900944675,1051.12752818869,-47.28344008783934,3.7360522026724086,13.958086061093354,-54.78995584569546,-40.59515299796967,14.19480284772579,-47.31284313895034,0.019398711807055234,-0.4386835173619885,945.6688017567868,-55.868146603407396,3.393187876372635,11.513723964362232,-62.52066542436619,-49.64890321115313,12.87176221321306,-55.762965273180576,-0.2202444095543687,-0.6376257306947282,1117.362932068148,3,1,1
-48.31080939695086,3.533414670011381,12.485019230251638,-54.67400819333735,-41.062713089270844,13.611295104066507,-48.88023995485182,0.48683860765479825,-0.04847554005809407,966.216187939017,-54.65620514057523,4.525839713579181,20.483225113010484,-62.75088522968275,-47.1284310079688,15.622454221713951,-54.98533711451853,-0.023368669119685822,-1.1168175066944053,1093.1241028115046,-49.02529391034234,4.398693941940277,19.348508394862087,-55.79839841634146,-40.859406494094046,14.938991922247418,-50.3927961825609,0.3184203712300369,-1.1569819788423366,980.5058782068468,-59.434996337659165,4.188757322233253,17.545687904562698,-66.2942926482063,-52.14596227183507,14.148330376371227,-59.993450744590604,0.45998528055469684,-0.9268844332054509,1188.6999267531833,3,1,1
-48.909006476876286,2.3799083804414036,5.663963899295226,-54.24997360980097,-44.76066782190295,9.489305787898019,-48.34258717008369,-0.6784898098067187,-0.20485790247210156,978.1801295375258,-55.64452408707416,2.2895778088173713,5.242166542628956,-60.3151248923021,-51.93264296104752,8.382481931254581,-56.03221984330188,-0.10596217714824617,-0.7558723767638589,1112.8904817414834,-51.877565607659236,2.7434164464491815,7.526333798647855,-57.48138014589828,-46.35762617640727,11.123753969491005,-51.99489707304711,0.18599101254910422,-0.30980920103843035,1037.5513121531847,-59.711464245028495,2.5696317398462996,6.60300727842552,-63.672430225646345,-55.866747500915814,7.805682724730531,-59.73191207450409,0.10646027866731127,-1.4365095932615057,1194.2292849005698,3,1,0
-45.44505791680872,2.8626213871687782,8.1946012062761,-49.56038484448983,-39.90675520572213,9.653629638767704,-45.539559779799575,0.39951106905088185,-0.942467530110902,908.9011583361746,-50.49500920107924,2.3504292815682937,5.524517807653646,-53.50782864327364,-45.183446319908356,8.324382323365285,-51.13565798896249,0.8044190794925775,-0.40565904302148903,1009.9001840215847,-47.40085079521756,1.8976836798691838,3.6012033488418473,-51.63324113596733,-44.59848239759474,7.034758738372588,-47.01117338030825,-0.5129158363177839,-0.5587444387732501,948.0170159043513,-54.63065319589979,2.933514038660969,8.605504615020987,-60.919439625784236,-50.270433527994726,10.64900609778951,-54.20522157387393,-0.331303816617591,-0.7309155134414671,1092.6130639179958,3,1,0
-46.26715774710458,1.9833354265611807,3.933619414252621,-49.887736719290594,-42.88704900335885,7.000687715931747,-46.019642293159436,-0.29082853400152414,-0.5895901380201334,925.3431549420915,-52.043594300206415,1.638119058666264,2.683434050365647,-54.76672077642142,-49.31195477227029,5.454766004151132,-52.25882368975257,0.015547682691895241,-1.033828328479191,1040.8718860041283,-48.727388792663064,1.9222088764892848,3.6948869648541987,-51.60981463747626,-45.73729701749449,5.872517619981771,-48.721198302706235,0.05480325693843735,-1.2485863446845167,974.547775853261,-56.388108022618475,2.633048669547042,6.932945296203448,-61.6798609375714,-51.135235251726726,10.544625685844672,-56.43414193637368,0.1169889880925743,-0.5577326141267442,1127.7621604523695,3,1,0
-43.376691592581224,3.64394049912705,13.278302361178296,-50.92005622004483,-36.00296187991847,14.917094340126354,-43.42325921453296,-0.04223231416124674,-0.41770250983441315,867.5338318516247,-48.422765214305265,3.5497296045970215,12.600580265752527,-56.96421429805694,-42.20651702406534,14.757697273991596,-48.73787568819304,-0.20407910461885373,-0.04618939143292877,968.4553042861054,-43.83809268564843,4.7921370080519265,22.96457710394087,-52.2734286246181,-34.734909317780556,17.538519306837543,-44.14356583631299,0.14622220312056183,-0.8204879731931389,876.7618537129687,-54.90224320161161,3.730657566486976,13.917805878386526,-64.61765306153643,-47.15105455048083,17.4665985110556,-56.006328418911565,-0.1461168868122588,0.9402008979246301,1098.0448640322322,3,1,1
-45.371579618455506,5.211774959662288,27.16259823016285,-56.97744782048954,-36.04632378275445,20.93112403773509,-44.560011207591515,-0.3063254677448743,-0.5809645608607155,907.4315923691104,-50.57240270434167,3.7935707109093144,14.391178738669002,-55.42222220472437,-43.25348305632129,12.168739148403077,-51.136440726541096,0.5029699749460064,-1.0121698674233914,1011.4480540868334,-48.45274168157503,4.75131805970704,22.575023304498266,-60.599439924626516,-41.379758154684374,19.21968176994214,-47.45702058554822,-0.6613007865167299,0.10615167643075996,969.0548336315005,-56.433670900148115,4.585448507819863,21.02633801786741,-64.57068740928968,-46.448137142472994,18.12255026681668,-57.14594052880716,0.5519009839675394,-0.24205148202475435,1128.6734180029625,3,1,1
-49.48952499904206,2.937133892159919,8.626755500474475,-55.45891924573991,-44.38270303671592,11.07621620902399,-49.38709832491554,-0.27591941796206126,-0.6547105373046764,989.7904999808412,-52.73355151011127,4.189944649477017,17.55563616568108,-60.61759980798954,-43.0950780624823,17.52252174550724,-52.87180719360974,-0.019392402515557166,0.07826004499811301,1054.6710302022252,-49.80083679580462,3.1485636077535206,9.913452792069865,-54.05324428464872,-43.0718678736938,10.981376410954923,-50.33697955630792,0.4820322906008373,-0.8081267610724909,996.0167359160924,-60.26168862891293,5.148116674181184,26.50310529098233,-69.78891492924967,-51.951507809242514,17.837407120007157,-59.92485041024001,-0.18676548307034851,-1.1902957601078616,1205.2337725782586,3,1,1
-47.07756447538836,2.7167531515368593,7.380747686385457,-52.75932095912369,-42.01410868863312,10.745212270490569,-47.44140108303749,-6.61146689834882e-05,-0.7791177236359674,941.551289507767,-52.788026309899784,2.1552358532647236,4.645041583197721,-56.79811398228341,-49.26854215140336,7.529571830880052,-52.44029176592213,-0.3382882914007501,-0.8219515457460491,1055.760526197996,-49.65536806913687,2.442006445690758,5.963395480795211,-56.228041207110785,-43.992038739048475,12.23600246806231,-49.34011334448457,-0.2911090711062809,1.6234237503233917,993.1073613827374,-57.13693201721586,2.206613759534877,4.869144283768645,-62.68152954337839,-52.43839418125626,10.243135362122132,-57.235962482858454,-0.197930094342535,0.584060561878458,1142.738640344317,3,1,0
-45.01600866347234,2.5164275121454462,6.332407423882519,-48.656513454278546,-40.63373634233583,8.022777111942716,-45.76161944065033,0.1422040155179066,-1.4374725843232488,900.320173269447,-50.23880411747824,2.8469370643492007,8.105050648365244,-53.6486104763121,-43.79865793147399,9.84995254483811,-51.197452883707,0.8323844295215103,-0.4258787457486073,1004.7760823495646,-47.36553469054681,2.9622379111593427,8.774853442309665,-50.993832098594716,-37.09268874594102,13.901143352653698,-47.5271609554795,1.826446772533764,4.645619581592203,947.3106938109362,-55.24642898267202,3.2151490975867194,10.337183719712696,-59.65912424528737,-48.17427533729914,11.48484890798823,-54.788253634263214,0.44136959169143863,-0.7122830385559156,1104.9285796534405,3,1,0
-47.06065421963722,2.6702808938423104,7.130400052019287,-52.80438610350498,-42.61833192336096,10.18605418014402,-47.592895860987426,0.055234542666876774,-0.6988976074763005,941.2130843927446,-52.11461902000916,1.8226499313478268,3.3220527722422375,-55.132606695610924,-47.86106986532804,7.271536830282884,-52.33056935639054,0.45834990996545466,-0.12993634036227775,1042.292380400183,-48.753532774357744,2.2085576544867984,4.877726913192228,-52.55675863096603,-43.391128234183554,9.165630396782475,-48.50551415044484,0.2453899581471279,0.019655215504882584,975.0706554871549,-56.90503729989966,2.1189219196506297,4.489830101575909,-59.86951267494338,-52.53298139148807,7.336531283455308,-57.55565554639915,0.6380577937409021,-0.7068355234548336,1138.1007459979933,3,1,0
-45.502775905180535,2.601652768325977,6.76859712693822,-51.99734595653396,-41.1796985534661,10.817647403067859,-45.43570942606891,-0.7786797913976131,0.4399571566160372,910.0555181036106,-51.9627073393332,2.545016248186109,6.477107703531297,-57.68310608946514,-46.07435186433755,11.60875422512759,-52.0484229258015,0.32214680329207596,0.789293000969137,1039.254146786664,-49.09415868435574,2.9843128362013527,8.906123104316162,-54.10642918900089,-42.72889829747013,11.37753089153076,-49.72836478678541,0.543898023515015,-0.40669665940101707,981.8831736871149,-57.28077035880093,1.9550247694180118,3.8221218490379507,-59.962565668737454,-53.33151166848399,6.631054000253464,-57.517457096419555,0.27251966437086006,-0.9547830641485868,1145.6154071760186,3,1,0
-46.78127550587325,2.0420784485935,4.170084390210036,-50.33095145749352,-43.12751826131093,7.203433196182587,-46.75572422319989,-0.014405371726000144,-1.1699776806359634,935.625510117465,-51.6543191143346,1.7711413617081935,3.136941723153554,-55.10294472214646,-48.18745511112426,6.915489611022203,-51.5781300253143,-0.0057448587186306336,-0.9330224113964145,1033.0863822866922,-48.01296518975128,2.625948334029552,6.895604652992581,-52.668806932321175,-42.913094757189,9.755712175132174,-47.88296045911629,-0.1290328695691093,-0.6586291321595223,960.2593037950256,-55.92220484806857,2.9609282843154823,8.767096304859425,-60.94270610961346,-50.46059450366075,10.48211160595271,-56.905350520928856,0.0489170013168979,-1.1027683950572884,1118.444096961371,3,1,0
-47.89619351011029,4.430554149748756,19.62981007385593,-56.68672271217905,-39.05164736364186,17.635075348537185,-47.64353140977867,-0.26090898922048883,-0.2440652886992405,957.9238702022056,-55.233860539391664,3.752717224590128,14.082886567735432,-63.20798648209853,-48.75561997340633,14.4523665086922,-55.00640147779971,-0.22546651536576476,-0.8778845292339574,1104.6772107878332,-50.70329325964645,3.8771758824862443,15.032492823732989,-57.149323622878285,-43.061361150709175,14.08796247216911,-51.390525758709416,0.09075769890687711,-0.8819245431379397,1014.0658651929291,-59.295312276276476,2.6273154471522115,6.902786458844625,-65.6314404567769,-55.01377510233963,10.617665354437271,-59.37904976164879,-0.33017983341346574,-0.3043994894019746,1185.9062455255298,3,1,1
-47.42086397936656,3.4672701676997515,12.021962415820663,-52.67209508718638,-40.563179630558224,12.108915456628154,-47.784542161727416,0.34722673027465223,-0.7565153863992289,948.4172795873311,-53.37887142473046,4.48415514861494,20.107647396849877,-61.44678252839726,-45.15064952197543,16.296133006421826,-52.23216971434012,-0.15766799811148616,-0.6790739143474984,1067.5774284946092,-49.40174819147771,4.704853546173512,22.135646890941466,-61.84198247278173,-41.00915986927903,20.8328226035027,-48.905508615205946,-0.7176218557665401,0.5732243184049102,988.0349638295542,-56.65513005228246,4.759907898945206,22.656723206440965,-67.35526519657834,-47.90513056691206,19.450134629666287,-55.59369932506286,-0.5472840894939173,-0.1476333103690899,1133.102601045649,3,1,1
-47.43852164726973,2.5928440796561794,6.722840421408099,-50.78199453231834,-39.22003692230532,11.561957610013025,-48.30608086604809,1.4822800332167945,2.5553220084032446,948.7704329453945,-52.85839754043898,2.5932129503621923,6.724753405926187,-57.9086297193682,-47.86960278189647,10.039026937471732,-52.981878283002594,-0.06152347134030234,-0.6821371603105444,1057.1679508087796,-48.052377212271644,2.397744802841386,5.7491801395528785,-51.95589965114183,-41.847071322466974,10.108828328674853,-47.71134750826776,0.3983329377163659,0.24564164458383342,961.047544245433,-57.61000399703754,2.3495077804881794,5.520186810574491,-62.0128285365184,-53.42422853411366,8.588600002404739,-57.54977036578452,-0.18584924637637176,-0.9126146438652354,1152.200079940751,3,1,0
-43.25080355291114,1.9773059930375116,3.90973899010206,-46.646196813638554,-38.49397566484163,8.152221148796926,-42.699136166378054,0.1311201455302446,-0.1861557704683774,865.0160710582227,-50.007241240728085,2.0298236146419284,4.120183906558024,-54.798642030389985,-46.39183277168501,8.406809258704975,-50.03570816378531,-0.4298213043473341,-0.25088979112914656,1000.1448248145617,-46.684241773585924,3.0750974145671077,9.45622410907731,-52.73490436434101,-41.81744415366534,10.91746021067567,-46.30980326940221,-0.27342572986541036,-0.8411113490791862,933.6848354717187,-55.58659595998108,3.294594694105928,10.854354198430931,-63.173266530072254,-49.47745066260546,13.695815867466791,-55.10821521618648,-0.3991177553436717,-0.17902728718508332,1111.7319191996219,3,1,0
-48.21806298613707,3.8957726973026086,15.177044909048442,-55.29875795020734,-40.684408336655984,14.614349613551354,-48.170544310774005,0.05240777106554206,-0.8816633332073076,964.3612597227412,-51.806291215608766,3.6512876119860485,13.331901225442781,-56.99837686696098,-44.05913792311838,12.939238943842604,-52.23393293691808,0.3393711660179217,-0.8310731791731709,1036.1258243121752,-47.64241932715314,3.7524835252804065,14.081132607500866,-55.0824609169137,-42.3550977024798,12.7273632144339,-48.074960280620864,-0.2501495391288848,-0.9218961895254782,952.8483865430627,-55.97188896188909,2.6442113041395334,6.991853420939291,-61.10499636295244,-50.850340932567235,10.254655430385206,-56.286339454840856,0.09059681907249165,-0.31068105428788284,1119.437779237782,3,1,1
-45.40954304295802,4.312150372721105,18.594640836958764,-57.6763473903326,-39.447534978981,18.228812411351605,-44.51155923887808,-0.9586562599779338,1.027012259271289,908.1908608591604,-50.50845576254013,4.273273747528483,18.26086852131613,-58.21920109689986,-42.90058669671778,15.318614400182078,-50.10903308913245,-0.2965336001464781,-0.8722570130664322,1010.1691152508026,-47.544593727455535,4.068625288980794,16.55371174213405,-53.35539870319609,-36.40788709082417,16.94751161237192,-47.74197083422284,0.7672887177432781,0.5780693514042996,950.8918745491108,-55.86583972911666,3.3821520752354495,11.438952660019456,-64.01354238336536,-49.56253217845027,14.451010204915093,-56.02463969306918,-0.48219040742874103,0.17544223918791158,1117.3167945823332,3,1,1
-44.58839373319053,3.463201293614646,11.993763200094158,-50.6865454414045,-37.37275408984753,13.313791351556965,-44.943176353679455,0.24058355814235916,-0.2554644593531892,891.7678746638105,-49.46480793509839,2.967121726054269,8.803811337223262,-54.90577544217682,-42.928466587444596,11.977308854732222,-49.51996151125414,0.17963908821452265,-0.6736954824773913,989.2961587019679,-45.57235667987483,2.3498266246307846,5.521685165823706,-51.50670740084291,-42.01703818335315,9.489669217489762,-44.555177524124204,-0.8779311901247363,-0.026553121049915696,911.4471335974968,-54.569616448121735,2.605484011589858,6.7885469346503795,-60.63004582428492,-50.310401230027566,10.319644594257355,-54.811044904303415,-0.20512410647487778,-0.3973900649795348,1091.3923289624347,3,1,0
-43.889665334630145,4.022912713407881,16.18382669969876,-53.95932081976635,-38.43375849856755,15.525562321198798,-43.43057216951723,-0.9274014374560776,0.334117968543,877.7933066926029,-49.585197349166705,3.0741484833096537,9.450388897435046,-54.765800973317894,-43.56098046620112,11.204820507116771,-49.96396933718744,0.14980165158198208,-0.5233665864814574,991.703946983334,-47.30691692940972,3.194926144508857,10.207553068866229,-53.178525620051936,-42.34507550054078,10.833450119511156,-47.12389199149939,-0.24846496994303985,-0.9472557824898931,946.1383385881943,-54.887280540182914,3.3646910431190427,11.321145815645512,-62.592559490389775,-48.60059117268299,13.991968317706785,-54.96466170143097,-0.08896891115407304,-0.1701426034450222,1097.7456108036583,3,1,1
-49.377589105724546,3.061970557822903,9.3756636969743,-56.20784246779533,-44.36789118051977,11.83995128727556,-49.1097290422678,-0.3947520319888568,-0.35008243797197336,987.551782114491,-55.07540348364107,3.515375195960831,12.35786276837665,-61.90483154695811,-48.71589688300114,13.188934663956964,-54.35848349624575,-0.24130462829058288,-0.4640504820556095,1101.5080696728214,-51.43114245487701,2.936113627677376,8.6207632346328,-57.55955262606852,-45.47269499660791,12.08685762946061,-51.110578628089655,-0.20736847734444216,-0.306313908159201,1028.6228490975402,-58.5732775612568,2.5080421464371994,6.290275408305314,-63.84732403204297,-55.03332708499426,8.813996947048707,-59.16500850615576,-0.30735052413126224,-0.8651179564071514,1171.465551225136,3,1,0
-44.550932458909315,2.6182872054849757,6.8554278904063235,-49.038765342698845,-39.106178141209945,9.9325872014889,-45.373536370296954,0.3819509340189049,-0.7890206997320277,891.0186491781865,-49.97573877692295,2.2814970203804017,5.20522865400465,-54.478965860919295,-46.13214543771618,8.346820423203113,-49.589670318109384,-0.2707138842155865,-0.4907295793833444,999.514775538459,-45.86298154863592,2.896402164345597,8.389145497625858,-51.483354814559306,-39.80932936739604,11.674025447163267,-46.06341190920141,-0.0514719546645505,-0.49507909167163033,917.2596309727184,-53.81583265511783,3.0173175388750515,9.104205130402999,-60.76198017707835,-47.55738641602048,13.204593761057872,-53.86503966363761,-0.10152522839796257,-0.11623967112580713,1076.3166531023567,3,1,0
-46.13460835627877,4.138106831203645,17.123928146454272,-53.669916807288764,-37.55820201569895,16.11171479158981,-45.621109539102406,-0.03287584116624559,-0.38273041290879695,922.6921671255751,-48.39759387522941,4.259547172210181,18.14374211228375,-55.47460195171546,-41.13079216349194,14.343809788223517,-49.262586470807506,0.08144082157965846,-1.1959996587877846,967.9518775045883,-45.56119470780629,4.139174499842869,17.132765540149464,-57.06004856021635,-39.14857705254521,17.911471507671145,-45.93867346244812,-0.6439492478404725,0.9094693472028292,911.2238941561259,-53.73541977235807,5.328624720954424,28.39424141676661,-62.909628763178304,-43.26444071981238,19.645188043365927,-54.68121372088833,0.18181045533998547,-0.6655736559423047,1074.7083954471614,3,1,1
-47.193675823012384,2.775836439567818,7.705267939232542,-52.67143480061205,-42.28188629290492,10.389548507707126,-47.54462810848759,0.22898005497309243,-0.7784831915104546,943.8735164602477,-53.17668171931437,2.8802171280047233,8.295650704451775,-59.35693589628255,-46.58511771769477,12.771818178587779,-53.31231052173276,0.1395661914879143,0.24340242294390846,1063.5336343862873,-48.76580360348732,1.7232188638458683,2.9694832527142454,-51.65205494334829,-45.60194360768559,6.050111335662699,-48.69938628705983,0.07577793680696765,-0.9677357782248812,975.3160720697464,-57.25308585711306,2.560940925164357,6.558418422181672,-62.16127390247636,-52.07918533162245,10.082088570853912,-56.208162380355624,-0.21698132430413383,-0.40132598003055664,1145.061717142261,3,1,0
-46.21257929381155,2.4604278850081887,6.053705377325869,-50.21469819944998,-41.051758055185516,9.16294014426446,-46.93811585489148,0.4625026673296658,-0.9209208041445489,924.251585876231,-51.41006635250186,2.770399721395696,7.675114616309349,-55.38439610081207,-44.17667747860443,11.207718622207636,-51.81898724490335,0.7554658110426047,0.29541467937923427,1028.2013270500372,-48.2648709237789,2.7924932071209496,7.798018311816648,-54.79157231620191,-43.53788919416176,11.253683122040151,-47.96145740265322,-0.7733047891894064,0.39680534956140434,965.297418475578,-56.90840326705778,2.3886987457784308,5.705881698083448,-61.49953280509175,-52.37842287185501,9.121109933236738,-56.79259041567764,-0.23697189738945074,-0.5592371872573985,1138.1680653411559,3,1,0
-45.0045213693336,4.344323415815049,18.873145941198935,-55.166402304433504,-37.67872647157714,17.48767583285636,-44.89499090600118,-0.2770715854593888,-0.3958643890404199,900.090427386672,-50.72230296468795,3.9379014151354945,15.507067555326131,-58.76364362492319,-44.22735141144321,14.536292213479982,-50.52805578413828,-0.16524771644929542,-0.8804035606945368,1014.4460592937589,-46.510010452236614,4.468333107426287,19.966000758921858,-54.049335744930396,-35.68331554148301,18.366020203447384,-46.48865128266462,0.4629967326268886,0.2617858297559703,930.2002090447322,-55.64964797378285,4.194427457270913,17.593221694308134,-64.4954413495952,-49.06066363694168,15.434777712653514,-56.24494813866645,-0.28866879682731794,-0.43675932319772404,1112.992959475657,3,1,1
-46.14418721592743,3.8741557226065653,15.009082563005197,-54.15228668907497,-38.94673317906782,15.20555351000715,-46.17353355789912,-0.41351553044227624,-0.3701697030692128,922.8837443185486,-52.5207339606968,4.039941414809999,16.321126635097016,-61.40950015928643,-43.97545940523543,17.434040754050997,-53.10848340864841,0.03374778794264432,-0.21633499344244989,1050.4146792139359,-48.74204557175441,5.153775561534949,26.561402538674873,-63.167175236508875,-40.31966195032945,22.847513286179428,-48.08744935612715,-0.9115769901859556,1.0225878840607958,974.8409114350883,-56.95938062242921,4.372825993680244,19.121607171005607,-68.32146257730034,-49.40453166166795,18.916930915632385,-56.78137395743211,-0.4615808989453635,0.4602388049629176,1139.187612448584,3,1,1
-48.401654890346194,5.252138821828875,27.584962203761997,-57.13761313000779,-36.765939348024986,20.371673781982807,-49.9009896774227,0.6552612151541574,-0.47121331206935624,968.0330978069239,-55.5721537114153,3.288877941477566,10.81671811393771,-63.8982537316958,-49.462254999082056,14.435998732613747,-55.82531061899864,-0.3597808734899849,0.24756963667718423,1111.443074228306,-53.07234159243681,4.248714513336695,18.051575015837862,-60.0144320425807,-41.61672144318826,18.39771059939244,-53.63699466146949,0.9583196311016813,0.9247634283613526,1061.446831848736,-59.67483322220168,4.650900674674055,21.630877085683586,-67.60421975196604,-49.93116828440081,17.67305146756523,-60.574403369095165,0.5562045396835307,-0.4658908261782049,1193.4966644440335,3,1,1
-43.47644749585144,4.523084531454602,20.458293678683894,-51.136162457320374,-32.76183330021611,18.374329157104263,-43.418885517822204,0.3429379435038348,-0.0881288063181409,869.5289499170286,-49.734253432379866,4.81567709674712,23.190745900134765,-57.97504507959966,-42.77914179596949,15.195903283630173,-49.953519564287355,-0.02556391570366951,-1.1417129261887842,994.6850686475972,-47.4537086959326,4.600612979837184,21.165639790246374,-57.26333103852783,-40.84240799043529,16.42092304809254,-46.06860815538094,-0.7379905992213507,-0.3650001922134649,949.0741739186519,-54.220667610034454,3.9511752666195386,15.611785987545982,-62.526608163324944,-49.66324888098573,12.86335928233921,-53.17081020552705,-0.8306830490281234,-0.5465512016874299,1084.4133522006891,3,1,1
-44.46860666735672,4.539372696024147,20.60590447340953,-55.331978164037885,-35.42323308930251,19.90874507473538,-44.567500373640016,-0.23312530690156638,0.08664508871740262,889.3721333471344,-51.44637063083949,4.084549538365119,16.683544931358703,-58.032834783624075,-44.126849924738785,13.90598485888529,-50.16863008318968,-0.38659326624784385,-1.024929828613704,1028.92741261679,-46.07430726876258,4.426626445199004,19.59502168533517,-55.734830227671914,-39.95651758503256,15.778312642639357,-47.224763146348955,-0.31538624352915234,-0.6790898967806092,921.4861453752517,-56.22205276824134,3.8352694814759496,14.709291995540799,-63.5424265161649,-48.33465489524602,15.207771620918884,-56.57910078792955,0.08265176793505025,-0.45400124979421763,1124.4410553648268,3,1,1
-46.97619834742473,3.8777029920375656,15.03658049445709,-54.67734249295903,-38.29825791786556,16.379084575093465,-46.83536937609783,-0.011989795670199595,-0.046873554295669084,939.5239669484946,-54.64743492150959,3.845092783793244,14.784738515978878,-63.133392802263906,-49.86670355375748,13.266689248506424,-54.296717224564176,-0.4182731870804234,-0.8939141755328524,1092.9486984301918,-51.60710278737313,3.387873318357637,11.477685621239587,-58.73241599059829,-46.921857405789694,11.810558584808597,-51.46048330524307,-0.45317161827598873,-0.7541753918432321,1032.1420557474626,-59.0031403339658,5.450009297782731,29.702601345918207,-68.74223157431285,-50.49455587624733,18.24767569806552,-59.042168187140376,-0.05162836321882105,-1.1043909544282233,1180.062806679316,3,1,1
-44.58748179705553,3.131688932848942,9.807475572128546,-51.02471088970294,-38.83966417288708,12.185046716815854,-45.22187514545467,0.1539913560018722,-0.6125482626891512,891.7496359411107,-51.351099540010885,3.2594283718455537,10.623873311191758,-56.71584068007114,-44.95249771829957,11.76334296177157,-51.164268956991634,0.03787694116352903,-1.171788874542332,1027.0219908002177,-47.53127839691818,4.64539594846481,21.57970351801327,-55.2003965182944,-36.73103529645145,18.469361221842945,-48.64945784036247,0.74954403479734,-0.19525994779126776,950.6255679383637,-55.67315579649727,3.6285304066628,13.166232912076504,-61.415852603533736,-46.959250718270745,14.456601885262991,-55.981585676627034,0.6818592281400385,0.02854335851744283,1113.4631159299454,3,1,1
-44.80600781131817,4.582830334176197,21.00233387184552,-53.74168787986086,-35.3581420579775,18.38354582188336,-46.01647789597262,0.2675139063328391,-0.618915673539195,896.1201562263633,-50.683247277875125,3.9334574799086353,15.47208774624919,-56.45934581966231,-43.86911213375272,12.590233685909588,-51.25923507517711,0.26667376331809417,-1.057317785208158,1013.6649455575026,-45.94668730458549,4.278656309774519,18.306899817173303,-52.46574466586222,-37.17279081755914,15.292953848303078,-46.009914327614325,0.35966224382264544,-0.8565280922106453,918.9337460917097,-55.499092087606506,3.7024801111557712,13.708358973504051,-61.31991175883971,-48.16479154256256,13.155120216277147,-55.54623185125059,0.2682312742062739,-0.7799377318350866,1109.98184175213,3,1,1
-44.798122501484386,3.587294433439272,12.868681352184387,-50.41343202060496,-37.43813893015072,12.975293090454237,-45.000379274389246,0.25135586137954397,-0.7714355708786251,895.962450029688,-49.195043280502354,3.771661946433088,14.22543383817143,-57.09827473710619,-41.38625554188508,15.71201919522111,-49.38778640296297,0.016103895616186435,-0.41490574079975096,983.9008656100469,-47.17444015705164,4.335849175806689,18.799588075343543,-56.35841056681852,-35.6490761144231,20.709334452395417,-47.48327942125755,0.41513724668591295,0.962053013531698,943.4888031410327,-56.2761245622475,3.575173483465078,12.78186543687182,-62.35356426340203,-47.18046968417539,15.173094579226635,-56.60410095322061,0.6934534202024508,0.19792559608652782,1125.5224912449498,3,1,1
-44.118344358479355,3.642921796147152,13.270879212843994,-50.21013535477478,-38.31051586570182,11.899619489072961,-43.17713032433343,-0.16859963532987055,-1.2902116905399763,882.366887169587,-50.50213348211779,4.14456182816504,17.177392747482738,-63.07933691624779,-45.20809610556728,17.87124081068051,-49.92116876723246,-1.2641660083640618,1.8838687411948012,1010.0426696423558,-45.755224381732106,3.7227008712901646,13.85850177710455,-50.93474565176116,-39.263046780725524,11.671698871035638,-47.13086043624216,0.5399104489638521,-1.1114683072300375,915.1044876346423,-54.09423971436119,3.2234349980088246,10.390533186388152,-58.228332086703944,-45.56855238577509,12.659779700928851,-54.93088787130618,1.117495349707978,0.5402994283449347,1081.884794287224,3,1,1
-43.93555597868743,2.277970970032,5.18915174030853,-48.71463841295283,-40.149550147116024,8.565088265836806,-43.96396020551879,-0.12428800939022426,-0.5419985376967955,878.7111195737486,-49.952538267281945,2.5614849719765362,6.5612052616616365,-54.15129444952826,-45.76381503038933,8.387479419138927,-50.29341946365933,0.10035613083211356,-1.3862862321212084,999.0507653456386,-45.898595659386814,2.9493337878428676,8.698569792111556,-50.69381611382191,-38.71138229428734,11.98243381953457,-45.888816249017324,0.4096943203112813,-0.29630429273093206,917.9719131877364,-55.019652897838185,2.486014369728974,6.180267446498948,-60.216433770180316,-51.49883897862974,8.717594791550574,-54.98745064635843,-0.575108791114848,-0.2598538058692603,1100.3930579567636,3,1,0
-48.06235413933576,2.543086757360688,6.467290255463299,-52.405285137030624,-43.612911807483,8.792373329547623,-47.58535642780932,-0.2865798285500596,-0.9825901294155894,961.2470827867153,-53.404241585396754,2.948052022798649,8.691010729127205,-58.201391793656384,-46.9591491536602,11.242242639996185,-52.716410232060625,0.12154832486327041,-0.7117044107785273,1068.084831707935,-51.75328840507385,2.52669352118235,6.384180149984863,-56.97101821172173,-47.06265946880256,9.90835874291917,-51.20269303616422,-0.4755693252152719,-0.24972813041315645,1035.065768101477,-58.450299131977715,2.253849734769296,5.079838626919625,-62.57277241593169,-54.81782026274011,7.754952153191574,-58.38663532498026,-0.4416182236307664,-0.8563488134646775,1169.005982639554,3,1,0
-46.597748192227364,4.6769102071138935,21.873489085406124,-55.09221506044425,-33.37426312895762,21.71795193148663,-46.4605021181775,0.6991976485582266,1.317474218378175,931.9549638445473,-52.88737839788412,4.776562796781563,22.815552151597707,-62.045256734759576,-41.6517532965884,20.393503438171173,-53.259871049829016,0.4767176955397256,-0.09087274178591587,1057.7475679576826,-50.149511508710034,4.226285379970085,17.86148811294888,-55.98930244645262,-42.43418956094486,13.55511288550776,-50.76256710766441,0.23416965669474987,-1.3036473661295966,1002.9902301742007,-57.01245476582936,5.277270714975447,27.849586199137473,-65.44556580794483,-46.04232842879793,19.4032373791469,-57.383828360498775,0.34330054889697353,-0.34082729169554904,1140.2490953165873,3,1,1
-45.14798601668917,3.0369016283775974,9.222771500442503,-50.071027451249165,-39.131529500158706,10.939497951090459,-45.4768796184131,0.4173744170635358,-0.6158260332631151,902.9597203337835,-51.18630924230079,5.296842034082173,28.05653553401978,-63.42642020070509,-42.63516280732255,20.791257393382537,-51.889422806044,-0.2831332696762138,-0.6563311309932853,1023.7261848460158,-48.43645483512136,4.321864669547132,18.67851422187974,-58.85396036544945,-39.99323167318928,18.860728692260174,-49.38288280680017,-0.11670900193087679,0.061654958470140464,968.7290967024273,-56.615406918078826,2.9445711432712502,8.670499217785757,-61.177822217212615,-50.82745396224845,10.350368254964167,-56.76793943929614,0.3355164307456737,-0.7722042110378275,1132.3081383615768,3,1,1
-47.5735336310975,3.773060247013476,14.235983627593393,-55.36283999622624,-39.93843911108227,15.424400885143974,-47.00440425233468,-0.26935403697567145,-0.3359274804476535,951.47067262195,-53.4838491297787,4.131596636934898,17.07009077033176,-61.29298859372754,-47.10748304792198,14.185505545805562,-53.2809272197426,-0.15415444088395108,-0.9855940632015026,1069.676982595574,-50.12902502419093,4.007234978005211,16.05793216894842,-58.3277657751936,-42.72379868715449,15.603967088039106,-50.177218329274254,-0.015323466000756299,-0.03198769117283096,1002.5805004838187,-58.38048706418768,3.819326902535923,14.587257988434647,-64.82500253816251,-52.026306711686935,12.798695826475573,-57.421027125118215,-0.05083762239892493,-1.2431221677879827,1167.6097412837537,3,1,1
-43.79121713751046,2.5639609274571513,6.573895637526936,-46.707536634201304,-36.28363153993764,10.423905094263667,-44.56032302379444,1.6181924969576162,2.240185621637476,875.824342750209,-49.737814761526764,2.770638891660523,7.676439867981853,-57.189137147735735,-45.594224798479026,11.59491234925671,-49.63918584227373,-0.7647972152854232,0.40872104401580467,994.7562952305352,-46.17020222127265,2.5899035909856014,6.707600610600113,-51.50874919213035,-41.130940019009465,10.377809173120887,-46.25978517409156,-0.05869091175232331,-0.38943198245080657,923.4040444254531,-54.54020284533449,2.641499683762398,6.977520579316848,-59.192561102682845,-50.16495622606242,9.027604876620423,-54.46753443406945,-0.1442538550225652,-1.058211921616182,1090.80405690669,3,1,0
-44.80421270828647,3.3512173583050586,11.230657782605137,-52.0063220290763,-38.56227677451096,13.444045254565339,-44.90287836903201,-0.3641224514968188,-0.10989654511400593,896.0842541657296,-51.01060136593954,2.8864300936109224,8.33147868530276,-56.580927114453814,-44.05233357380967,12.528593540644145,-50.55455848048379,0.2662048210113179,-0.07354423783861064,1020.2120273187909,-48.15367929031111,2.775366605047013,7.702659792410183,-53.40442531441183,-43.04702376900325,10.357401545408578,-48.32251757049391,0.10880709485641868,-0.4490468521637969,963.0735858062222,-55.573861284350286,2.699654516389323,7.28813450786127,-61.40800496096026,-51.395743297721836,10.012261663238426,-55.07362943633898,-0.5301413150942275,-0.45879654697022954,1111.4772256870058,3,1,0
-47.84635206631545,3.8451530625488703,14.785202074428957,-57.94082350198595,-41.343044826100325,16.59777867588563,-47.69143521631864,-0.4311562313403043,0.382221786334759,956.9270413263089,-51.75534225264371,3.764056463472582,14.168121060209723,-58.55805749734964,-41.06955815692714,17.4884993404225,-51.605120395283635,0.5568830580444133,1.3943463914178444,1035.1068450528742,-49.24367470219797,4.543559346927422,20.64393153905154,-56.211788594687384,-38.763700179490044,17.44808841519734,-48.59769403431058,0.28986677536572286,-0.6818365996767342,984.8734940439593,-57.48821843629757,3.5457874815551245,12.572608864353032,-64.58731879198992,-51.49133943231996,13.095979359669954,-58.33215058444259,0.06606046386085651,-0.8248313646722654,1149.7643687259515,3,1,1
-48.37624967136913,3.5190473956258264,12.383694572660911,-54.78253133678517,-39.21015729242163,15.572374044363542,-48.48021610791453,0.4461501596708828,0.5702638672018776,967.5249934273826,-54.003155549074904,3.801489729670651,14.451324164791439,-61.07214768666623,-46.556257681467926,14.515890005198301,-54.15832575925552,0.009935901103048225,-0.7365625820095145,1080.063110981498,-48.7320453310141,5.344372691652265,28.562319467278474,-60.04655308419308,-37.566818691612646,22.479734392580433,-48.64902502030662,-0.12282989716940591,-0.3768493378174296,974.6409066202821,-58.15073931497043,4.432314620104868,19.645412891595356,-66.70308636078626,-50.341704942540446,16.361381418245813,-57.61279724008807,-0.12821336448951393,-0.9777246222460803,1163.0147862994086,3,1,1
-47.08023045425291,3.806798144453572,14.491712112615158,-54.24975574704945,-41.75652728658712,12.493228460462326,-46.381344302536334,-0.48115673680342197,-0.957447314235067,941.6046090850582,-52.858283608618216,4.1996461866903125,17.637028093382483,-60.53719003405064,-44.65631278298683,15.880877251063808,-52.73771352895751,-0.09189406469222865,-0.7787515207962761,1057.1656721723646,-50.476374699011316,3.9395525505945526,15.520074298896045,-58.318226384129055,-44.05130487708187,14.266921507047186,-50.84013826085841,-0.2690926420592538,-0.9826023197575999,1009.5274939802263,-56.237700702867244,5.084282778864606,25.8499313754592,-65.6280968608956,-45.44849912995318,20.17959773094242,-56.25637733121265,0.07758476474045543,-0.4251339650761561,1124.754014057345,3,1,1
-49.045197369509395,3.21913548448177,10.362833267449679,-55.572432733076205,-41.51003409433544,14.062398638740767,-49.13406323449054,0.019267746737164342,0.44806432013764663,980.903947390188,-52.83631238233157,4.609242132705351,21.245113037906172,-61.96294884168239,-42.29073310106464,19.67221574061775,-53.58227420504972,0.35810139136978697,0.1580448462294144,1056.7262476466317,-51.136150313415826,2.6827641674504394,7.19722357815605,-54.649584394433035,-45.76132633135465,8.888258063078382,-51.52557176795033,0.5475608595765039,-0.8356464797027163,1022.7230062683166,-58.80614427320933,5.830011125744999,33.98902972631048,-68.18643310595759,-46.526956368043045,21.659476737914545,-58.357049784455924,0.051155758639308054,-0.7773547501065412,1176.1228854641865,3,1,1
-47.84413019446049,4.289733206552031,18.401810983395166,-55.68797755313751,-41.44972581546843,14.238251737669074,-47.95292243991341,-0.019005489232474543,-1.2063596691895992,956.8826038892099,-51.786440180000305,4.443818753846695,19.74752511703959,-58.986180427677006,-40.67447765356528,18.311702774111723,-52.212128630759096,0.2999328225655414,0.08200849873581939,1035.7288036000061,-49.455425513191294,3.9036924650994846,15.238814862074491,-55.6170624949442,-39.48941499362869,16.127647501315508,-50.204852350291574,0.5244081736711087,0.04986051007889092,989.1085102638259,-57.69138409478525,4.027281740263201,16.2189982154574,-65.47977314131342,-50.53141031528064,14.948362826032778,-57.61690199927071,-0.04403130769979913,-0.834088677132208,1153.8276818957052,3,1,1
-45.90644647958374,5.079399540983921,25.80029969694767,-55.27157155075965,-37.98004339563307,17.291528155126585,-46.71824391903995,-0.1134110991342945,-0.8532209156300685,918.1289295916747,-52.70528970572176,3.7441409744954046,14.018591636895398,-59.771475865288494,-45.70300579713081,14.068470068157687,-52.58202882773834,-0.22129634076637722,-0.6397694821603257,1054.105794114435,-48.747767261778954,5.150577343738383,26.528446973831137,-58.11849875661408,-40.590666557785866,17.527832198828214,-46.72626702515453,-0.2882012840314906,-1.2240831909142664,974.955345235579,-56.526127991007094,3.042594767638354,9.257382920060289,-62.639297762781226,-52.310976408305194,10.328321354476032,-55.61872528667362,-0.4323339854311979,-1.0843388549345883,1130.5225598201419,3,1,1
-45.54131570196477,3.1433307247639575,9.880528045245107,-53.17850743644887,-39.93299949334713,13.245507943101735,-45.32324703938028,-0.2247200544278841,0.06984179409250846,910.8263140392953,-50.29518147679701,4.631664412576442,21.452315230727077,-58.42662877198708,-40.98770636335056,17.43892240863652,-50.162274935665195,0.3780763109856626,-0.3665711758797112,1005.9036295359401,-50.9831754286198,4.497007316959506,20.22307480878733,-59.49392413408643,-41.25013945115838,18.243784682928045,-50.9001860096694,-0.23612390798477295,-0.06312477871811639,1019.6635085723959,-57.135816876626315,4.657457929418078,21.691914364299326,-69.12781744113677,-50.37071007095141,18.75710737018536,-56.70214536903661,-0.7673409584235922,0.2022312599770939,1142.7163375325263,3,1,1
-46.17048749346249,4.380234276552906,19.186452317488957,-53.140295950671366,-38.147646629230344,14.992649321441021,-47.30586222343945,0.3893850581536013,-1.0093086596057654,923.4097498692498,-52.41101186625053,4.123775530815015,17.005524628548663,-61.65395711146487,-45.8402003258804,15.813756785584467,-52.43303424310113,-0.6423703584836153,-0.2525757901870218,1048.2202373250107,-50.236147849545425,2.874425210955684,8.262320293377629,-55.80852829703301,-45.19579286846872,10.612735428564285,-50.44499787840765,0.05649079546405696,-0.6903682843920707,1004.7229569909086,-55.34665950736163,4.274432558478526,18.270773696981273,-66.30952547322619,-48.47743664649534,17.832088826730846,-55.399366651890844,-0.45357889459220213,0.18036299283325397,1106.9331901472326,3,1,1
-48.47452048919642,3.1250667687580562,9.76604230919592,-54.308967985416245,-43.13822036109698,11.170747624319269,-48.0458352249336,0.011183735240263646,-0.8534675612341851,969.4904097839285,-54.8540644297198,3.779256580834497,14.282780303780854,-60.9214856668753,-46.24866628328682,14.672819383588475,-56.20063991163878,0.6642108725059409,-0.29612814328611536,1097.081288594396,-51.36565488344579,3.9895807232368936,15.916754347223414,-59.17701121565436,-39.10009267279587,20.076918542858493,-50.46768050834508,0.8763182415798294,2.534687360130965,1027.3130976689158,-61.25876393351173,4.783767404799599,22.884430583223097,-69.31334050302502,-52.08231392816524,17.231026574859776,-60.614288219276126,0.21400126850982115,-0.8949772240698737,1225.1752786702345,3,1,1
-43.988271430595,3.95613643720668,15.651015509794362,-52.94426674672436,-35.16080612564253,17.78346062108183,-43.60215018246228,-0.21575651782822963,0.2622223073294756,879.7654286119,-49.82015722772661,3.364330687430924,11.318720974389434,-58.1683477338089,-44.7481210775181,13.4202266562908,-50.03458645373249,-0.3067881901739556,-0.052210726275234265,996.4031445545322,-48.09204245187772,4.057894180863538,16.466505183086163,-56.52614831263279,-39.94372993653829,16.582418376094502,-47.31978893906456,-0.33021228083314347,-0.24696194787090242,961.8408490375543,-55.18869988412945,3.7631354628907228,14.161188512065774,-62.0482068123132,-49.90049180555183,12.147715006761366,-54.88991829468617,-0.15671355405298543,-1.3155411441766707,1103.7739976825892,3,1,1
-47.033298910417116,3.7967466998018202,14.415285502456012,-53.017429524804584,-39.550107435318566,13.467322089486018,-47.90592055237186,0.14335691362293773,-0.9848137984283207,940.6659782083425,-53.119837744965864,4.3551233954981265,18.967099790015133,-63.38266006199385,-46.23977093434531,17.142889127648544,-53.1631188673521,-0.24941507817224984,-0.37050979840843956,1062.3967548993173,-50.09074556057524,4.079860854420639,16.645264591433907,-59.25072467131781,-42.88511893036378,16.36560574095403,-49.50710596146203,-0.6311565103528313,-0.03660692574702473,1001.8149112115048,-59.5355531924899,2.747300436281327,7.5476596871915715,-64.74930298095086,-54.63540913522792,10.113893845722941,-59.42613458663763,-0.04196846075677338,-0.8312107628006915,1190.711063849798,3,1,1
-49.08684159676131,5.292652737702342,28.012173001908103,-57.652003381611586,-37.38409329295279,20.267910088658795,-49.81935806759596,0.5427159574348888,-0.24819333682544675,981.7368319352261,-54.24875642982105,3.479586814434093,12.1075243991836,-60.58514191000935,-48.005855788698575,12.579286121310773,-53.78250480869352,-0.22171411590765294,-1.0221193551322665,1084.9751285964212,-53.61757748647125,4.1181996921702755,16.959568704591355,-63.295613298412775,-47.36839985366096,15.927213444751814,-53.792579954826266,-0.5844770392291647,-0.2524918516939372,1072.351549729425,-60.19669369655454,2.4805018950911863,6.152889651550968,-65.85346127330449,-55.2162851309894,10.637176142315091,-60.67488327160374,0.019483246932741505,-0.18758974663122663,1203.933873931091,3,1,1
-49.08088958840675,1.7172894474662592,2.94908304637897,-51.84436963657419,-45.73456055149452,6.109809085079675,-49.173443502207036,0.1820304801635689,-0.6082242323499152,981.617791768135,-54.86918847462148,2.5143461712855326,6.321936669058217,-61.278249891301854,-50.52447360446937,10.753776286832483,-54.7913478033952,-0.8241580468160673,0.5748115288363311,1097.3837694924296,-49.260854142405904,2.420822363050282,5.860380913444352,-56.02497282885446,-44.76878333041176,11.256189498442701,-48.92383510394905,-0.7686427489287799,1.021967339347552,985.2170828481183,-58.63802217927921,2.384110631765523,5.683983504497402,-64.63582282715768,-54.029120757104984,10.606702070052698,-58.21973581658574,-0.3423134123807528,0.4795168234947913,1172.7604435855844,3,1,0
-48.06207812121023,4.79619267549616,23.003464180483014,-57.044590025025556,-38.9153898674725,18.129200157553058,-48.1339696818132,0.07311771497927197,-0.6337153088963059,961.2415624242046,-53.11588165504435,5.339719439083761,28.51260368812899,-61.992065062518975,-39.28624443348198,22.705820629036992,-54.34141591075561,0.7738144804760448,0.3710945484363255,1062.317633100887,-49.28662640746757,2.1848793451233033,4.773697752746435,-53.630869137390334,-45.812108497219064,7.81876064017127,-49.18921720782236,-0.21992842257687442,-0.8462967156194945,985.7325281493514,-57.23406338453128,3.1828872782202593,10.13077142585637,-61.88226532323161,-51.32951104838821,10.552754274843394,-58.03737984834561,0.4065435091146154,-0.9850305854855796,1144.6812676906256,3,1,1
-47.50079318700442,4.094749462015085,16.766973156672826,-55.41769054961453,-40.42627371850126,14.99141683111327,-47.15569184593505,-0.2790317693621292,-0.9664675105163103,950.0158637400884,-54.224909392650545,3.6260795738554377,13.148453075931632,-61.31116794399719,-45.76038094703523,15.55078699696196,-54.01468209008255,0.4416313307760676,0.20450049432268758,1084.498187853011,-50.30110045076219,4.9567248530045305,24.569121268392784,-58.31252097088759,-41.99381842187941,16.31870254900818,-49.626226294858405,-0.025407512906501194,-1.1449695259365429,1006.0220090152438,-60.23114609973934,4.193821983554024,17.588142829741006,-66.61761190237962,-53.46646075470878,13.151151147670845,-60.58171935101819,0.17465803965750198,-1.3398045152511882,1204.6229219947868,3,1,1
-48.8538268820479,3.490255415496286,12.181882865401153,-54.924928585462254,-42.36844562290791,12.556482962554341,-49.39083989568111,0.055404097076160085,-0.7838783548093589,977.076537640958,-54.02586576753997,4.056498159432594,16.455177317480018,-61.09707036239515,-46.0153644553925,15.08170590700265,-54.758176408181626,0.2085166204471959,-0.833328349594137,1080.5173153507994,-50.979390566624026,3.5295965516456547,12.458051817388895,-57.62870280635284,-44.4464638734565,13.18223893289634,-50.96537951307877,0.12410598003251762,-0.740442393558622,1019.5878113324804,-58.52603514003008,3.243567916608363,10.520732829651118,-63.699248550033694,-49.00024469875173,14.699003851281965,-58.376712065344336,0.9128221142915315,1.457408259025943,1170.5207028006014,3,1,1
-47.24619401183135,2.7063590523002703,7.324379319967616,-51.83605762918562,-40.86201604364333,10.974041585542288,-46.386314298708484,0.21918874397969007,-0.3338685969707895,944.923880236627,-51.78358399195722,2.8172882969822823,7.937113348313329,-56.35634765737627,-44.85926645107852,11.49708120629775,-51.923331149887844,0.9310227650055295,1.0377304841745865,1035.6716798391442,-48.07983870878937,2.2779209874219517,5.188924024937399,-52.231965441964824,-43.272838109754154,8.95912733221067,-48.42311475806697,0.4037312054676431,-0.3788433299866303,961.5967741757872,-57.39999885134895,2.927993529171261,8.573146106868775,-63.83071337976498,-51.73920572851105,12.091507651253927,-56.75994105501542,-0.2289230873077127,-0.16779131181307072,1147.999977026979,3,1,0
-45.85271099611687,5.584247003437088,31.183814595396104,-54.9838835457361,-37.54698862582326,17.436894919912838,-46.308628230608676,-0.0632630807443098,-1.3968275968444128,917.0542199223374,-51.01426039339745,4.942919462079268,24.432452808602005,-59.203495744981424,-38.34527726871121,20.858218476270217,-50.688744990898094,0.4023657276851329,0.12233403543242272,1020.2852078679491,-49.34811118381339,6.027420806850184,36.32980158285053,-59.24970207762888,-37.7923053589057,21.45739671872318,-50.4877320698469,0.0729603944609364,-1.1131619479981707,986.9622236762677,-56.95448863595692,3.15212071109175,9.935864977293559,-64.71837115962286,-49.78748230951164,14.930888850111224,-57.07730030174609,-0.07858594425839129,0.6455742800073105,1139.0897727191382,3,1,1
-44.199092928869206,4.468000777424262,19.96303094706381,-52.44835454738544,-34.818849592199925,17.629504955185517,-44.747331780604576,0.308813644065597,-0.6570418360418291,883.981858577384,-50.17234077680116,4.861781559624115,23.636919933501087,-60.314757760659425,-43.06367807185399,17.251079688805433,-49.30518019937135,-0.5125924513129528,-0.41467810713196496,1003.4468155360232,-44.97273665508514,3.7825145897753485,14.307416621863371,-52.00488203931422,-37.95939216997814,14.04548986933608,-44.614029202392956,-0.052302107854991786,-0.6781703029352419,899.4547331017027,-54.34735022045925,3.266527085097998,10.670199197678823,-60.54117597307251,-45.19445354992965,15.346722423142864,-53.8640413018882,0.704582050166993,1.1848701257310603,1086.947004409185,3,1,1
-44.21636416548435,4.497094885551537,20.223862409653787,-52.87475227562778,-36.70922893174544,16.165523343882334,-44.46829890592303,-0.2040776726955527,-0.7442267811984653,884.3272833096869,-47.87424198608867,5.394555042518141,29.101224106757904,-58.075420719874366,-38.58134491862114,19.494075801253224,-47.61437765307232,-0.030186433372400453,-0.9905021109931722,957.4848397217731,-47.66615991362975,5.46154963495888,29.828524415119478,-59.59029560391825,-35.273274639019284,24.317020964898965,-46.85314608541759,-0.011936091788714378,0.15351200575069512,953.3231982725948,-53.65927390736671,3.79406832181177,14.39495443057558,-57.917372774946465,-44.61640976211716,13.300963012829307,-55.206878450540984,0.8549495678186437,-0.3136766980231682,1073.185478147334,3,1,1
-47.03976653811311,3.467311732406284,12.022250649682267,-52.66125413928194,-39.7237120004541,12.937542138827837,-47.017224779617266,0.4355248306881415,-0.3908938114321314,940.7953307622622,-54.01521138451769,3.0362469709510385,9.218795668609356,-60.492099670920396,-48.27361174956205,12.218487921358346,-53.850598769859516,-0.4924756679610106,-0.21064375798428792,1080.3042276903539,-49.63111815594395,2.3361216383824144,5.457464309318535,-53.642402136103584,-45.55267738294577,8.089724753157817,-49.5501195082075,0.039866348700574324,-1.1141204852965034,992.6223631188791,-58.06037470929151,2.252323391137388,5.072960658264623,-63.08096333219575,-53.58410146774276,9.496861864452988,-57.42015608012697,-0.20379478121908093,-0.35213206497437577,1161.2074941858305,3,1,0
-48.465682471260955,2.802884756250658,7.85616295682231,-54.70638777528182,-43.07286436517016,11.633523410111657,-48.762019943805726,-0.1084716783597261,0.019577960870645228,969.3136494252191,-54.410578533204216,2.877856077449216,8.282055602511388,-59.04498094043526,-49.57375215435653,9.471228786078733,-54.68309276655435,0.10554873428774247,-1.129292175524313,1088.211570664084,-50.011896134545225,2.3007514318467504,5.293457151144871,-54.40789623374204,-46.23800630678967,8.169889926952372,-49.42069336625018,-0.328095350802599,-0.8954119464343142,1000.2379226909046,-58.77809944137421,2.0894396923725393,4.3657582280618525,-62.68393398054434,-54.87342487416414,7.810509106380202,-58.4384263656312,-0.07510214879076473,-0.6203031686364846,1175.5619888274841,3,1,0
-44.848188800078134,3.9325930418704864,15.465288032968166,-52.3024312495794,-36.78745970993077,15.514971539648627,-44.744045101219925,0.0496294532159308,-0.6397481574905979,896.9637760015629,-51.29449897228237,4.374628870932291,19.13737775839433,-62.44033576055,-44.21576564271125,18.224570117838752,-50.60137395813898,-0.4648374659168126,0.08425009676112039,1025.8899794456474,-46.37943989382735,4.336893628291428,18.80864634311478,-55.026288982117194,-37.808986597667236,17.217302384449958,-46.64654130636542,-0.08478657511059097,-0.6571538597552649,927.5887978765471,-55.59137751787546,5.165135875548569,26.678628612878885,-64.69815754817628,-46.27286432523486,18.42529322294142,-55.7529924316396,0.14278015415374148,-0.6936670515425578,1111.8275503575092,3,1,1
-46.5307559995852,3.5564793762980873,12.648545554033634,-52.522719281994576,-39.12768451376726,13.395034768227319,-46.69355067112757,0.05682612637655395,-0.7238767411355389,930.6151199917042,-52.88073151444125,3.437140178772174,11.813932608530012,-59.115812958267774,-46.241391626570916,12.874421331696858,-52.365289933879694,-0.06850945266893642,-0.8502736442280634,1057.614630288825,-49.218660122250796,4.196657743089334,17.611936212631665,-56.69247371997588,-39.11680402645124,17.575669693524638,-49.44890861186394,0.33569939336702087,-0.1501117241619494,984.373202445016,-58.580643150665914,3.893794458010881,15.161635281236249,-68.17830774309272,-51.944526067271575,16.23378167582114,-58.04753759766872,-0.7837035356351834,0.302734171185,1171.6128630133185,3,1,1
-47.88852162158913,2.2940765478552954,5.262787207419668,-51.984111520712545,-43.93106816850322,8.053043352209329,-47.626199859022776,-0.14776984409265143,-0.7829284594794568,957.7704324317824,-53.340185703424254,1.7594959658768459,3.095826053936895,-56.90608392646679,-50.75771223761251,6.148371688854283,-53.0773139512428,-0.23953666979307636,-0.8474283726903629,1066.803714068485,-50.36865990523583,2.7270069677962026,7.436567002409039,-55.6229673184303,-45.11555110454883,10.50741621388147,-49.7602566106731,-0.1623084628505779,-0.7866212282817377,1007.3731981047167,-59.63825191164718,2.2483465940142704,5.055062406815571,-64.03499824085151,-54.236846577330816,9.798151663520692,-59.603198629934,0.1114109995844326,0.4268711632928479,1192.7650382329434,3,1,0
-45.59033578707918,4.315186278868753,18.620832621337154,-52.99037323935639,-37.80664896552942,15.183724273826968,-45.77344687462947,0.12595292082273274,-0.8992208371153403,911.8067157415835,-52.752957956153764,4.9918484346188645,24.918550794206812,-61.15762786029994,-43.70498403411769,17.452643826182246,-52.748791562646375,0.08783507141723798,-1.084494878260951,1055.0591591230755,-47.55592544273461,5.220539156218894,27.254029081614686,-56.5118288048758,-34.15383158002626,22.35799722484954,-47.714715788624005,0.38970821517265136,0.3993999426281407,951.1185088546921,-57.93235720509331,4.611473909218164,21.265691615399852,-66.5442363303251,-47.344757162093934,19.19947916823117,-59.356109863180805,0.41744192528401647,-0.4001264245388012,1158.6471441018662,3,1,1
-46.32348176742568,2.2998542282857413,5.289329471363802,-50.28401666532714,-40.46775715722201,9.816259508105126,-46.780547369571224,0.5938354326231462,0.29613636630381945,926.4696353485136,-50.060718899486474,1.9084713622251162,3.6422629404333904,-53.949307368309746,-46.630790916923374,7.3185164513863725,-50.03671734102615,-0.06868192041107034,-0.7346850387826862,1001.2143779897295,-48.58830628673941,2.489061200458275,6.195425659626789,-52.7798455326933,-43.350802171782696,9.429043360910605,-48.39641215759934,0.10037383755626998,-0.6494406475234555,971.7661257347881,-56.05203407237684,2.2539211882634937,5.080160722903119,-61.64786949112343,-53.06304366463695,8.58482582648648,-55.88124505255437,-0.7450558629537053,0.1820588974987789,1121.0406814475368,3,1,0
-46.269382687044285,2.5148487556551893,6.324464263820454,-49.82558091904982,-40.03360975388032,9.7919711651695,-46.2370495488379,0.6023367184367484,-0.06047518898562565,925.3876537408858,-52.354658131206385,1.951316208144038,3.8076349441656268,-56.691391167437246,-48.370109217929276,8.32128194950797,-52.3557366572114,0.11283958329520988,-0.014152597298526803,1047.0931626241277,-48.80654867485815,1.765106766032785,3.1156018954947173,-52.208863731729366,-45.53317043303514,6.6756932986942275,-48.81294455195822,0.13617659563931325,-0.666308019792953,976.130973497163,-55.95567302053244,2.116647352992501,4.480196016930161,-58.788798649798714,-50.55816122028125,8.230637429517465,-56.074807208476955,0.6985672093788355,-0.040063141070298514,1119.1134604106487,3,1,0
-45.00416634388297,4.846396701837294,23.487560991579407,-57.474802124354895,-36.34285542833456,21.131946696020336,-44.58569776297935,-0.4390055550436132,0.618375565903158,900.0833268776593,-51.45942973523047,4.185508154499051,17.518478511378053,-58.3343520168819,-44.33923479875384,13.995117218128058,-50.97958481743746,0.05116504372663502,-1.0876872867949152,1029.1885947046094,-48.11989861129738,3.9363310273186776,15.494701956631715,-55.32405761105989,-39.44495265432661,15.87910495673328,-48.13866365913704,0.06448793316256149,-0.5297440587290625,962.3979722259476,-56.563909944087015,4.01794317112762,16.143867326411076,-65.74430780623742,-51.147097834859,14.597209971378419,-55.01064537934827,-0.9407324637554355,-0.2405653864186421,1131.2781988817405,3,1,1
-48.8518805718066,4.348026072176104,18.905330724323157,-62.094015569981025,-42.997876947711966,19.09613862226906,-47.921506191615144,-1.2839498186566656,2.0421956388322338,977.0376114361319,-54.077603934222736,3.7319147199342924,13.927187476862247,-65.15735241879541,-48.83713127588421,16.3202211429112,-53.528898350290156,-1.0445746060602041,1.509008149723436,1081.5520786844545,-50.279634088431145,3.180430420934706,10.11513766240691,-56.44053075969406,-44.352392867975055,12.088137891719008,-50.68234115618897,0.2092990348380989,-0.6377388902016636,1005.5926817686229,-57.568459809679304,3.8622895959465264,14.917280922956781,-65.02196315678032,-51.33799202346801,13.683971133312305,-57.44497938439302,-0.1244934794573036,-1.2119245890266224,1151.3691961935863,3,1,1
-46.02970816216608,4.178137368908546,17.456831873470026,-54.97209845750987,-39.150999438987604,15.821099018522268,-45.1373124116692,-0.29825214204426403,-0.5595933774268458,920.5941632433216,-51.73240055910867,3.5749694129686307,12.780406303661275,-60.14560798955826,-43.01341683357101,17.13219115598725,-52.30411984403962,0.00318943144509872,1.0128072956089031,1034.6480111821734,-47.813002442728404,4.31677260524858,18.634525725424616,-57.0906079491182,-37.308541916418584,19.782066032699618,-47.87309394423688,-2.651070897253423e-05,0.59712457365554,956.2600488545681,-56.35791623693639,3.101231539041592,9.617637058746281,-61.43609263348774,-47.293181924104374,14.142910709383365,-56.60911199220381,1.0549948117066452,1.5516679554067485,1127.1583247387277,3,1,1
-48.664643729126524,4.50389757544301,20.285093370081423,-55.72064586741097,-39.86190730037587,15.858738567035104,-47.94702900601453,-0.043045501499140396,-1.066301728500744,973.2928745825307,-54.25381615873266,5.236489396405301,27.42082119866516,-64.00811870543706,-42.45987530303351,21.548243402403543,-54.96098760654834,0.15872850920533096,-0.18421039877975787,1085.0763231746532,-49.35626854059312,4.489439614783675,20.15506805478899,-59.14603581865326,-42.04048437296977,17.10555144568349,-47.96421514837005,-0.648203197813759,-0.21806064686814253,987.1253708118624,-57.66193592700021,3.77384137129783,14.241878695719086,-67.09514371097583,-50.51766533520051,16.57747837577532,-57.081964118021745,-0.3823407352014912,0.3524973013443975,1153.2387185400044,3,1,1
-46.377985985640876,4.355116295384976,18.967037946327753,-57.34271512207714,-37.15588815432255,20.18682696775459,-46.024182192636445,-0.09053342742370252,0.702566543524394,927.5597197128174,-52.10032541294005,3.7484167794580303,14.050628352522512,-58.519164692688136,-44.758588017124914,13.760576675563222,-52.00031920872159,-0.037833599923917854,-0.8979574787522302,1042.0065082588012,-49.86182262689718,4.098211974417461,16.795341387258667,-57.253354539725294,-39.578144246654375,17.67521029307092,-49.76943955813027,0.693668371083762,0.6590411790789834,997.2364525379436,-58.21059241141686,3.7098021557964964,13.76263203515233,-64.94112766267874,-52.51115795702777,12.429969705650969,-57.63929227557357,-0.271240132037876,-1.036296039414551,1164.2118482283372,3,1,1
-49.857987455150564,3.0001793668842427,9.001076233477935,-54.96475363078455,-42.71044243141355,12.254311199371003,-50.16197930699603,0.3854224361545751,-0.3146183485939149,997.1597491030114,-54.272195558579156,1.9676045983028962,3.871467855262702,-58.36924895899715,-51.227510509766994,7.141738449230154,-54.05847721818419,-0.45703678501395145,-0.7419860304611023,1085.443911171583,-51.85154147031642,2.4885833193473217,6.193046937333734,-55.92671817200266,-46.96040485327951,8.966313318723145,-51.57811251964405,0.04632083046634109,-0.767106908607381,1037.0308294063284,-60.01250024195649,1.6672074600226472,2.7795807147551668,-63.28919393405537,-55.7327482239755,7.5564457100798705,-60.275330805589626,0.4571559180217287,0.46612798071681727,1200.2500048391298,3,1,0
-45.86901698987931,3.550064738097392,12.602959644682503,-51.9854621889975,-38.99642346086754,12.989038728129962,-45.79063471574126,0.1600005124316213,-0.8874578073518258,917.3803397975863,-51.537698756055136,4.171653858785319,17.402695917518447,-58.51094309569574,-42.78930665205375,15.721636443641984,-51.00118730132753,0.3912692373548253,-0.5320254348034568,1030.7539751211027,-50.07504759729332,3.8971024555291582,15.187407548891395,-57.45794433975867,-41.68287182800193,15.77507251175674,-50.50022585279797,0.15752026132127972,-0.7513862616013336,1001.5009519458666,-55.71014442924572,3.4603857572592136,11.97426958904242,-63.61779668642828,-47.00608622605396,16.61171046037432,-56.160925802190974,0.21761167639246207,0.8770605709672319,1114.2028885849145,3,1,1
-49.19047336842088,2.2375301987574243,5.006541390351439,-51.99003273206481,-45.02397592090997,6.966056811154843,-50.01095759313107,0.5780355673125133,-1.1821073528169466,983.8094673684177,-54.74031461563011,2.725829602250619,7.4301470205057685,-60.672402077869485,-48.42458588541018,12.247816192459304,-53.927113386484606,0.007445097710246305,-0.029689692702928205,1094.8062923126022,-51.80920767028506,1.558066825339833,2.427572232224546,-54.19769206081692,-48.443681686290134,5.754010374526786,-51.58462267696049,0.23157228145836387,-0.8083168025518894,1036.1841534057012,-60.150232429750794,2.2941121288281474,5.262950459636415,-64.16106649043098,-55.79372216717532,8.367344323255665,-59.9642213103606,0.021903330804041384,-0.5997998187514688,1203.004648595016,3,1,0
-44.9243570331173,4.621217335045763,21.355649657727465,-50.27422871201982,-36.03268307618275,14.24154563583707,-45.960877300822645,0.5067198657530886,-1.2409418817978706,898.4871406623462,-50.22551432334156,4.3507511469275135,18.92903554249107,-61.08810012839267,-43.87762705775842,17.21047307063425,-50.15113957320763,-0.6720051601279033,0.19970768477331102,1004.5102864668312,-48.95265980530753,4.948259689942887,24.48527395911368,-54.83470266343961,-38.93599112154632,15.898711541893285,-50.695915230845884,0.7462027282008198,-0.578135276897878,979.0531961061508,-55.12964660574304,3.9938980098765096,15.951221313295544,-65.53134152512851,-47.40174439894847,18.129597126180037,-55.71832898939272,-0.363385457401543,0.5382354250280326,1102.592932114861,3,1,1
-47.696107440890884,3.9887948044606887,15.910483992092583,-54.92494000938385,-38.67840916414645,16.2465308452374,-48.40953817076713,0.3016317784566723,-0.2516672960111692,953.9221488178177,-53.345344157327396,5.22001261766766,27.248531728609578,-62.55243406553222,-42.1525465661313,20.39988749940092,-53.70911790869391,0.11987568601026226,-0.5364768353745033,1066.9068831465477,-51.74123646291272,3.7209443791374444,13.845427072634541,-58.56210849158499,-42.81571114667124,15.746397344913753,-51.75643470228907,0.6375942855912096,0.38968486466721597,1034.8247292582541,-59.71646234469333,3.85079973407528,14.828658591954248,-67.1603726070707,-52.682064419662076,14.478308187408622,-59.895471366755714,-0.12773257225581236,-0.7410554561413956,1194.3292468938666,3,1,1
-47.58188930268279,4.094924415028817,16.768405964799104,-58.000513167507215,-39.59055533518908,18.409957832318135,-46.994010195863744,-0.5648011812551862,0.31907073011862286,951.6377860536556,-53.3305014319008,4.853624134637304,23.55766724033372,-63.60291402474718,-44.46921100111535,19.13370302363183,-53.7317681379585,-0.06918293737514007,-0.4945884554058506,1066.610028638016,-49.014722075801515,4.773441468354069,22.78574345180225,-58.10499067101965,-39.72224566662308,18.38274500439657,-48.93647449961277,0.005091308249737753,-0.3735564268724021,980.2944415160305,-57.1769169165165,4.204118489756779,17.67461227591482,-65.39761677240791,-50.33522167152275,15.062395100885162,-57.1788081932056,-0.06518523363254372,-1.1088560708988746,1143.53833833033,3,1,1
-49.205777327724036,2.1139992629183273,4.468992883619231,-53.11699031948776,-44.83027696548435,8.28671335400341,-49.154531797648474,0.11245935395198434,-0.5240999557591106,984.1155465544808,-53.22884886043448,2.1480330898501374,4.614046155091129,-56.77487259052266,-48.43562120370721,8.339251386815455,-53.43678989979429,0.5106548976356639,-0.27106051923676366,1064.5769772086896,-51.63056133077363,2.7419870280455974,7.518492861970327,-56.41311524111483,-44.722600393325784,11.690514847789046,-52.20110359058566,0.6059105634168451,0.14574068750096236,1032.6112266154723,-58.96865148262665,2.559885237385627,6.55301242858487,-63.910100996159706,-54.53128747635407,9.378813519805632,-58.56023944787616,-0.27008991771294794,-0.5817171245273092,1179.373029652533,3,1,0
-44.87655666178484,2.567851041107332,6.593858969316008,-49.68391052165117,-40.304210578075015,9.379699943576156,-45.47744145876034,0.13695142664262724,-0.6956810756214629,897.5311332356969,-49.921584789066046,2.024977513478228,4.1005339300924675,-55.42177941399692,-46.1896161883693,9.232163225627623,-49.415177064892646,-0.7518050095655058,0.8239733628912562,998.431695781321,-46.25031813940032,2.8649423549105415,8.20789469696036,-50.33806543570288,-41.78475591981894,8.553309515883939,-46.72371383107746,0.18680823854954778,-1.3699333736608559,925.0063627880063,-54.269922595080104,2.3866210676386714,5.6959601204967525,-59.73513413397171,-50.24060154575715,9.494532588214561,-54.25072412083043,-0.07460528857319572,-0.24900994645674768,1085.3984519016021,3,1,0
-46.52487699293513,2.426936428102072,5.890020426048844,-51.246051762160725,-40.59175484754355,10.654296914617177,-46.77252978124052,0.25213910384483396,0.16470499464018618,930.4975398587026,-53.31367470106377,2.2929163946126003,5.257465592683246,-57.68150031667591,-50.11938046035425,7.562119856321658,-53.57889300851612,-0.07078360016480752,-1.2248428870225665,1066.2734940212754,-50.73182297164195,2.4731669917229335,6.116554968947864,-53.72392375726524,-44.1408111226515,9.583112634613741,-51.121404874470656,0.8631355598362243,0.31359004315851857,1014.6364594328389,-56.49022112191581,2.6664099202303464,7.109741862702802,-61.92018134374693,-51.84813395514389,10.072047388603046,-56.11873756588999,-0.12396231221932377,-0.33395115684398213,1129.8044224383161,3,1,0
-41.906586270131115,5.181110033629601,26.84390118057732,-52.4941895973148,-30.0,22.4941895973148,-42.10505759761082,0.17478507472049795,0.029038592507898198,838.1317254026226,-50.87715441952368,4.128919044517715,17.04797247618108,-59.048657871676525,-42.3899711099139,16.658686761762624,-51.41802754137291,0.2993765063796344,-0.21001994341787977,1017.5430883904737,-47.06182118555104,5.372289035170337,28.861489477411435,-57.607365549748806,-37.562172946696606,20.0451926030522,-47.856156869313914,-0.01347747684185237,-0.396600771744152,941.2364237110207,-53.151573362321436,4.285583038703603,18.366221981624008,-61.57077368743331,-45.24128632661746,16.329487360815847,-52.50020564963388,-0.15647458467110814,-0.6858105463928656,1063.0314672464287,3,1,1
-47.15260547709552,3.8865630638682327,15.105372449424824,-53.554501477394545,-39.802735473827184,13.751766003567361,-47.7930466019311,0.15420150468718086,-0.8348236383664065,943.0521095419103,-50.828550427845954,4.064360027144205,16.519022430247638,-57.56045116863304,-42.29927254119079,15.261178627442249,-50.001853864321276,0.08023227978923252,-0.8555811831754778,1016.571008556919,-45.98271002811755,4.223606893889576,17.83885519411155,-54.82902411912515,-37.06174717543678,17.767276943688373,-46.68158117126194,0.32583863935537644,0.13597836749289138,919.6542005623511,-57.17002929897542,5.12047704686665,26.219285187488214,-68.6149033827837,-47.54101142680977,21.073891955973927,-57.45242059709571,-0.20726537468072928,-0.5356915286411437,1143.4005859795086,3,1,1
-49.581900665501486,4.324074569320389,18.697620881043303,-57.18400308393517,-41.69353796835104,15.49046511558413,-49.38857006026854,0.010098665383443728,-1.0251963270543967,991.6380133100297,-54.55666183716892,3.47459431457328,12.072805650864963,-60.198674487090365,-47.9639146546213,12.234759832469067,-54.24788304584472,0.3033658123325654,-0.9291224500588027,1091.1332367433783,-51.02192651610484,4.2795435094578504,18.314492649342817,-57.49298795756598,-43.64390476936568,13.849083188200296,-52.668017901356464,0.40009321898313904,-1.3028456425098025,1020.4385303220965,-57.993736185859504,3.794506244651985,14.398277640702911,-64.14977113168034,-51.83435812094406,12.315413010736279,-58.144218215102555,0.046900046752116197,-1.130919908361974,1159.8747237171901,3,1,1
-46.54265466145906,4.57908813203233,20.968048120919327,-57.726436485690726,-36.55110364091511,21.175332844775618,-47.17811874180218,-0.08528605684173297,0.5335824956305788,930.8530932291811,-51.79027535523287,4.125846144826741,17.02260641078168,-62.68780595869722,-42.94038826231247,19.74741769638475,-52.096498696234654,-0.2597696432005947,0.9854034705305237,1035.8055071046576,-48.249171320118286,3.8372630146742424,14.724587443786856,-56.88490354260756,-43.139247608337904,13.745655934269656,-46.97594203004414,-0.5656300556234158,-0.7947757378292426,964.9834264023656,-56.360633902306986,4.175472905743035,17.434573986594188,-68.0893252123942,-49.65303473019221,18.43629048220199,-55.863963030155716,-0.92840521941015,0.9863217151246819,1127.2126780461397,3,1,1
-53.06132101080699,3.0520504956750893,9.31501222815056,-60.304416484225676,-47.42041500386342,12.884001480362258,-52.548000985211075,-0.4098096628167375,-0.24832881765191805,1061.2264202161398,-57.019822919263106,2.67413514009363,7.1509987474835786,-61.426338131768794,-51.18610603765336,10.240232094115434,-57.01018707283208,0.3067956210440722,-0.3799620925465419,1140.3964583852621,-53.942386540605796,2.608385369684434,6.803674236783801,-58.966414164782634,-49.251617051004004,9.71479711377863,-54.061135148970095,0.008698067557577243,-1.0837629430192628,1078.847730812116,-61.61489588630011,2.7380645993917208,7.496997750442145,-65.79349487054331,-56.34910145898009,9.444393411563226,-62.03392046071403,0.30816781868877574,-0.958230051675522,1232.2979177260022,4,1,0
-52.86035795638479,4.126619950655526,17.028992217148215,-61.434579603821575,-45.01078272993302,16.423796873888556,-52.53067359513838,-0.3041323790732588,-0.22807718461291637,1057.207159127696,-57.82205779109479,4.43578750382386,19.676210779079916,-66.94013873735564,-47.999882816811116,18.940255920544523,-58.209040139381,0.08208862233625842,-0.21976140673987832,1156.4411558218958,-54.09141973427906,3.584579389323365,12.849209398361868,-61.15401235680125,-46.82404169236544,14.329970664435812,-54.13784534531845,0.09868747126860207,-0.5978826220180573,1081.8283946855813,-62.977956350454996,3.362704836893044,11.307783820063873,-68.46343892450263,-57.71059621151175,10.752842712990876,-62.808106842678754,-0.15760168303226296,-1.1570534372899424,1259.5591270091,4,1,1
-48.560940918283535,5.298653051272678,28.075724157761265,-58.43573155490274,-39.64691264768347,18.788818907219266,-47.422613251983464,-0.06613064862848515,-1.157026745051226,971.2188183656708,-52.98818198287224,3.582015058961866,12.830831882629578,-61.15436762428226,-47.82573479058571,13.328632833696545,-52.916270181104636,-0.3947017060039582,-0.6377780073021659,1059.7636396574449,-51.69374298230546,6.280711345600949,39.44733500676048,-65.57943243515824,-40.029399016298015,25.550033418860224,-51.51626320971307,-0.0172288357638856,-0.2773934438657202,1033.8748596461091,-57.376387866763366,5.735581537202421,32.89689556989729,-68.22617761734269,-50.25727856785839,17.968899049484293,-55.550642885615524,-0.5818081559619815,-1.0186942229997922,1147.527757335267,4,1,1
-49.120399758132386,3.427362798613475,11.74681575331959,-55.59172707773086,-42.65641715060129,12.935309927129566,-48.643298549001486,0.09221297090714492,-0.20986553185603762,982.4079951626477,-54.70132861821899,4.300315034238857,18.492709393700743,-61.67715881942638,-44.12871869054746,17.548440128878923,-55.61818033059218,0.6301166437992316,0.05185526176996946,1094.0265723643797,-52.7820868071989,5.430958888141183,29.495314444679718,-66.42695113130135,-43.82621507419719,22.600736057104164,-51.25095679156066,-0.751070092887047,0.10253868042935732,1055.641736143978,-59.24159699999569,4.024947236641379,16.200200257747074,-67.97329392115962,-51.22818349034297,16.745110430816652,-60.09624336854259,0.07216433723821086,-0.419452310374012,1184.831939999914,4,1,1
-49.7074423900206,2.7540985591646545,7.585058873592826,-56.29389112050438,-44.63416038273244,11.659730737771937,-49.12351366292156,-0.5263787349749126,0.0014837524633821708,994.1488478004121,-56.09511197928246,3.0651353777817913,9.395054884129525,-62.34601163655936,-50.29604743895141,12.049964197607949,-56.40781002683806,-0.06743444784211754,-0.7786461688729789,1121.9022395856489,-52.081089888844474,2.8691858924459264,8.232227685410727,-57.96831328699807,-47.81601572634411,10.152297560653956,-51.43512324108998,-0.4625567478847517,-0.915627017368192,1041.6217977768897,-59.97174402673774,2.99091800872792,8.945590534932986,-67.43381642738446,-54.23008704198893,13.203729385395526,-59.92145036510835,-0.4245783447381239,0.20333474962427722,1199.4348805347545,4,1,0
-48.3352578273489,2.722084800350252,7.409745660297872,-52.96496147405833,-43.67364942646393,9.291312047594396,-48.808316302336834,0.13916089618960636,-0.8890602374550056,966.705156546978,-55.046730568172755,3.074537259377138,9.452779359298281,-62.26521679296402,-50.59225557239729,11.672961220566727,-54.39012946158297,-0.7303941334427494,-0.289236283369148,1100.9346113634551,-51.153344554313804,3.018496821425906,9.111323060958297,-58.66522487816461,-46.80044366757323,11.864781210591381,-50.50373264894381,-0.7371266637673657,0.03895060615178281,1023.0668910862761,-58.14081366609993,1.9816468917485643,3.926924403576746,-62.465084437890226,-53.06064828728827,9.40443615060196,-58.16138354043625,0.4155364407210163,0.7839119934506131,1162.8162733219986,4,1,0
-48.99459964087781,3.417605170232339,11.680025099598815,-55.84166165136421,-41.88680680823372,13.95485484313049,-48.648780998901714,0.030234119720424987,-0.27086013870428527,979.8919928175562,-53.88789614302867,5.814139881310582,33.804222559446224,-62.7810056209876,-40.67132834421311,22.10967727677449,-55.682713605194664,0.760899061074057,-0.05622508698563111,1077.7579228605734,-49.48835974952454,4.622520714014578,21.367697751493843,-58.444382991312814,-40.34098705146666,18.103395939846152,-49.51416467010306,-0.04451177199736904,-0.22506897426646866,989.7671949904908,-57.68314221431312,4.451801980808619,19.818540876331546,-64.31990123802736,-50.41241445251836,13.907486785508993,-59.6571956165234,0.4595860386584959,-1.3125758048893132,1153.6628442862623,4,1,1
-52.33634039382976,5.055022690381487,25.553254400271687,-60.78154906931768,-42.18349440897045,18.598054660347223,-53.54587069338427,0.34009421462192835,-0.8039620761734403,1046.7268078765949,-54.93099594042699,4.589836596631978,21.06659998378221,-63.53728990651787,-48.41674949583591,15.120540410681961,-52.94112398267643,-0.33592477156545386,-1.2622024095215068,1098.6199188085395,-52.024013870574585,4.845489062795779,23.478764257673518,-62.0118880377779,-43.26291471015508,18.74897332762282,-52.70859142284225,-0.07295415491666543,-0.7757089263382899,1040.4802774114917,-60.54701352166817,6.663942447289165,44.40812894078231,-75.64916220231049,-48.66360779858199,26.9855544037285,-60.12156581627586,-0.3275958792306277,-0.4037380156059296,1210.9402704333634,4,1,1
-45.809406557340445,2.5645258063134944,6.576792611247877,-51.327250144215675,-40.7800336161083,10.547216528107377,-45.44998092759751,-0.2608778691520562,-0.47661811156416034,916.1881311468089,-49.29487719137087,2.778007440335136,7.717325338557375,-54.456986297192365,-42.412994533909675,12.04399176328269,-50.183037308687574,0.6791524435102808,0.17685156567806715,985.8975438274176,-46.53189328273676,3.1395238681148836,9.85661011846304,-54.201893780269465,-42.170003968802206,12.03188981146726,-46.332544083299894,-0.6322337632473048,-0.19632154264558954,930.6378656547353,-54.57398220416851,2.037504308028015,4.15142380523272,-59.32607062386736,-50.465249932806906,8.860820691060454,-54.476472849069935,-0.5949969896804975,0.7197402225983929,1091.4796440833702,4,1,0
-49.243328369787065,4.053674115054738,16.432273831064812,-56.025078854342574,-40.288086177788045,15.736992676554529,-48.911862315944724,0.25288168814036205,-0.573441953656959,984.8665673957414,-54.87182937609801,4.631523456672521,21.45100952970778,-63.088935626418,-47.91116750750378,15.177768118914223,-55.16210639616375,-0.20717244333255416,-1.1557109106761332,1097.4365875219603,-52.534464051104216,4.48779139428439,20.140271598613026,-60.906216648992164,-41.62092358272896,19.2852930662632,-52.62326119612176,0.4931647855793462,0.06270388970094753,1050.6892810220843,-60.14491278486761,4.191993118526295,17.57280630577181,-70.45846750400194,-50.76632552183485,19.692141982167094,-59.418110193357364,-0.10308136986360845,0.6453934895218323,1202.898255697352,4,1,1
-46.41761650184322,4.085146978138964,16.688425832997915,-52.15377393325688,-38.8414166046366,13.31235732862028,-46.98927610665782,0.23118409820901617,-1.1382332778360078,928.3523300368645,-51.694047747376786,3.838949218229988,14.737531100148633,-61.382837919401595,-45.36291785220998,16.019920067191613,-51.761416955796435,-0.5637916645673903,0.3029420059603618,1033.8809549475357,-48.14680452732553,4.545801738062568,20.664313441772666,-54.71307512018681,-37.10345116381473,17.609623956372076,-47.72813281194516,0.5291965922613445,-0.2708881313655702,962.9360905465105,-58.31681041170957,4.117825499782558,16.956486846659473,-64.86446895109748,-50.9069444474285,13.957524503668978,-58.27491558733789,0.20235123516266063,-0.9877754249935315,1166.3362082341914,4,1,1
-49.410503723918296,2.5170126328750198,6.335352594052439,-54.52169442378203,-42.07237127230058,12.449323151481451,-49.70581187989346,0.9394881909400303,1.9207924043929347,988.210074478366,-56.287506458010476,5.100499812892879,26.0150983413203,-64.27001510062343,-44.552472719901836,19.71754238072159,-56.676311033628,0.31379212180079036,-0.6238117192998565,1125.7501291602096,-50.06683182049864,3.825130643806934,14.631624442190851,-60.05433466849716,-44.08540185517731,15.968932813319853,-49.82305315214662,-0.779187956789845,0.31567559921470023,1001.3366364099729,-58.34679549241471,4.420460831261378,19.540473960716035,-67.6200613373737,-50.828780532856236,16.791280804517463,-57.43840947774767,-0.28021140677210227,-0.9340230352653571,1166.9359098482946,4,1,1
-48.97667481084968,2.9035962519343776,8.430871194247365,-54.20722247246625,-43.9242929984945,10.282929473971748,-49.69829669946989,0.18458494731423447,-0.6827531365635546,979.5334962169939,-55.78318587072626,2.527981000847921,6.390687940648055,-60.92988795083346,-51.46726987431519,9.462618076518268,-56.05558322132272,-0.18904572880869144,-0.6479505975507163,1115.6637174145249,-53.2134145274848,2.904852871350591,8.43817020419377,-58.5948392216498,-46.46929206449877,12.125547157151033,-53.20679025640821,0.30978867066695104,-0.09450280986007664,1064.268290549696,-60.26205055749013,2.383725153616945,5.6821456079861274,-67.05004647687619,-56.35029732670809,10.699749150168103,-59.50570073455228,-1.2354821375826197,1.4372147840782068,1205.2410111498025,4,1,0
-47.80987446652557,2.9292030499974673,8.580230508114465,-53.2614906846498,-44.04116812906618,9.220322555583621,-46.5408954818631,-0.6487492081492743,-1.0351802824909317,956.1974893305113,-52.902339468783,2.4586142177986448,6.044783871961642,-57.13320719466983,-49.2544324288349,7.878774765834926,-52.85484823020646,-0.21016330655581197,-1.166386161928082,1058.04678937566,-48.87012369008379,2.2115078153133365,4.890766817191966,-52.30310647592813,-45.908554749996725,6.394551725931407,-48.66988436706907,-0.22237830008944484,-1.4303286804557114,977.4024738016758,-56.517307618359645,2.8198025827682605,7.951286605786552,-60.28716252205586,-48.63743263696867,11.64972988508719,-56.72413354431134,1.0097019153115243,0.9232375403619355,1130.3461523671929,4,1,0
-45.256497030532415,2.959032126404526,8.755871125094092,-51.593965235156425,-40.80651274728548,10.787452487870944,-44.63618842711444,-0.5736686052400661,-0.4995800774647843,905.1299406106483,-50.66984049287596,3.2547440116967836,10.593358581676073,-57.24454769352605,-44.351070783766076,12.893476909759976,-51.19189998439815,0.1209784331276022,-0.5872534771221503,1013.3968098575192,-48.05190033953421,3.406166649860088,11.601971246619097,-54.460596916999094,-42.7236562247421,11.736940692256994,-47.66957041000121,-0.35555045350723585,-0.7342843264625958,961.038006790684,-56.22492031062806,2.5100461416586577,6.300331633255514,-59.921727135914374,-50.15781363007397,9.763913505840407,-56.52887382985122,0.444522804847051,-0.3853429711656209,1124.4984062125613,4,1,0
-46.92473031802551,3.227836638212093,10.418929362984345,-54.72348642485104,-42.087326470595194,12.636159954255845,-47.06542025028462,-0.5549701082441705,-0.1208221572516619,938.4946063605103,-52.462787962536595,4.113187010347183,16.91830738208879,-64.04272723883098,-46.164099154581365,17.878628084249613,-51.90272453428528,-1.0652513594262916,1.4419153263741915,1049.255759250732,-49.9011392097848,5.8119288695993605,33.778517185282496,-64.10767505085168,-40.96468277698841,23.14299227386327,-49.303150638027226,-0.6674485613989578,0.04283305031738882,998.0227841956959,-56.26056089497597,5.062019660611993,25.624043044422354,-67.35468977942128,-48.35596320649397,18.99872657292731,-55.87793872200412,-0.270916803715421,-0.8428595849642697,1125.2112178995194,4,1,1
-54.47808946272314,4.357025851238306,18.983674268358886,-61.04436289940281,-44.708461148769324,16.33590175063349,-53.652352844627345,0.32626144250599165,-0.6192915608129006,1089.5617892544628,-56.37502605246094,4.619132103526356,21.336381389827814,-68.98293684376563,-49.69038989802869,19.292546945736937,-56.8899829171725,-0.6866031743024966,0.6528269926167045,1127.5005210492188,-54.21626653886413,4.522051582988668,20.448950519210324,-61.497128805608604,-44.154942745729244,17.34218605987936,-55.62886675416673,0.6237869757476134,-0.5041207689629186,1084.325330777283,-63.12657915197119,4.7241909997113565,22.317980601753785,-71.15527872246396,-55.32264782291643,15.832630899547532,-64.34541643877067,0.18872703822082088,-1.1574867547643153,1262.5315830394238,4,1,1
-46.54098269110452,3.8522893433004817,14.840133184506456,-52.888148509186934,-39.77946194335626,13.108686565830673,-45.53396064354831,-0.1315896165297927,-0.9563299024608622,930.8196538220903,-51.251960706956766,4.956872531427565,24.570585292821114,-59.524853909018184,-41.3427631423296,18.18209076668858,-49.948509411125436,-0.07325115687395425,-0.8161733523002939,1025.0392141391353,-48.91743298094152,2.809448175017344,7.892999048108285,-54.27040444571364,-43.29719420563411,10.973210240079524,-49.23253343529751,0.22170127854953015,-0.6579890535649122,978.3486596188303,-55.4210660683933,3.535527327881962,12.499953486200166,-62.44373812507443,-49.052435377718595,13.391302747355837,-54.64753470935102,-0.43410116269462995,-0.10528785344272418,1108.421321367866,4,1,1
-49.91073275235572,3.8226422606700377,14.612593853060535,-55.253672838976314,-42.09985687281532,13.153815966160991,-48.9671274782585,0.19720450045737206,-0.9527500695117874,998.2146550471143,-52.35673838448364,3.4377284245153863,11.81797672072104,-58.395078960403524,-45.4527505523681,12.942328408035422,-52.16431194278465,0.0752259482085731,-0.9405435958285668,1047.1347676896726,-51.494595465672944,5.2550429456596275,27.615476360727012,-58.215246998845615,-40.61953489649388,17.595712102351733,-52.47892037740597,0.423740553469183,-0.9749765161550075,1029.8919093134589,-59.27189487680803,4.34054542756916,18.84033460879154,-68.2775290934683,-51.279204981804874,16.99832411166343,-58.651965851286064,-0.2703659522161316,-0.18530708312617739,1185.4378975361606,4,1,1
-48.531075238923144,2.6514743727482797,7.030316349340883,-54.38116126988498,-41.861994897203566,12.519166372681411,-48.1439841753723,0.2016847528533972,0.6200814495030653,970.621504778463,-53.67770874697883,2.754327143419307,7.586318012976361,-57.866650301654026,-46.90143699913332,10.96521330252071,-54.295882502105655,0.7120827919823446,-0.041894398364834995,1073.5541749395766,-50.647371339797886,3.003315462449285,9.01990376698696,-56.07055121884269,-43.637666968656205,12.432884250186483,-50.95876151523987,0.6038090761426557,-0.09038637572291286,1012.9474267959578,-58.48231206393787,3.4333980034229037,11.788221849908382,-66.16007158163218,-52.754390599561624,13.405680982070557,-58.22045537091123,-0.4356532195852804,-0.34458707696151514,1169.6462412787573,4,1,0
-52.17667724870087,2.6816813015678305,7.191414603178534,-56.403032182755084,-45.54650863680386,10.856523545951227,-52.576449994783374,0.7519462492930178,0.27881637469853926,1043.5335449740173,-56.18483689152284,2.244921073981262,5.039670628405184,-60.34648432309114,-52.7401532725148,7.606331050576337,-55.91977805254024,-0.18426593402274452,-1.1007134751505483,1123.6967378304566,-52.674167432177384,2.334797017193697,5.4512771114965854,-57.87709607132049,-48.53392184386887,9.34317422745162,-52.485009370894204,-0.2991630060289037,-0.37906555686992416,1053.4833486435477,-63.105150441298214,1.594975696418458,2.543947472165545,-67.31444329694978,-60.038796563723935,7.275646733225841,-63.07643596506252,-0.565473689462529,1.056765789404925,1262.1030088259643,4,1,0
-50.243303259552206,3.028667343292933,9.172825876329075,-55.49994124119572,-45.06818961558322,10.431751625612499,-50.20471663019606,-0.04003522809340718,-0.6767173978760224,1004.8660651910441,-57.5506777180597,4.5264502394222665,20.488751769965898,-68.76254709657968,-50.73537412053939,18.02717297604029,-56.67259506727485,-0.9303338663680196,0.2740673417451158,1151.013554361194,-53.89272664600456,4.4852921868847755,20.11784600172961,-60.84995656479618,-44.44017290595678,16.4097836588394,-55.119523188391085,0.7200810077485689,-0.470140363273428,1077.8545329200915,-62.17078877116904,3.630790761161239,13.18264155133381,-70.24256350639128,-56.97628885165104,13.266274654740236,-62.024131565417065,-0.46903963048829966,-0.28679093083791685,1243.4157754233806,4,1,1
-45.97826603311347,5.669638979270455,32.14480615526293,-55.994150536725854,-32.98400682293578,23.01014371379007,-45.71831989876402,0.24656460718018702,-0.36454792989002804,919.5653206622694,-50.51162039121458,3.58749030424001,12.870086683016078,-56.392911063086984,-44.52024116205952,11.872669901027464,-50.240191522710305,-0.07965131589457625,-1.0766896222088551,1010.2324078242915,-48.37095399508921,4.779233507817474,22.841072922245317,-57.28228658502434,-39.119078488392525,18.163208096631813,-47.857519904165855,-0.1280851130651732,-0.660480821083322,967.4190799017842,-56.79182443410987,3.2655678997256654,10.663933707718693,-63.411635115283794,-50.34324761568486,13.068387499598934,-56.707993386693246,-0.06698427784071061,-0.3945987156439803,1135.8364886821973,4,1,1
-47.04682536664366,4.141181320866598,17.14938273229442,-54.36425740669731,-38.636476312816306,15.727781093881006,-46.79848812622555,0.12036409445015342,-0.5749891377691076,940.9365073328731,-52.31480526354228,3.6124914296250856,13.050094329114694,-60.778336663908846,-44.1128918344277,16.665444829481146,-52.63028376996951,-0.06970580702747563,0.3855508496802371,1046.2961052708456,-48.755646066754956,4.496943001309483,20.22249635702634,-57.49920037088137,-42.026109077778855,15.473091293102513,-48.73950948830375,-0.2781054734061439,-0.9673557666039647,975.1129213350991,-57.750406530888746,3.6267015535187475,13.152964158295296,-65.0273564848063,-51.298384187909576,13.728972296896728,-57.67170025209571,-0.3570818037975872,-0.5778508561529376,1155.008130617775,4,1,1
-47.756293249424374,2.375666375870553,5.643790729441929,-52.472222634093974,-44.350667512033056,8.121555122060919,-47.16928188567619,-0.40067113430229057,-0.9721644412860293,955.1258649884875,-53.00496933419411,3.26442058943219,10.656441784708807,-62.56475992898894,-47.63997573793716,14.924784191051785,-52.78982076249487,-0.9094193737664622,1.5060666996769347,1060.0993866838821,-50.35673061992148,2.483835748752251,6.169440026779656,-54.347471696484405,-45.91377842928815,8.433693267196254,-49.87527321106218,-0.03327913498198859,-0.9188667329127145,1007.1346123984296,-58.05876887986034,2.6006716095278217,6.76349282060403,-64.45866613359706,-53.71875682978375,10.739909303813313,-57.94477057519482,-0.5681120010459332,0.28529154840672577,1161.175377597207,4,1,0
-48.88669757287529,3.9148522134761774,15.326067853359325,-56.42576344600877,-43.05047820035617,13.375285245652606,-48.52411155446778,-0.3925660487119071,-0.6436020859204721,977.733951457506,-54.441454663673085,3.1142410460255743,9.698497292750464,-58.613284867580944,-45.33005660426751,13.283228263313433,-55.10580727237743,1.1236975791680968,1.304497641857444,1088.8290932734617,-49.904858868879906,3.6314423648872505,13.187373649497905,-57.96482100355186,-45.05476571082378,12.910055292728082,-48.7608132997651,-0.7563404564679896,-0.4365732333693728,998.097177377598,-57.47373472328496,3.890230570256142,15.13389388975543,-65.14063578204726,-49.654620416283336,15.486015365763919,-58.35077614621865,0.3682120625629533,-0.5424533571033008,1149.474694465699,4,1,1
-49.361855853830924,2.955127269458744,8.732777178698692,-53.7495029959299,-41.91479230924642,11.83471068668348,-49.528258641265325,0.7523509530129797,0.11142202902594356,987.2371170766187,-55.46521111202746,3.1792830074074314,10.10784044118964,-62.97898581542479,-48.374693821626906,14.604291993797887,-54.98061936809585,-0.26124488631780046,0.28496013615441473,1109.3042222405495,-51.55590718156103,3.000675784423482,9.004055163225479,-58.15300174873815,-46.534594654169595,11.618407094568553,-52.22408758198953,-0.11311518924091649,-0.37210737863328625,1031.1181436312206,-60.04454229726925,1.8083293217246676,3.2700549358091964,-63.893892970123495,-56.86755354098613,7.026339429137366,-59.9653526071167,-0.06499828832606093,-0.7323458318635354,1200.890845945385,4,1,0
-49.831404406037834,4.619038713068935,21.335518632829526,-57.13716927652265,-38.015935606616196,19.121233669906452,-49.95374878142179,0.6214811205750735,0.4208176009816267,996.6280881207567,-59.25435914080223,2.9948158622740606,8.968922048928325,-63.95761875811279,-52.36534698605405,11.592271772058737,-59.1098402262803,0.37945091014882176,-0.3030488639043929,1185.0871828160443,-55.234444661849274,3.4356065007229066,11.803392027809496,-62.21908179715697,-50.05478804145361,12.164293755703355,-54.91910209311456,-0.330034070440031,-0.8502290778117794,1104.6888932369855,-63.30385823969514,3.7180013866937895,13.823534311456942,-69.38286516737317,-54.57136906473919,14.811496102633981,-63.859476864463545,0.8736535218013776,0.45384134423415556,1266.077164793903,4,1,1
-46.35529717934649,3.692751988405582,13.636417247873382,-53.608255644011436,-38.9373571069001,14.670898537111334,-46.24386458961908,0.15597949816561707,-0.33301899983560634,927.1059435869299,-53.33920857741789,4.718366217259409,22.262979760174865,-62.12991059299996,-43.981205391230944,18.14870520176902,-52.400172307142086,-0.27289722889337026,-0.632632496102842,1066.7841715483578,-49.495860775273215,5.03539003820404,25.35515283684449,-60.050840779832015,-39.74457060532881,20.306270174503204,-49.15118045555785,-0.11008536000786613,-0.18505809847313248,989.9172155054644,-56.632795793010416,3.9264183926355467,15.416761394026711,-61.71403306712345,-49.705914127298634,12.008118939824818,-58.02326462618143,0.5466546685305217,-1.1597196535317529,1132.6559158602086,4,1,1
-50.72540049346336,5.364221854836472,28.774876107905243,-58.304168259572265,-40.74790779192769,17.556260467644577,-51.740486799427885,0.41442995084266543,-1.1204487325610057,1014.5080098692672,-53.35517368088599,3.4846576531903533,12.1428389599381,-59.22092239986155,-47.79994318830333,11.420979211558219,-53.096115511227126,-0.16050151745399943,-1.2434573533167963,1067.1034736177198,-52.491636563095426,4.8347930922965325,23.375224245318265,-66.38377354408898,-45.11326755524872,21.270505988840263,-52.06250772878029,-0.9181280984977408,1.3379884362501935,1049.8327312619083,-58.82804729199114,4.396376822351423,19.328129164108795,-69.28835515893826,-51.78197317517631,17.506381983761948,-58.6186144061175,-0.5531046199398829,-0.2730082826759932,1176.5609458398228,4,1,1
-52.40553555681599,4.186349752880413,17.525524253441894,-59.06191055470973,-46.461932825616856,12.599977729092878,-52.0823405497036,-0.17685046333402857,-1.2972316189024173,1048.11071113632,-58.8268481545647,3.033798239122154,9.203931755700681,-65.77381896859308,-52.811887404854666,12.96193156373841,-58.758386653984196,-0.28758312492859905,0.03259294168482185,1176.5369630912942,-53.47274419467317,4.329842143678525,18.747532989174648,-59.58695223554381,-41.86314205550292,17.723810180040893,-54.273888001211546,0.7599596693925383,0.5210161909701485,1069.4548838934634,-61.86831932983459,5.129824738139665,26.31510184402968,-75.84782190665662,-51.750469016828866,24.097352889827754,-61.30835864128877,-0.6733381283479871,0.9554732010740303,1237.3663865966919,4,1,1
-46.43171762493079,2.8897761999448432,8.35080648576766,-51.59940873278812,-41.322664381490284,10.276744351297836,-47.198263074750784,0.13296182395819964,-0.9601382549567838,928.6343524986158,-50.4993777580827,2.810884632464467,7.901072417024902,-57.57401049334082,-46.660494563017224,10.913515930323598,-50.50274345602267,-0.5281182154030828,-0.17335497989690207,1009.9875551616541,-47.31860974778386,2.5914409482443914,6.7155661882377915,-53.85975143202589,-43.92283753881555,9.936913893210338,-46.81387615867182,-0.9474545312344615,0.2413363097500567,946.3721949556771,-55.945559067492944,2.3818111766990318,5.673024481448426,-60.43281951547184,-51.13386702394543,9.298952491526414,-56.39096995501518,0.08139081686130373,-0.5657496396734158,1118.911181349859,4,1,0
-49.53794728580712,2.616185299860199,6.844425523204601,-54.3228563479504,-45.42268972163935,8.900166626311048,-49.8134913456119,-0.10707969391265335,-1.1565372752910565,990.7589457161425,-54.13779650333373,2.5350755425207123,6.426608006286685,-60.106836104155065,-49.245862410641195,10.86097369351387,-54.09102524858936,-0.22033550246244846,0.23725417172512886,1082.7559300666746,-50.729260307503694,2.9985359721347873,8.991217976186315,-57.601496677371564,-44.73928651406325,12.862210163308312,-51.03405224256144,0.10150368500976767,0.17807420577150213,1014.585206150074,-58.40949894359701,2.796137322371297,7.818383925557728,-62.843831998737535,-52.071039174129915,10.77279282460762,-59.12313755758959,0.6389734391257058,-0.11264306257523637,1168.1899788719404,4,1,0
-47.687121971798014,3.9384110731230813,15.511081780898502,-58.23981351930256,-41.862400665113086,16.377412854189473,-47.53124619568938,-0.782741822119506,0.4297534955414086,953.7424394359603,-52.50595935615227,4.127971449567209,17.040148288442005,-64.86633604863638,-46.07837031865427,18.787965729982112,-51.89804990082638,-1.2560198797028683,1.9132719771599556,1050.119187123045,-49.17575253332656,3.501965613953659,12.263763161313825,-57.196043138968406,-42.18428571726366,15.011757421704743,-48.65633816889061,-0.3531692128067891,-0.013355225837749618,983.5150506665309,-59.21011186913497,4.87267055407248,23.742918328525004,-67.56253782175501,-49.60828266799034,17.954255153764677,-59.75667506556185,0.23055729348750717,-0.5013986582648631,1184.2022373826994,4,1,1
-46.53576268255345,4.347790429159796,18.90328161589353,-52.809654582354355,-38.26228581486474,14.547368767489615,-47.79159435143902,0.4448934408146169,-0.9847147336791391,930.7152536510689,-52.073660026696736,3.2373648114030287,10.480530922110567,-61.22220329824273,-46.6561023556156,14.56610094262713,-51.603624230187656,-0.7009626979108426,1.105703932270024,1041.4732005339347,-48.83124561721087,4.600572509099359,21.16526741148077,-56.39882532599394,-40.247244005426246,16.151581320567693,-49.052543631179475,0.1910253947887477,-0.9396633783700348,976.6249123442175,-57.42572786401407,3.1480941327699186,9.910496668780386,-61.936445539215526,-51.1975814677389,10.738864071476627,-58.330229280862355,0.6016925988241449,-0.6854415711739352,1148.5145572802815,4,1,1
-45.50625293231745,3.142066498784213,9.872581882782082,-51.59812039842621,-39.70979935569173,11.888321042734482,-45.18139995703471,-0.24256134516280264,-0.6919103268260192,910.125058646349,-50.05722674829806,2.243066337179824,5.031346592989312,-54.513782122377556,-47.77859586261603,6.735186259761527,-49.117882589419736,-0.7956312202764824,-0.8876836761145923,1001.1445349659614,-46.752403864909176,2.179824847104432,4.7516363640538595,-50.46813731214593,-42.88451719534296,7.583620116802969,-47.083095206737184,0.31109137183829383,-0.850347613059911,935.0480772981836,-54.93679018804437,3.4581088328302165,11.958516699698363,-61.80925266813879,-48.333743828206906,13.475508839931884,-54.75655859433489,0.07111957116323898,-0.6839465809067367,1098.7358037608876,4,1,0
-50.242856557787285,4.769664794535148,22.74970225222801,-60.569689017705244,-42.87155306632528,17.69813595137996,-48.9205469140732,-0.24957595872642177,-0.7554360588868763,1004.8571311557457,-57.77134575255461,4.969015301372592,24.691113065274955,-65.79904162275693,-45.87632356622909,19.92271805652784,-58.327573452756894,0.42729230033689053,-0.30730056800380856,1155.4269150510922,-53.5190238063711,3.861488157342976,14.911090789300053,-62.89672965128896,-47.0198477278485,15.876881923440457,-52.66230605534503,-0.6043888312474395,-0.07060225141060084,1070.3804761274218,-60.5679375629892,3.0732762027863147,9.445026618612669,-66.82360647215002,-54.98293829827236,11.84066817387766,-60.92411662467819,-0.09951859759598647,-0.38331398714350096,1211.358751259784,4,1,1
-50.855404677059475,2.8755940738658685,8.269041277652502,-56.13351676966124,-45.78071875683895,10.35279801282229,-50.57193695433499,-0.13430489431393366,-1.0548096566895968,1017.1080935411896,-55.79054965764425,2.5941915208733985,6.729829646971436,-60.60897948073206,-50.174547462517666,10.434432018214395,-55.83863127506225,0.11381746886924561,-0.7114035065365658,1115.810993152885,-53.59276001530079,2.5048125515271202,6.274085918287803,-60.01258210324155,-50.378507002669984,9.634075100571565,-52.92304533236461,-1.1004005063759317,0.41606748718410325,1071.855200306016,-61.1963984327802,3.3601185467683385,11.290396648336571,-67.70256259036537,-53.823808027824114,13.87875456254126,-61.61274562832702,0.1741635790948074,-0.4269077612597303,1223.9279686556042,4,1,0
-49.864814713467396,2.9052847180511403,8.440679292941493,-55.50082884251429,-44.75304431700486,10.74778452550943,-50.134872555334056,-0.05878723366336531,-0.8467218478125993,997.296294269348,-55.71146976263166,3.6612219872918463,13.404546440229257,-62.77135336659922,-49.672882124899374,13.098471241699848,-55.44947874165197,-0.33159341357676664,-0.7351535051217906,1114.2293952526334,-51.05083229460931,2.3970806462328813,5.745995624544248,-55.95370397297721,-47.70704322814595,8.24666074483126,-50.2382879725831,-0.4509240367807345,-1.0355386509022904,1021.016645892186,-59.19198022240513,3.0324614643820484,9.195822532962119,-65.24596453408249,-53.26185914283069,11.984105391251802,-59.392705946007595,0.005324459579618372,-0.528548453053173,1183.8396044481026,4,1,0
-50.29293403617122,4.446963335967734,19.775482911441276,-60.54099544742965,-40.45282568536059,20.088169762069064,-50.80928127987518,-0.02848192157857806,0.22696336921440663,1005.8586807234243,-56.6387804938096,5.254656311236484,27.611412949217414,-68.61597469812673,-45.77371026955786,22.842264428568875,-55.41846368274911,-0.1457121720512677,-0.07249325613465185,1132.775609876192,-52.659562205169536,3.4006794941408263,11.564621021869906,-58.129488561698714,-45.796219828995596,12.333268732703118,-53.05752842312784,0.15234884826518838,-0.8714576366465079,1053.1912441033905,-62.386203035567235,4.215544861953876,17.770818483145725,-71.19893649012074,-52.00507394447417,19.193862545646574,-62.04846047035733,0.19461471751198053,0.3089854736316502,1247.7240607113447,4,1,1
-48.05149843173023,5.497764673398826,30.225416404072092,-55.82100376658934,-37.12222919397698,18.698774572612365,-47.988171285185224,0.15841496877591868,-1.1115099957572032,961.0299686346046,-53.85334844347784,5.359368223200532,28.72282775185163,-64.66876598607087,-44.81139113290091,19.857374853169958,-54.07589010108887,0.02740798144527954,-0.6617231831442862,1077.0669688695566,-51.343257100246504,3.5274245940822673,12.442724266936448,-57.214193054292224,-45.881016481741995,11.33317657255023,-50.70353437928922,-0.32379311355523116,-1.0766593103953972,1026.86514200493,-58.66593621677456,3.7691306871112897,14.206346136524024,-65.36285123489394,-51.45582049606873,13.907030738825206,-58.29606850086979,0.060346952681836354,-0.6861936493384655,1173.3187243354912,4,1,1
-49.11231449620243,3.768566155851897,14.202090871032343,-54.794499664318664,-42.31005709345358,12.484442570865085,-48.07972393776704,0.11600066089582389,-1.081157831203323,982.2462899240486,-54.635502120712204,4.961743567097052,24.61889922562898,-61.48999244071743,-43.119813172686364,18.370179268031066,-54.170968631324484,0.3717682765123491,-0.568930993193403,1092.7100424142438,-49.82007909948725,4.089307738353008,16.72243777895379,-55.39435227601889,-42.4662694106629,12.92808286535599,-50.5561069759401,0.35293891651875686,-1.1630642939967264,996.4015819897451,-59.116285501548774,4.762396440046138,22.680419852164132,-69.75284754537542,-52.104363117859215,17.648484427516202,-58.051945310320264,-0.7150740347855364,-0.13127475332294214,1182.3257100309754,4,1,1
-44.5051001940444,4.5942872761546925,21.1074755758369,-52.16962232376595,-35.82047568644694,16.34914663731901,-46.13582479133787,0.22582189734375865,-0.8306068631669632,890.102003880888,-51.62411428694729,4.3746271204171965,19.137362442689653,-59.237994994302305,-45.28646458250224,13.951530411800064,-50.698626529379034,-0.08933769528850194,-1.2440391211057638,1032.4822857389458,-48.61091594242667,4.674304853718097,21.84912586549256,-56.36470552878207,-40.34263768870704,16.022067840075024,-47.8570634182559,-0.07874599686834215,-0.8400484308591847,972.2183188485333,-57.463206484947044,4.083356691223783,16.67380186776204,-62.53669385947692,-43.94717303968757,18.58952081978935,-58.359817792851,1.7369230452785465,3.5199133335717887,1149.2641296989411,4,1,1
-46.46227313000257,3.5501205763611896,12.603356106703107,-51.72057773706528,-38.248179841274535,13.472397895790742,-46.63999938937998,0.6761692052114662,-0.09612506019879508,929.2454626000513,-51.85559846977683,4.6337410430967365,21.47155605447923,-60.211176060171724,-42.48441388626336,17.726762173908362,-52.47751292777228,-0.0895053479571852,-0.6270530492686426,1037.1119693955363,-46.720005058692266,2.819567799888167,7.949962578166198,-53.98123124199283,-42.48286328012501,11.498367961867821,-46.50005653126324,-0.7235452529771508,0.26528027532658616,934.4001011738453,-56.18645123037396,4.028822956110733,16.23141441168482,-65.50209609507093,-48.513583400932504,16.98851269413842,-55.5950258954196,-0.43020460572004904,-0.19867589285837806,1123.7290246074795,4,1,1
-44.879751382895,5.388631487089234,29.037349303649528,-56.34868628539854,-32.53632498264503,23.812361302753516,-45.5316268817262,0.4224264338268184,0.44075291522389204,897.5950276579,-51.48424270143844,5.481304121347598,30.044694870702166,-62.92165329104008,-41.16211075440063,21.75954253663945,-50.072901638279475,-0.18173612188493216,-0.4763414632531404,1029.684854028769,-47.13079730536781,4.274019818902591,18.267245412372137,-55.848607020548826,-38.85176183286663,16.996845187682197,-47.377526076440674,-0.05569505363256507,-0.4311426740376252,942.6159461073561,-56.58109300806988,3.6511961600929843,13.331233399477753,-62.74896822303424,-47.0997711766357,15.649197046398541,-55.63738696982065,0.34400859799358524,0.48673226717785756,1131.6218601613975,4,1,1
-44.12921076875803,4.5640651438995254,20.830690637758593,-54.09178143402061,-34.49816805310964,19.593613380910973,-44.30036609217029,-0.06386575187574277,0.010238827685013163,882.5842153751605,-49.584549047261866,4.017422004945385,16.1396795658194,-55.96074448154529,-40.25011075595581,15.710633725589481,-49.440831173927236,0.395006075449675,-0.33870704165567744,991.6909809452375,-45.38093831554241,5.34855214954625,28.60701009641581,-55.705531971375045,-33.91214546840915,21.793386502965895,-45.54925584550554,0.1649887882732288,-0.5252569981484472,907.6187663108481,-55.72482363564927,3.1751288317162216,10.081443097995617,-63.46278723878329,-50.566390730946004,12.896396507837288,-55.912233296752504,-0.37331387782654635,-0.20606127038495314,1114.4964727129855,4,1,1
-46.86073397461708,2.959929182300985,8.761180764236977,-52.28339813196636,-41.04801681589992,11.235381316066437,-47.2130420408193,0.07694767710870554,-0.6611312339529523,937.2146794923417,-52.29790564344411,2.085332989402726,4.34861367669131,-55.79071617363687,-48.70603888903595,7.084677284600922,-52.19513993899603,0.06929361301580263,-1.0921548902067,1045.9581128688824,-49.40020205856261,3.3537709112708627,11.247779325286592,-56.92279416006121,-44.17367567654466,12.749118483516547,-48.92724993381786,-0.6172998070579402,0.20518574195268524,988.0040411712523,-57.28868196861633,2.7954664526535398,7.814632687911365,-60.713549118388826,-48.3610264652211,12.352522653167725,-57.871201280016514,1.415049013368137,2.6637549944240018,1145.7736393723267,4,1,0
-48.696829501776115,4.071332866240667,16.575751307731444,-56.19577604938509,-41.3360321533339,14.859743896051185,-49.39546105042829,0.20748834595420673,-0.8260049061199815,973.9365900355222,-55.01828045705965,3.1446641176895183,9.888912413083997,-61.402136669211934,-49.30872984246818,12.093406826743752,-55.23356693698415,-0.10924365426585891,-0.9149798785293539,1100.365609141193,-51.818415592714985,4.165702837551053,17.353080130780896,-58.466669204461354,-41.20583216429087,17.260837040170486,-52.767522114558446,1.0215966262025344,0.7540072137403753,1036.3683118543,-60.76431683133021,2.9877187189407626,8.92646314350903,-66.94954077467682,-56.47613123920243,10.473409535474389,-60.52578741332011,-0.47426003944219136,-0.5180961759105154,1215.2863366266045,4,1,1
-52.45191545950913,3.698724925462163,13.680566074235083,-58.213552269636594,-44.51613606100554,13.697416208631054,-52.71956544567534,0.45870173952854865,-0.612854692536613,1049.0383091901829,-58.7754955230492,3.0412003077032526,9.248899311574359,-63.8618413350472,-52.768584191152236,11.093257143894967,-58.444916857649915,-0.1364421472916818,-0.41508076057722,1175.509910460984,-54.32712270835651,4.672268474923106,21.83009270176029,-62.34726493597792,-45.70864799594447,16.63861694003345,-54.42830275483563,0.1295490271162931,-0.9226356111005551,1086.5424541671302,-62.2402616031581,5.195479473893616,26.99300696364988,-69.9759912229271,-49.90332890407255,20.072662318854555,-64.09577325307714,0.9035527884759385,-0.008573972847403244,1244.805232063162,4,1,1
-51.160615978874766,4.111827881559212,16.907128527567718,-62.8445213775009,-44.17730495035031,18.667216427150585,-50.65118885379164,-0.8362858536515557,1.0623029433855882,1023.2123195774955,-56.6573375581584,4.862298587784774,23.641947556773804,-66.63738287663247,-45.57021611298492,21.06716676364755,-56.22008569735752,0.0038194857501502124,0.1343723129097838,1133.1467511631681,-52.5185851745734,4.414645718468736,19.489096819594344,-63.668364030003616,-46.763386871486475,16.90497715851714,-51.74818375374195,-1.0351885113680463,0.5996827309260562,1050.371703491468,-59.80053927257902,3.8859874385973048,15.10089837293604,-65.12903637077534,-50.83104142542892,14.297994945346417,-60.182043779983076,0.4786896174254836,-0.23391347950098762,1196.0107854515802,4,1,1
-51.50490077857889,2.120934713764601,4.49836406005173,-55.25955373501656,-46.209592905384945,9.049960829631615,-51.4485947116258,0.36862589303683235,0.2882892426992152,1030.098015571578,-56.47643694842183,3.2224454418328836,10.384154625589527,-62.11723562098105,-51.23625566097344,10.880979960007608,-55.6322097256789,-0.20372335977081718,-1.2983196676238085,1129.5287389684368,-54.93136208908246,2.2170438130170003,4.91528326883696,-60.0211851840523,-50.0488799822186,9.972305201833699,-54.94051631782665,0.05764216937903616,0.26430688690403903,1098.6272417816492,-62.110694161821655,2.7067784171144265,7.326649399356481,-67.29961498495736,-57.97252104941361,9.32709393554375,-61.70976656687786,-0.31591212580101535,-1.069006639018438,1242.213883236433,4,1,0
-46.54861499167124,5.057531530328521,25.578625180267146,-54.089063225503025,-34.904589005111774,19.18447422039125,-46.927096583405735,0.6146749271634941,-0.48461410059376275,930.972299833425,-50.1252955067191,3.672084820295237,13.484206927442704,-57.25185718907914,-43.59717232494061,13.654684864138531,-49.64851452537379,-0.35223772341882414,-0.5045354082441218,1002.5059101343819,-47.60688026789435,4.94317782629017,24.435007022326808,-53.52037832977139,-34.31830633752793,19.20207199224346,-49.02563426201354,1.1010636472652968,0.5142533535284097,952.137605357887,-55.89757633954533,3.4818416260196505,12.123221108683165,-61.43446623268172,-46.05031734304435,15.384148889637373,-56.86643226652828,0.9498658208148584,1.1145246690951556,1117.9515267909064,4,1,1
-53.33359841146167,2.510851831562418,6.304376920060351,-58.41432815651956,-46.53974923619174,11.87457892032782,-53.43503203139609,0.5805369985560082,1.0645620028302663,1066.6719682292335,-56.75552226869197,2.0908188891088364,4.371523627054308,-59.448882832859226,-51.78206996594982,7.666812866909403,-56.83557304416237,0.5342815564103756,-0.39368690126531414,1135.1104453738394,-55.353004322586024,2.3000271623292203,5.290124947452205,-60.92342122132994,-51.16405001845118,9.75937120287876,-55.84622294298712,-0.11378232999244212,0.04714787365265183,1107.06008645172,-62.30898200303989,2.4601169934731564,6.052175621575402,-67.72340362543751,-57.21318530514367,10.510218320293845,-62.198418498528156,-0.19115948406283198,-0.18748262305387842,1246.1796400607977,4,1,0
-50.495055108508765,4.949028305731368,24.492881170930296,-61.04017520601222,-43.797380950641745,17.242794255370477,-49.21432860935708,-0.7467873058767758,-0.27449222066402923,1009.9011021701751,-54.579602245820936,4.412571043629255,19.47078321507537,-65.67130996275232,-45.620911970657154,20.050397992095164,-53.68353332066393,-0.4961848369822034,0.3261401954859675,1091.5920449164187,-51.9224367196749,4.309397894321168,18.570910211579715,-63.09173089967666,-43.59942080970139,19.49231008997527,-51.457512019123406,-0.6901076471866731,0.7362907101174301,1038.448734393498,-58.39385416226147,5.03034876265405,25.304408673935132,-66.61944297456475,-47.19572137221147,19.423721602353275,-58.322067143992854,0.08816834904545781,-0.35501954067656527,1167.8770832452292,4,1,1
-49.0699518041164,3.88683746178552,15.107505454339304,-58.02671493039628,-40.913531630593695,17.113183299802586,-49.74953743649603,-0.049462509902078136,-0.033688521095034396,981.3990360823279,-55.76657681197891,4.689272855388822,21.98927991228643,-64.99354277942737,-45.61765761989757,19.3758851595298,-55.82000824747656,0.1868586069890315,-0.3464186893246275,1115.3315362395779,-53.50526432919452,4.2550795209756584,18.10570172982644,-61.91091369745745,-46.57033025496472,15.34058344249273,-53.17182807417019,-0.26917624490026937,-1.0689696425429098,1070.1052865838901,-58.748343806192736,3.600991170252792,12.967137408238571,-65.51121799079853,-51.0440955008372,14.467122489961326,-58.148700695011556,-0.16379899942822346,-0.516518267665167,1174.966876123855,4,1,1
-46.249833493827246,5.231429264743427,27.36785215201395,-61.7206870744043,-38.68569580554539,23.03499126885891,-45.251545674390144,-1.19911603889386,1.574567175393586,924.996669876545,-50.366869891905125,4.540619677456624,20.617227055306294,-61.33511146585628,-42.33513281015702,18.99997865569926,-49.42066712357356,-0.5487896137964857,-0.11345172811063842,1007.3373978381026,-48.00737045445187,4.642321097359421,21.55114517098838,-57.362654479442426,-39.60270174932919,17.759952730113234,-47.596562150501605,-0.4106821646659562,-0.2684674595233498,960.1474090890374,-56.190020611892216,4.168690153977947,17.37797759987268,-64.10767672287668,-48.358412964714326,15.74926375816235,-56.88049914757367,0.08658296275233784,-0.8310256033295138,1123.8004122378443,4,1,1
-48.66395350985747,2.3648148089315764,5.592349080542089,-53.995248205127,-42.44409249813313,11.551155706993868,-48.62335102733935,0.2121786689944354,1.2850475099318057,973.2790701971494,-53.756196980444585,3.489836070420111,12.178955798405283,-60.19127679631302,-47.97213754054492,12.219139255768098,-54.08143252687816,-0.03474254787906799,-0.9334500567476196,1075.1239396088918,-50.12241563030969,4.292006087239606,18.421316252901835,-56.947224359864876,-42.26698152986687,14.680242829998008,-50.06536690390175,0.16146696134392136,-1.0355694550826997,1002.4483126061938,-58.56561101545235,3.5229023258829426,12.410840797711446,-66.228703484849,-52.644760494342954,13.583942990506053,-58.22062002712933,-0.3431567956422226,-0.5457916942684147,1171.312220309047,4,1,1
-50.43436806708392,3.348201031863619,11.210450149772601,-57.737281541066956,-45.07171281783827,12.665568723228688,-49.997594243152065,-0.2623274129487837,-0.6490643224845778,1008.6873613416785,-55.49393536062066,3.197422208768706,10.22350878112735,-61.80419429469226,-48.226341980707,13.577852313985261,-55.99720191666934,0.4472713972926674,0.026172157510623073,1109.8787072124132,-51.79236955033006,4.632281173751604,21.45802887269354,-58.50015676205866,-39.88433952227931,18.615817239779346,-51.1556165999029,0.4344674766890662,0.06343490301277166,1035.8473910066014,-63.46801202372959,4.003283150347719,16.026275981857953,-70.23481784269524,-54.430250775641866,15.80456706705337,-62.487115015750376,-0.009359606111280063,-0.4583394285520326,1269.360240474592,4,1,1
-44.81422690072277,4.268149605171536,18.217101052125937,-52.43606422924618,-37.03850323372703,15.39756099551915,-44.78286372143161,-0.14105714400021407,-0.8512166456653092,896.2845380144553,-50.77628960218537,4.245259750753071,18.02223035136403,-58.354035065420575,-44.53940584991157,13.814629215509008,-50.51549419145522,-0.2534391902577349,-1.1699724367338273,1015.5257920437074,-48.05596207125514,3.721831683478275,13.852031080142734,-54.16257163915764,-39.98686461177953,14.17570702737811,-48.502646461917315,0.3077999289919773,-0.5469486957450305,961.1192414251029,-56.42279521733226,4.508367900624477,20.325381127381156,-66.15530763330605,-45.768958631510706,20.386349001795345,-55.94930010532411,0.10669063903679206,0.134548982705474,1128.4559043466452,4,1,1
-47.63004136796011,3.9653859498352944,15.72428573115116,-56.02019860014467,-42.37613324567909,13.644065354465575,-47.3586653353139,-0.5550659079691684,-0.7529930357328083,952.6008273592022,-52.33046452301378,4.182923123162679,17.49684585428902,-62.3149479159041,-45.871965376473646,16.442982539430453,-51.600553795961375,-0.6377680570100629,-0.15397324111765087,1046.6092904602756,-49.79433965497479,3.62502214748534,13.140785569759226,-56.24186457899921,-43.21785176201857,13.024012816980644,-49.45961904835141,-0.11219633759116734,-0.7262062948477941,995.8867930994959,-57.95746893516103,5.205833886522835,27.100706454069446,-66.69839540531608,-49.15573052431082,17.54266488100526,-58.035648664319595,-0.06955348213345629,-0.9398815662635354,1159.1493787032205,4,1,1
-47.45379547664923,4.045812715892067,16.36860053207394,-58.19611511087496,-42.21154036091635,15.984574749958611,-47.033715053138344,-0.9070330749244984,0.39921386340704057,949.0759095329847,-53.131236470363945,4.325031460999947,18.705897138639337,-60.80609660697842,-43.469767676890925,17.336328930087497,-53.00353955515068,0.3795168612745787,-0.379232102259734,1062.624729407279,-49.75081725784335,4.2100510059383645,17.724529472602637,-57.537255502580344,-40.38122441977882,17.156031082801526,-48.98399791708184,0.10766208871564768,-0.3835573621345705,995.0163451568671,-58.55091812436873,4.705602573022019,22.14269557523145,-66.11094612053827,-49.91148357012266,16.19946255041561,-57.81370069388335,0.08117284193167165,-1.0046972385401527,1171.0183624873748,4,1,1
-45.88875368671608,2.8777156332928078,8.281247266097825,-51.56055104046646,-39.1172256494554,12.443325391011058,-46.229877023068966,0.3328717379252153,-0.05425487781833782,917.7750737343218,-51.62016710548615,2.9660665592113644,8.797550833671943,-57.507012439376474,-46.30969001557557,11.197322423800905,-51.76315383971574,-0.07693372088095825,-0.9261703032340858,1032.403342109723,-47.9698966425113,2.922082631412022,8.538566904799806,-53.40093688061783,-40.5381262274094,12.862810653208427,-48.61272524238842,0.8272975577158297,0.47750672485788614,959.3979328502259,-55.05835823396967,2.339550087938975,5.473494613975265,-58.43611915936569,-48.93740476911981,9.49871439024588,-55.52971428777387,0.7549145881738859,0.17093412466269253,1101.1671646793934,4,1,0
-49.39512666958345,5.455711126419425,29.76478389493671,-60.57137917759202,-39.40282680029507,21.168552377296955,-49.48759877094088,-0.08069194669844218,-0.40842145467053426,987.9025333916688,-53.969026418349905,5.284402300565793,27.92490767422504,-63.60462610896244,-42.2551678835905,21.34945822537194,-53.76945166066123,0.21698143482089732,-0.5465007279362895,1079.380528366998,-51.8441167282333,4.186319922843276,17.52527449639453,-58.16706998333261,-45.38666115573589,12.780408827596723,-52.112924319991485,0.11060260859672413,-1.302615743701318,1036.882334564666,-58.24763152952234,4.486514517455006,20.128812515334523,-64.05760069524594,-49.12821485171893,14.929385843527008,-58.53210660689513,0.4516997773200351,-0.9233489768507868,1164.9526305904467,4,1,1
-49.769043097246076,5.032207047190537,25.32310776579411,-60.45647771200213,-41.34394939862892,19.11252831337321,-50.27152550208758,-0.1283273060630199,-0.6290875149822832,995.3808619449214,-54.34297670175057,4.174134736531701,17.423400798720575,-60.003694342829355,-42.344995216095654,17.6586991267337,-54.564070740642535,1.151025386910799,1.4799792022585763,1086.8595340350114,-49.9906675385737,3.277416954941651,10.741461896539004,-55.10046536118413,-42.44407532456252,12.656390036621609,-50.24286181049855,0.49379433390262495,-0.21538895333999175,999.813350771474,-60.74776185411056,4.322052391019367,18.68013687071623,-67.19548568738134,-51.52735241355811,15.668133273823223,-60.46758941595144,0.3437787238089041,-0.7619530452237235,1214.9552370822112,4,1,1
-49.39095997497806,4.116123821727696,16.942475315794212,-58.49954555920628,-40.430398744491306,18.069146814714976,-49.59453226030002,-0.07476771033437488,-0.09100699196384454,987.8191994995609,-56.05123793967357,3.6940726869997853,13.646173016837812,-62.920539978796974,-47.35943922956275,15.561100749234221,-56.522123829799924,0.4557303589503677,-0.1397555880002166,1121.0247587934714,-52.48178259436379,6.11454346734733,37.38764181407991,-65.40502172657186,-41.50431235243721,23.90070937413465,-50.95443432017409,-0.2389499577158464,-0.7127984134854972,1049.6356518872758,-60.184434285079,4.302591976876984,18.51229771948619,-67.68866513292143,-51.71555965657965,15.973105476341779,-60.877591916698975,0.1056549467382308,-0.6257925570230771,1203.68868570158,4,1,1
-49.97176188687202,3.906134183649423,15.257884260674544,-57.17884768502427,-42.953956488278585,14.224891196745688,-50.566902992770096,0.1433270134325127,-0.609382302312647,999.4352377374404,-55.60857985693034,3.99252491127021,15.940255167113198,-63.28497921223723,-46.556016369683526,16.728962842553706,-55.383646345368604,-0.07288935977569537,0.08763521147547859,1112.171597138607,-53.418736069828356,5.2796310187644675,27.874503694299925,-62.1677164098207,-43.715903603619395,18.451812806201303,-53.81104692087417,0.11890128451722692,-1.1180969023362728,1068.3747213965673,-60.258168455347025,3.9540890429675226,15.63482015971582,-66.54734299692399,-52.282179327353276,14.265163669570711,-60.108293060402005,0.017845847906233028,-0.97516758729954,1205.1633691069405,4,1,1
-53.973210573769826,3.7886477705085535,14.353851928979434,-65.39253590275361,-49.76544815035244,15.627087752401167,-53.01350174578836,-1.3727357026866644,1.699080228026224,1079.4642114753965,-59.928830720879695,3.8957042917002624,15.176511928371843,-66.48538822352121,-51.64754275520968,14.837845468311535,-59.950106833812576,0.23420744163019078,-0.49445513433657773,1198.5766144175939,-52.494085635239436,5.259469466361417,27.66201906758805,-61.52838787733789,-43.612947789928654,17.915440087409237,-53.25290302271439,0.11217268311292572,-1.2013210302094632,1049.8817127047887,-60.7418089099063,3.9655611577301513,15.725675295698096,-69.55940655586352,-53.33624306479578,16.223163491067737,-60.41575575540943,-0.41558556019542636,-0.3009322386245983,1214.8361781981257,4,1,1
-51.531030832387145,4.5649404903168085,20.838681680133867,-60.70936313928164,-41.918726458753426,18.790636680528216,-50.95238847147827,-0.14216169683578175,-0.20372567889439797,1030.6206166477427,-57.69964783710185,3.2644880976940454,10.656882539986086,-63.12559955723211,-49.250429181394374,13.875170375837733,-58.0102607114908,0.6005204511340274,0.254492090673756,1153.992956742037,-53.39181211229671,4.404937672638481,19.403475899829722,-62.00862766399186,-46.84763178781835,15.160995876173509,-53.138776727256655,-0.1751243468434397,-1.1548153367070961,1067.8362422459343,-61.201440962745416,4.75991958502839,22.65683445593684,-71.98502355412131,-55.24515338823373,16.73987016588758,-60.42765802451716,-0.8580137210430723,-0.005602834812346469,1224.0288192549083,4,1,1
-48.544789838907136,4.692017047077025,22.015023970061403,-59.25550481442725,-36.326676286949585,22.928828527477663,-49.635031334943136,0.19930431719528813,1.0656293130736456,970.8957967781428,-54.259200193708715,4.40839304807715,19.433929266334943,-63.18184798602705,-44.84322940741586,18.33861857861119,-52.842911292610935,-0.17320801786469095,-0.24541431087151988,1085.184003874174,-51.95250604212664,4.376646718268934,19.15503649653423,-61.496586305545584,-43.23906583075228,18.257520474793303,-51.31921576265624,-0.41307695465798117,-0.20375665894274375,1039.0501208425326,-59.467767611155,4.298653927665149,18.47842558983101,-72.7905328761802,-53.35319393946068,19.437338936719513,-58.737519656738826,-1.1927201402944847,2.28111278567554,1189.3553522231002,4,1,1
-48.30597779109449,3.9536184069261817,15.63109850758552,-55.9659297532295,-40.90976298898922,15.056166764240281,-48.76359851886457,-0.1872821435712029,-0.6368596305873528,966.1195558218899,-53.605828887635404,4.228267833504176,17.878248871846093,-60.616774994811294,-45.655665656281336,14.961109338529958,-53.0633722954089,0.03466258498651128,-0.7293227612340436,1072.1165777527078,-49.88714810812822,3.0539338353306205,9.326511870577193,-57.53902120098056,-41.41473861144482,16.12428258953574,-49.33148376108039,0.15879502667418383,2.2016737326673876,997.7429621625645,-58.07877639681571,4.0525579110370975,16.42322562230936,-64.29234187609916,-51.04759518336319,13.244746692735966,-59.036593490464256,0.09440444694912445,-1.3760606136919329,1161.5755279363145,4,1,1
-46.51862812545478,1.8968201592238523,3.5979267164380007,-51.01258057610421,-44.15461218251056,6.8579683935936515,-45.91043430491416,-0.7993565455876792,-0.18836180076989262,930.3725625090956,-52.56017565786082,2.4138012674386142,5.826436558688259,-58.54688964486495,-47.92136725284078,10.625522392024166,-52.03314065640902,-0.5150239301868884,0.5350310738249617,1051.2035131572163,-48.72872330496578,2.620038835659683,6.864603500364946,-53.69435274707699,-43.961176189346766,9.733176557730225,-48.41539985739816,-0.2755243229924852,-0.8653062940670293,974.5744660993155,-55.49002888730142,2.1567784131740915,4.651693123533752,-59.548071246424996,-50.89689549955871,8.651175746866286,-55.73889047326128,0.3559213692552725,0.09905130306333598,1109.8005777460285,4,1,0
-47.22275353303612,4.342556135896379,18.857793793411286,-55.62598852636787,-40.345412072567825,15.280576453800045,-46.62297510163846,-0.24067342346198725,-0.9440760332558473,944.4550706607224,-51.640962680275415,3.741786654658211,14.000967368978285,-60.212261455239734,-45.83322333611943,14.379038119120302,-50.848188447298966,-0.5954623799403587,-0.21122695413924042,1032.819253605508,-49.08829592157939,4.016137057054634,16.129356861047462,-55.91533284837866,-39.161805697967885,16.753527150410775,-50.179155762818006,0.6106317938793034,-0.033563127065996845,981.7659184315878,-57.74817304724396,4.886298100269592,23.87590912469822,-66.8303521688009,-48.143292351091205,18.687059817709695,-58.34392712290495,0.38128864010074165,-0.5790161536822542,1154.9634609448794,4,1,1
-46.79752621015188,4.82691398695877,23.299098637498208,-55.426684747992006,-37.522253370009366,17.90443137798264,-46.81159181415313,-0.13164457759684942,-0.7396156201232209,935.9505242030377,-51.74138511853077,4.300754020810382,18.496485147516672,-59.97211869060248,-44.76861535638639,15.203503334216087,-52.00523263883273,-0.0111058654314962,-0.9293847884438935,1034.8277023706155,-48.46818529522202,5.834851862807693,34.045496260910404,-56.99612685466928,-36.263387512702884,20.732739341966393,-49.7306835507922,0.44827379484700197,-0.3312472594546274,969.3637059044404,-57.8154734559444,4.949244267397048,24.495018818362542,-70.79360212740156,-46.36469893944661,24.428903187954944,-58.399229105536946,-0.14310719670872385,1.1967272794677406,1156.3094691188883,4,1,1
-50.27492388308894,4.4619554503578644,19.90904644097825,-60.69767220135058,-40.60365566524025,20.09401653611033,-50.34603502135681,-0.04977838922190933,0.24934531726888443,1005.4984776617789,-55.205691808201685,3.996029569379681,15.968252319356756,-61.99533322343161,-48.01980016646447,13.975533056967137,-55.22522004263347,0.17491220131718604,-1.1958494886055628,1104.1138361640337,-52.35325282412422,3.7744564277515504,14.246521324994996,-59.978267639235995,-43.42686353761088,16.551404101625117,-52.39514635039249,0.24206357652948235,0.39253114749294005,1047.0650564824844,-60.67421270827856,3.886655963069662,15.106094575264962,-67.80784737681977,-53.632042130815606,14.17580524600416,-61.0675447001948,0.21010055836353453,-0.7395067091210805,1213.4842541655712,4,1,1
-44.32672688115456,2.3219729237427376,5.391558258594397,-49.347497625586286,-39.16189200157506,10.185605624011224,-44.2747345355142,0.24088549257000944,0.22145263471192767,886.5345376230912,-50.407858974970466,2.0717350726692034,4.29208621132767,-53.896376960691235,-46.92102769613939,6.975349264551845,-50.09754046689106,-0.055631474002325716,-1.1457969940117605,1008.1571794994095,-48.47526212523242,2.423295963713828,5.872363327751729,-53.31707565678166,-43.134110577912196,10.182965078869465,-48.298971168755294,0.011853009657715302,-0.18810485267197352,969.5052425046485,-55.90772149572409,2.4903803897839007,6.201994485820213,-60.24654834290461,-51.2432063656086,9.00334197729601,-56.12957642617049,0.23152248957920818,-0.971767762319864,1118.1544299144819,4,1,0
-48.75320137730869,4.507488422524576,20.317451879193086,-54.98683897683194,-37.00317366278442,17.98366531404752,-50.04172825232213,0.9836519345067659,0.26629936561812606,975.0640275461739,-53.35891110495707,4.474140716877151,20.017935154417984,-59.6735371189142,-44.81734074328862,14.85619637562558,-54.03265481395293,0.19694079834396602,-1.2571199758279734,1067.1782220991417,-52.994188719654154,4.890348703693784,23.915510443719473,-65.47561286729406,-46.04861895679743,19.426993910496634,-53.14674281045466,-0.5243207717217264,0.1564092018346659,1059.883774393083,-60.989595704625195,4.10721697458112,16.869231276287287,-69.38096809454574,-52.97616788490803,16.404800209637706,-61.27215727042339,-0.03382266589457258,-0.6322540009737301,1219.791914092504,4,1,1
-48.92505608262783,3.6227633720436216,13.124414449820872,-56.3295381928341,-41.39107627325867,14.938461919575431,-48.01421446378506,-0.11465495876964796,-0.3694014350646664,978.5011216525568,-54.41567069140253,5.01963903892731,25.196776081123087,-59.94857711820079,-42.979239637915846,16.969337480284942,-55.55050266998239,0.9736019082505113,-0.028218798999347428,1088.3134138280507,-52.096133342280915,3.3484292050492344,11.211978141226648,-57.3071147943373,-46.08514570051384,11.22196909382346,-52.36103261149008,0.2391144183719693,-0.9225894745120446,1041.922666845618,-59.66859337123026,4.565212690811748,20.841166912348644,-66.8629226647674,-50.75881136344306,16.104111301324338,-60.06969802672979,0.22650795906634597,-0.8367096365443025,1193.3718674246052,4,1,1
-45.06145717342346,3.787277224570999,14.343468775754209,-51.22745788541202,-37.069348878914695,14.158109006497327,-45.99468326385177,0.4980766886425206,-0.5507726393971133,901.2291434684694,-50.6781590650597,3.9258936489344847,15.412640942744122,-58.42068391534392,-44.22880308200641,14.191880833337514,-50.61617111797496,-0.16602225920756594,-0.4529745702774348,1013.563181301194,-47.97516100137503,4.100798025363924,16.816544444828658,-55.836603335506254,-41.06348264445383,14.773120691052426,-46.22077844502848,-0.3287937271877883,-1.0642811365196314,959.5032200275004,-58.46024240548881,3.853163777486606,14.846871096134851,-65.0538880834858,-49.97005769497164,15.083830388514158,-59.36877314140537,0.41245394261469004,-0.42792454063371554,1169.2048481097765,4,1,1
-48.93145134695319,4.633349399015309,21.467926653355523,-56.05074745977545,-35.858733818664746,20.192013641110705,-49.46609390971284,0.8328286047807586,1.144259101513975,978.6290269390638,-52.756840856434756,4.442388134011047,19.73481233320215,-59.274702095589994,-44.085522771369185,15.18917932422081,-53.01961872795736,0.28172996447016085,-1.0153828446971334,1055.1368171286952,-49.34863715903109,5.839307088580394,34.09750727474524,-60.91492531684255,-38.85508216988158,22.059843146960972,-49.27249611826433,0.04402005137528366,-0.6694571219928291,986.9727431806216,-58.889115559894535,4.307039289730771,18.550587443284545,-69.49527825359166,-51.371629433973304,18.12364881961836,-58.810391774679886,-0.30821359486794386,0.0736586403747812,1177.782311197891,4,1,1
-51.659640795313166,5.913299659842828,34.9671128670973,-58.98845302178509,-37.579108037266565,21.409344984518526,-53.20692831244683,0.8708754054188704,-0.07128497146044444,1033.1928159062634,-59.33565255992772,4.252864773606593,18.086858782583853,-67.43676105033803,-50.16092628701732,17.275834763320717,-59.73250604951315,0.20569825300563782,-0.4439622601532034,1186.7130511985545,-55.62264759642488,3.6890832452272986,13.609335190216777,-65.24223690087696,-49.19052782093294,16.05170907994402,-55.812139683335644,-0.537774376345392,0.5263674486323673,1112.4529519284977,-62.43767297911501,4.402116029716655,19.37862553908833,-69.47268533425262,-54.86723098339346,14.605454350859155,-62.99072101314697,0.18349789686254417,-1.167374609315335,1248.7534595823004,4,1,1
-44.36626794292614,3.9949788562407926,15.95985606181099,-50.777368109587584,-37.44849531300577,13.328872796581813,-44.30515672375475,0.008906445340118327,-0.9517860252885075,887.325358858523,-50.86149097822788,4.264062625661873,18.182230075566434,-58.763474105917126,-40.73156647089914,18.031907635017987,-50.66362262464092,0.1337617255812079,-0.007319953115498379,1017.2298195645576,-48.11714284130921,3.9308990199493867,15.45196710503905,-56.90210192655098,-41.699501149382435,15.202600777168549,-47.61926805035621,-0.39238061248772055,-0.34027250936665654,962.3428568261843,-54.454327743710074,4.460339775935851,19.894630916795474,-61.7608714142605,-45.84513923702187,15.915732177238631,-53.89606261208401,0.16669724233156405,-0.8314529052950839,1089.0865548742013,4,1,1
-49.58318576267221,3.4005681737322293,11.563863904200549,-55.10146297295757,-42.31785729784888,12.783605675108689,-49.04342533445843,0.17672755239981655,-0.8977897848657865,991.663715253444,-56.252437011879216,2.1296206865029337,4.535284268381227,-61.03573847625441,-51.254753705434055,9.780984770820353,-56.77919460355281,0.2781673872549772,0.4156037456420565,1125.0487402375843,-51.50646614713959,3.45685514986242,11.949847527130332,-57.395522934321214,-43.96952138211784,13.426001552203374,-52.328415497184395,0.38951759060302643,-0.6070542640964001,1030.1293229427918,-61.67852675281449,2.977603788682689,8.866124322377503,-67.61502605314995,-56.57178048590007,11.043245567249876,-61.59047760019785,-0.008878196232108598,-0.8403150193487416,1233.5705350562898,4,1,0
-48.98752998512084,3.933259591569412,15.470531014672778,-55.28120773195476,-38.91555822435384,16.36564950760092,-48.05831947523221,0.3694810803908215,0.09613181478296218,979.7505997024167,-54.749783867642996,3.949781144583853,15.600771090110133,-63.31395035718231,-49.55254242435838,13.761407932823928,-53.54310438971254,-0.7557034608839063,-0.5194556464199906,1094.99567735286,-50.70511831863898,5.557232498782485,30.882833045524215,-60.51306843367666,-40.08656027868936,20.426508154987296,-51.727126942966095,0.3407613009217262,-0.8841504429169902,1014.1023663727797,-58.510704913928734,3.4552700311610436,11.938890988239638,-64.47988208543714,-52.06672749387813,12.413154591559007,-58.66232752584608,0.07054920244594419,-0.9930391005504737,1170.214098278575,4,1,1
-53.2380599645958,4.5674570176199145,20.8616636078054,-61.8769553183885,-42.758549545094105,19.11840577329439,-53.778543004005414,0.28206605059703743,0.10139943505090354,1064.761199291916,-57.45082055487323,5.120188308859997,26.21632831818659,-65.16074934733413,-47.08318367687368,18.07756567046045,-57.32933548839513,0.42633897465675263,-0.6841182842055713,1149.0164110974647,-55.203855493014224,4.469263859877453,19.974319449206707,-62.420147689594465,-47.56318471025258,14.856962979341887,-54.83833028482965,-0.041065044496426784,-1.1233046689855355,1104.0771098602845,-61.76429911900554,4.67359334527883,21.842474757034562,-71.10786105859464,-54.512599850782216,16.59526120781242,-59.89580264208941,-0.6786976225804667,-0.48618135602648715,1235.285982380111,4,1,1
-48.44558029499298,4.31797366351348,18.644896558796024,-55.91755409476793,-39.30288189596911,16.61467219879882,-48.33808731385591,0.27940020389840764,-0.6540149768106795,968.9116058998596,-52.21803435492252,4.966232129197716,24.66346156107568,-59.82358851468675,-39.32214458996166,20.501443924725088,-52.0687584065939,0.6570650616245022,0.28319005742863723,1044.3606870984504,-47.875741285691426,3.6600730227675986,13.396134531991146,-54.10588953492231,-38.186048563320284,15.919840971602028,-47.805773206201465,0.5268728111560296,0.704142935772448,957.5148257138285,-55.65205030597876,4.617897082314227,21.32497346284625,-64.90572891601623,-45.25389057868317,19.65183833733306,-55.15815596587257,-0.14222520518012277,0.10948465086261905,1113.0410061195753,4,1,1
-46.13811324610802,3.6826370003958635,13.561815276684644,-53.7277122090202,-40.717048311317264,13.010663897702933,-45.27337833279563,-0.6589319636244506,-0.42568369892641256,922.7622649221604,-50.16359898448295,3.95009850474066,15.603278197154399,-57.12116141806316,-43.92285638922865,13.198305028834511,-49.769167713135154,-0.02004461099002399,-1.1322599140456084,1003.271979689659,-45.240286400345944,4.68589461382942,21.957608331915573,-59.46354683262904,-37.755666061785305,21.707880770843737,-44.805657355605334,-1.090143294612968,2.0398818360478224,904.8057280069189,-56.472652603427,4.392630496210091,19.29520267623491,-64.20887744824257,-48.55957875450322,15.649298693739354,-55.93674861898291,-0.21845418083948348,-0.898652504564335,1129.45305206854,4,1,1
-52.52424064448242,2.2887067579009903,5.238178623661662,-55.814581323382654,-46.118565682596135,9.69601564078652,-52.70418063667327,1.0235597527510383,0.9402568576548211,1050.4848128896483,-57.479037916575805,2.130260584368151,4.538010157312537,-62.09225078096188,-52.45657599441103,9.635674786550851,-57.7645119662196,0.12995102957955448,0.2677636363059772,1149.580758331516,-53.564178263109056,2.7058865803628325,7.321822185787664,-57.427765903021566,-47.60625493026166,9.821510972759903,-54.14012363446662,0.44824876334816066,-0.7674160655493316,1071.2835652621811,-61.164391451414566,2.211963744918355,4.892783608833232,-65.28139581795509,-57.39642672870573,7.88496908924936,-60.67990707118285,-0.25267584116516784,-1.0588621629128387,1223.287829028291,4,1,0
-46.59321218338983,3.8497739711282244,14.820759628776377,-52.07701815846977,-38.47011296386529,13.60690519460448,-47.51478062096898,0.7584145355430841,-0.2138036361856619,931.8642436677967,-51.372563671108786,4.914441125130197,24.15173157237096,-61.286292651470376,-42.69935321658973,18.586939434880648,-52.502684510072335,0.005300304765858712,-0.9418730210792394,1027.4512734221757,-49.635246243911574,5.039569677791697,25.39726253731751,-59.586731113107106,-39.66225706658533,19.924474046521773,-49.820073051901176,-0.026805346125430556,-0.7622342492974208,992.7049248782315,-56.822521519010365,4.148291542648537,17.20832272280938,-62.517710635377426,-45.83262997727962,16.685080658097803,-57.224332127182635,1.000372585456874,0.6545373258081222,1136.4504303802073,4,1,1
-50.4381243698889,4.247325971669395,18.03977790961737,-60.09712331264207,-42.56562490821386,17.531498404428206,-50.4264233021383,-0.49232550538608344,-0.02145890530312089,1008.7624873977779,-53.584805749844804,3.72659105292555,13.887480875744762,-61.18377242501882,-45.49904629629511,15.68472612872371,-53.519367038895254,0.11997894399953712,-0.29054805517201343,1071.6961149968959,-50.572732625279485,4.980530217703987,24.805681249462527,-59.42569370018145,-41.68130583966428,17.744387860517165,-49.61808647481386,-0.242078666744749,-0.9193314498804748,1011.4546525055898,-59.51271362454277,5.054697613043563,25.549967959308287,-68.41641182280414,-50.96911986966225,17.447291953141885,-59.988006462425986,-0.01858079013919624,-1.0049009454900488,1190.2542724908553,4,1,1
-44.73192932630131,4.571148568977703,20.8953992396669,-53.23071430537487,-36.05098234002317,17.1797319653517,-44.79948091218043,0.0008852468458064893,-0.30596310413510297,894.6385865260261,-49.47325895151881,3.8242395350415834,14.624808021375065,-57.87583103602175,-41.09691832256184,16.77891271345991,-49.399807836880015,-0.031921157429193284,-0.02411926631626038,989.4651790303761,-46.55232123133986,4.858158416975958,23.60170320443435,-56.721372785183604,-38.78663060262991,17.93474218255369,-46.37294198646589,-0.290909715264792,-0.7272563262456564,931.0464246267973,-55.707623307348186,2.866976052209825,8.219551683944633,-60.56685914160302,-48.112680448760614,12.454178692842405,-56.24898180358885,0.7416495647837442,0.43889872487596016,1114.1524661469634,4,1,1
-48.29317218533565,3.8283807352209602,14.656499053810979,-55.63036049321816,-41.9526307843295,13.677729708888663,-47.858103789933736,-0.2818744805921979,-0.7352797363009587,965.8634437067132,-51.59857650622985,4.009721675631885,16.077867916032172,-62.152797936867216,-44.79466772239234,17.358130214474876,-50.890308589744244,-0.7806543851282112,0.39665415149263117,1031.9715301245967,-48.72638182757692,4.12483145378547,17.014234522137954,-55.51610654905407,-42.86416049287065,12.65194605618342,-47.004549648219836,-0.3614448056878157,-1.4055813746575454,974.5276365515384,-57.90586562809155,3.3200401092778447,11.022666327213644,-65.87072573013529,-51.27061470339489,14.6001110267404,-57.33532965662265,-0.5177825635642265,0.2812121931581548,1158.117312561831,4,1,1
-50.37113133471182,5.24635240613605,27.524213569369522,-62.84238669683733,-43.374957275271576,19.467429421565754,-50.16612497246153,-0.5034283178726646,-0.5477715479302603,1007.4226266942362,-57.43113786724676,5.113311736078676,26.145956910319917,-67.20073186782288,-47.02758478558021,20.17314708224267,-57.728365539055304,0.12434536236380246,-0.5425036386938342,1148.622757344935,-53.09693902992293,3.8960330840627706,15.179073792111662,-61.880458482433575,-45.50524243505845,16.375216047375126,-53.60673055290886,-0.3459317246936065,-0.24258102532245962,1061.9387805984584,-60.264642834512415,3.7512203868312173,14.071654390578146,-65.40100237927699,-52.808548592656564,12.592453786620425,-60.80817119614122,0.402382954856175,-1.0017688818092685,1205.2928566902483,4,1,1
-48.270597674425936,4.6246788813572355,21.387654755671612,-56.8858672915602,-40.42409920249748,16.461768089062723,-48.35352549713903,-0.11860651118387401,-1.0271015419519907,965.4119534885185,-50.21457604936918,3.6960967829093287,13.66113142863269,-58.25964164239486,-44.336258663768355,13.923382978626506,-50.39218223669006,-0.09459921596416866,-0.7869182083056199,1004.2915209873837,-48.63199200955212,4.3921465716104375,19.290951506509323,-57.92210367574045,-39.96733792572818,17.95476575001227,-49.23504162020514,0.19548244462945424,-0.19583728488186525,972.6398401910425,-56.48978736450475,3.5811599664881144,12.824706705577151,-64.18109642142485,-49.708882201238,14.472214220186856,-56.70705561315472,-0.11193029252120347,-0.5941385464283822,1129.795747290095,4,1,1
-49.21442975886519,3.8560799438850473,14.869352533632508,-56.04967678297296,-43.199340295088874,12.850336487884086,-49.859948606419714,0.01527405954453732,-1.182484108631391,984.2885951773037,-56.95954152715395,4.725091947479701,22.32649391213751,-65.42034406431472,-47.52576249836379,17.89458156595093,-57.65325992338117,0.2187248361617137,-0.7600150911667938,1139.190830543079,-52.92806925196156,3.4945614723757057,12.21195988421266,-60.24661483025731,-46.89396038667776,13.352654443579546,-52.914535370023856,-0.39107410203433773,-0.6353044565444401,1058.5613850392315,-61.84756782970037,3.7039343317606326,13.719129533995083,-68.07395944699654,-55.38176204745036,12.692197399546181,-61.82791757404107,-0.06128772132871315,-1.0138255759110613,1236.9513565940074,4,1,1
-46.315300681544386,2.583511794688607,6.674533193295147,-52.310310249225935,-42.29464006815188,10.015670181074057,-46.51805490023536,-0.44245873343772896,-0.5338777214305264,926.3060136308877,-52.26800557714502,2.9235358504024633,8.547061868588456,-58.744718180416996,-47.763336577951605,10.98138160246539,-52.31025617008724,-0.19823008627411176,-0.6080948628533465,1045.3601115429,-48.06524722579053,3.3358832629195665,11.128117143826895,-52.507682434772235,-40.875532829950075,11.63214960482216,-48.400836904757014,0.4878126467108456,-0.5228467164569985,961.3049445158103,-56.205075789566976,3.1365494355461623,9.83794236162495,-63.11779648447534,-46.105324187813494,17.012472296661848,-55.96099256711306,1.0275798331154815,3.7483783966140196,1124.1015157913396,4,1,0
-49.19398813807099,2.936859090819349,8.625141319328254,-57.43640552251446,-43.432813995736176,14.003591526778287,-49.29560855090284,-0.5049472057310171,1.4818674442084276,983.8797627614199,-55.07985527593644,3.2161400188462355,10.343556620824263,-61.01116492507955,-47.80950076038698,13.201664164692566,-54.6021119636398,0.31593460043553795,-0.2992288628559088,1101.5971055187288,-50.375439332726,2.9634952552647693,8.7823041279768,-57.56215914187639,-45.10883511233095,12.453324029545442,-50.258800541499184,-0.33130074568569307,-0.11381636732392097,1007.50878665452,-58.67970990725911,3.151210378793352,9.930126851414942,-65.05704263041684,-53.12898904665493,11.928053583761915,-58.608801801643665,-0.1684576122741312,-0.5071766770513242,1173.5941981451824,4,1,0
-50.3098393970688,3.556680412141018,12.6499755541076,-56.30502025287514,-41.190089917754406,15.114930335120732,-50.22373245980084,0.5365473260062933,0.029693021935493835,1006.1967879413758,-55.71336540107369,3.2420917753443814,10.511159079755684,-61.41640954033775,-48.657288336235624,12.75912120410213,-55.90771795382979,0.2517492192938576,-0.6834625247721711,1114.2673080214738,-51.16729208494331,4.745977061631075,22.524298269528337,-59.531505249868154,-39.10076756158833,20.430737688279827,-51.92415691419641,0.6518252740172107,0.4182475532005543,1023.3458416988663,-60.62473098689512,3.704281559175583,13.72170186964829,-67.59512967202149,-54.00364417214442,13.591485499877066,-61.71568773742564,0.1763496995849996,-0.8943339920365023,1212.4946197379024,4,1,1
-44.76763810965337,2.5050317100364436,6.275183868288108,-48.99348379294667,-40.07825583259516,8.915227960351508,-45.38700555426236,0.42229825730371773,-0.8571578324005173,895.3527621930673,-49.87665938240539,2.2919830924312325,5.2531864959906365,-54.730577110963715,-46.14301015707,8.587566953893713,-49.82692141878441,-0.20003745287227537,-0.6562671683991175,997.533187648108,-47.65142388401647,2.6633645461173194,7.093510705514715,-52.10379456610887,-42.795522551046425,9.308272015062443,-47.90858454579698,0.027980347965407392,-1.1689137348725038,953.0284776803294,-54.0387036989067,2.301085835121384,5.294996020596278,-58.07481783771138,-50.39541366990998,7.679404167801401,-54.00499164770349,-0.04307955835348014,-1.0185810563091204,1080.7740739781343,4,1,0
-46.01735855377227,2.542666424188206,6.465152544694038,-50.93935675777979,-40.17409591248129,10.7652608452985,-45.5772306298488,0.14849837460286885,-0.17332455253769785,920.3471710754454,-53.17599184139816,2.2387305441986323,5.011914449527905,-59.01259341662507,-48.23132421439791,10.781269202227165,-53.144208785331585,-0.2466171027297754,1.1193723768993022,1063.5198368279632,-48.92924368231055,1.9864778047763139,3.9460940688689226,-52.884155115466044,-44.46122413176493,8.422930983701114,-48.8116236174792,0.33517434689318815,-0.06441404264153938,978.5848736462109,-54.97215185371876,2.380463095520213,5.666604549133675,-59.735115163829654,-49.78238351465215,9.952731649177501,-54.869389149482444,0.17928566180733604,-0.3676235130378309,1099.4430370743755,4,1,0
-44.73305305330674,4.944600022202705,24.449069379566986,-53.723165060849404,-36.609471646020964,17.11369341482844,-44.681862005361474,-0.03796205676702087,-0.8485042811532053,894.6610610661348,-49.20613740818681,4.758473168798906,22.6430668981791,-55.29975324117015,-36.84407385602834,18.455679385141813,-50.22305828281128,1.0871761487915719,0.8400931875284146,984.1227481637363,-46.230972396113955,4.624887316920815,21.38958269421502,-57.633674914132285,-36.84900242145842,20.784672492673863,-46.50962420259768,-0.254783597381948,0.24370642648815144,924.6194479222793,-55.100100079604054,5.776573949659622,33.36880659588617,-66.76892775443903,-43.98747557729658,22.781452177142455,-53.091902660013446,-0.32910004758223116,-0.7175776100473379,1102.0020015920811,4,1,1
-48.84132483777823,2.604581013083072,6.783842253712843,-55.58055804259841,-44.442306304544694,11.138251738053718,-48.68697043498738,-0.7212887006365468,0.47150141069120055,976.8264967555647,-53.62553887140608,3.704988497136781,13.726939763915862,-63.91033470219617,-47.223104448026234,16.687230254169933,-52.22788044900095,-0.999680587528757,0.9950294254291241,1072.5107774281216,-51.76504122261025,2.5076715360832225,6.288416532881988,-56.142764613447575,-48.058995418031444,8.083769195416131,-51.50628905257068,-0.3750653518882977,-1.0817894406930701,1035.3008244522048,-59.329900948345596,2.6176008877400267,6.8518344074973765,-63.593937946737036,-54.28352616939519,9.310411777341848,-59.16783619482024,0.2591058700423887,-0.6109683592511965,1186.5980189669122,4,1,0
-44.58388922254368,3.822848760947964,14.614172649081386,-53.75861081965007,-38.3534865802106,15.405124239439473,-44.363166856585174,-0.5675568025793278,-0.12297435737309836,891.6777844508737,-50.68190955427548,3.9836774442211142,15.86968597959607,-58.43170899765449,-43.484924330644844,14.946784667009645,-50.71760392849279,-0.1066316331057124,-0.6475632595542384,1013.6381910855096,-47.815790179473645,3.159401771563885,9.981819554161016,-53.21027435421193,-41.765407881327654,11.444866472884279,-47.67129000357696,0.035436044981550105,-0.9920703982161663,956.3158035894728,-54.2485444352762,3.6299645008185637,13.176642277202964,-62.08607364991956,-46.50657358359325,15.579500066326311,-54.192874677666545,0.1360940846650206,-0.1578027107556843,1084.970888705524,4,1,1
-47.12636328370697,4.93215213935568,24.326124725750812,-55.523281361965424,-34.106740367750966,21.416540994214458,-46.799292545160576,0.5238939832876353,0.6228802137398484,942.5272656741395,-52.13660446072504,3.6507897096438247,13.32826550404124,-58.62907359474924,-44.15429390642327,14.474779688325967,-51.59736843083587,-0.10244772249453538,-0.24751789263187218,1042.7320892145005,-48.31452175636881,3.5603470563509636,12.676071161666972,-54.6092000831727,-43.056147381158745,11.553052702013957,-48.187244202113334,-0.14774901698212498,-1.1451409838350992,966.2904351273762,-58.64310921237317,4.854898428232793,23.570038748457243,-72.0639119273941,-49.424657820323496,22.639254107070606,-58.42648796151171,-0.6996229082352973,1.1285753535004606,1172.8621842474636,4,1,1
-48.73336577564309,4.6534704011981844,21.654786774827592,-54.7154191465353,-36.38292237693487,18.332496769600425,-50.918926988710545,1.1005343309631328,0.2599260608537697,974.6673155128617,-54.245372156067674,4.523472181532391,20.461800577097407,-63.29980686718391,-45.51610796857997,17.783698898603937,-53.17580715834242,-0.006033620779467613,-0.7722643977727826,1084.9074431213535,-51.57421245473788,2.954873473758149,8.731277245919548,-56.91042013026455,-44.487560857978444,12.422859272286104,-52.15393078460586,0.531384659158015,-0.21864573378531338,1031.4842490947574,-59.671702249642735,4.065675334541184,16.529715925896564,-65.05396101940602,-46.38036161529548,18.67359940411054,-60.42998729525899,1.5160469571360977,3.162826132405349,1193.4340449928548,4,1,1
-51.6917914957247,4.7554428765357,22.614236951994133,-60.90931593674846,-44.27092677287594,16.638389163872525,-50.99808979949366,-0.33553536630305925,-1.0428545616949507,1033.8358299144943,-57.8522774172386,4.315779357530279,18.62595146288447,-69.0747787444367,-51.18549523099923,17.88928351343747,-57.423536104282846,-0.8800600417740861,0.40146753331025176,1157.0455483447718,-52.13489768179878,4.400202282510981,19.36178012701485,-58.66907894044486,-44.31963686579258,14.34944207465228,-53.84445278334249,0.3611060313028297,-1.205625177023775,1042.6979536359759,-60.97367319547548,3.870150574272491,14.978065467541693,-68.12973260613664,-53.79955388132828,14.330178724808363,-60.71892038520231,-0.24805650714815303,-0.7325914619049629,1219.4734639095095,4,1,1
-50.80641586820627,4.674793966838436,21.853698632389044,-57.47815279433877,-41.47504076031719,16.003112034021576,-51.12798848411903,0.3748981263713138,-0.9614722477076576,1016.1283173641255,-54.442363839810085,4.652738719623942,21.647977593087838,-60.89894579076814,-43.374201011961,17.52474477880714,-54.30984981550712,0.654707914730174,-0.02478439572711455,1088.8472767962016,-50.770843934883345,5.499681544179499,30.246497087388597,-58.87433250229054,-40.540858190061314,18.333474312229228,-51.84494698199188,0.28703987663675756,-1.0475857782848053,1015.4168786976668,-60.05193990579288,3.413408350294978,11.651356565863482,-67.53031911211745,-53.21650806704988,14.313811045067574,-59.933148592996524,-0.10801043378559597,-0.3164729819051675,1201.0387981158578,4,1,1
-45.84692862554546,2.6719257189416656,7.139187047541936,-51.32932220458785,-39.999274533611214,11.330047670976633,-45.760167819144954,0.011252160826599059,-0.33364228204643354,916.938572510909,-51.13783735491553,3.009741405613345,9.058543328663395,-56.62887295357225,-44.43567893450904,12.193194019063206,-51.65625941082473,0.30579417231046935,-0.5043769844956665,1022.7567470983106,-48.44013659945408,2.74717640032018,7.546978174476142,-54.930228666164155,-43.23707490340592,11.693153762758236,-48.48365427219656,-0.3003804634068056,-0.07051105814051883,968.8027319890816,-56.73412598739128,2.5585336185362073,6.546094277179978,-62.55009394402568,-52.07225113559149,10.47784280843419,-56.59064386793138,-0.3872526363352557,0.002310613366931502,1134.6825197478256,4,1,0
-48.392698665587275,4.408153369990132,19.431816133355362,-59.17874468446837,-41.08339413113726,18.09535055333111,-47.385825282892114,-0.6254022279637134,0.07154892743794772,967.8539733117456,-52.74152485422866,3.7709344828474363,14.219946873927862,-60.02632780947723,-46.56012061736124,13.466207192115988,-53.16095894668872,-0.18895237727246628,-0.7637733171690515,1054.830497084573,-50.50135979755892,3.8636298557933957,14.927635662578094,-56.60302108247918,-42.1535313675876,14.449489714891584,-51.3329026892896,0.354141178392575,-0.5884971884649208,1010.0271959511787,-58.548601232232976,4.826599220937328,23.29606003955282,-66.83898473284673,-49.14214908158596,17.696835651260763,-59.59599933742638,0.2552603509133343,-0.8955811882983791,1170.9720246446595,4,1,1
-45.769855451979105,4.515868997198979,20.393072799862907,-55.68059274277351,-39.29051382007361,16.3900789226999,-44.37479374135868,-0.6160254424177315,-0.6396887935037836,915.3971090395822,-53.23721635924223,4.942952265114402,24.432777095199604,-64.70027733951288,-44.8955815582445,19.80469578126838,-52.27299347900785,-0.4065081379526011,-0.1482331725573447,1064.7443271848447,-49.14462226461807,3.8474417683012776,14.802808160469263,-55.7055497474023,-42.47684307804625,13.22870666935605,-48.90003632137642,-0.0796142163462343,-1.0521892668405155,982.8924452923613,-57.057050328962795,4.110980529279635,16.900160912116267,-64.65347549111681,-46.8400105311414,17.813464959975406,-57.551614177885355,0.5292882937376491,0.11141054183067389,1141.1410065792559,4,1,1
-50.8714662839814,2.8676595065487596,8.223471045499476,-56.51069385384988,-45.54575201217693,10.964941841672946,-50.75530250799097,-0.1489773771797804,-0.38381089468771057,1017.4293256796282,-55.14689967254287,2.8312834288918216,8.01616585471743,-60.29015790835723,-50.25923695944061,10.030920948916624,-56.02934661950715,0.13685129305774,-0.9280089755027223,1102.9379934508574,-52.881092534221544,3.0456891731521964,9.27622253945651,-58.85680293789695,-48.50306024081425,10.353742697082701,-52.352179735016854,-0.4308798434920089,-1.0484092680253627,1057.6218506844307,-61.13915655180957,2.1661758052711835,4.692317619342261,-65.06579134189502,-57.40469001854947,7.661101323345548,-61.20784767406144,-0.019741089582721912,-0.7722905694951749,1222.7831310361912,4,1,0
-45.07812433183126,5.81349318011692,33.796702955265935,-54.82417439003272,-32.91020585022907,21.913968539803648,-47.13751331623021,0.5649563520268082,-0.5386024296792824,901.5624866366254,-49.192507071321316,3.272448844263362,10.708921438320614,-55.996459698848916,-43.087265326357624,12.909194372491292,-49.04459714934838,-0.48467696011269984,-0.2095589934271942,983.8501414264264,-45.51120777359443,4.312401321695122,18.596805159357835,-51.0693717454432,-35.952017667554365,15.117354077888834,-45.69325566880508,0.5219096790319214,-0.7714131323570883,910.2241554718885,-55.961368878101,3.8499416115645184,14.822050412456003,-62.62670479941265,-49.730791174644594,12.895913624768056,-56.65861752309495,0.11262289153057825,-1.1310910846763143,1119.2273775620197,4,1,1
-47.04199431299524,4.371658670284385,19.11139952947264,-53.50316430778932,-40.05584981011203,13.44731449767729,-47.12801031060733,0.04921561072508363,-1.437208220517101,940.8398862599049,-53.02441702889219,4.649588574605333,21.618673913100448,-62.42260376677305,-45.59358421199629,16.829019554776764,-51.934168614737445,-0.3296102474414236,-0.8768707894126844,1060.4883405778437,-51.02263495655367,3.8857258535947814,15.098865409294891,-61.397862650263406,-45.193246516607516,16.20461613365589,-49.90879424395334,-0.9423485611881814,0.545737440241024,1020.4526991310735,-57.633212213217476,5.307627745984974,28.17091228994954,-72.33873514963369,-50.20386602190204,22.134869127731655,-56.46774056032555,-1.1324410421514737,0.9027680414385344,1152.6642442643495,4,1,1
-47.65752836681544,5.077566572037073,25.78168229346831,-56.03371976114462,-37.248162270926265,18.785557490218352,-48.77517017369218,0.3411760832550006,-0.8778171472245111,953.1505673363089,-50.73920955826152,5.225129272604388,27.301975915427256,-60.262741336665634,-36.6482577538685,23.614483582797135,-51.22549262236098,0.7940551138724082,0.9427558885986498,1014.7841911652304,-49.53596069697811,4.660547852896566,21.72070628913879,-57.89867016968282,-39.71008757065235,18.188582599030475,-49.3073851353491,0.34880708542554506,-0.34005054375968014,990.7192139395622,-56.129687124914014,3.308105285729291,10.943560581470075,-60.90627343940441,-49.44991435759807,11.45635908180634,-57.06734474035922,0.585522040394717,-0.7720606641250867,1122.5937424982803,4,1,1
-51.28894367102457,2.8776992714556457,8.281153096936354,-57.23311881480711,-46.274407270991006,10.958711543816108,-51.49781863602047,0.062061505887609045,-0.647795400270716,1025.7788734204917,-57.905614252153704,3.3765094792335884,11.400816263354278,-66.09061232204824,-52.664348375947334,13.42626394610091,-58.03069240549357,-0.7793090106311333,0.4239854175538733,1158.1122850430743,-54.76967436164389,3.111956526114221,9.684273420424889,-59.51512619582439,-48.35109280841676,11.164033387407628,-55.32862878556432,0.45732268803617,-0.8077035788498592,1095.393487232878,-61.54544406126621,2.379528033752962,5.662153663416236,-67.62813973494816,-57.99488950360715,9.633250231341016,-61.29047282938113,-0.5390815228570323,0.08878438615377693,1230.9088812253244,4,1,0
-49.25233580734678,2.1259271489737013,4.5195662427434495,-53.95506937110505,-46.41641245085819,7.538656920246858,-49.05813043687443,-0.4667474321374316,-0.8275067977018984,985.0467161469355,-54.799121996715336,3.2670993471545606,10.673938144177757,-61.52564961939282,-49.66996132016277,11.855688299230053,-54.38460463694712,-0.4642509086527263,-0.5927961425656356,1095.9824399343067,-52.15860304680738,2.769133989712422,7.668103052980636,-59.484710609487756,-46.55555003498803,12.929160574499726,-51.64654550794967,-0.8018830269966063,1.038353124815015,1043.1720609361475,-61.42516208087257,2.8176620829084973,7.939219613460251,-68.0956858217542,-55.95807235967852,12.137613462075684,-61.39529023299906,-0.19250646011944797,-0.03074897200782889,1228.5032416174513,4,1,0
-50.15500414303666,6.058443058540192,36.704732293573834,-58.6721914343663,-36.646229929675265,22.025961504691033,-50.53657754301333,0.36462521593116726,-0.870569528892617,1003.1000828607332,-55.76040866791,4.072336660746652,16.583925878461194,-63.00025182961359,-48.38711596927338,14.613135860340208,-56.3513816970708,0.11184271619980446,-0.8787093851283134,1115.2081733582,-54.1060863329714,5.507616706903721,30.333841790164985,-67.50134094659718,-44.491995010538105,23.009345936059077,-53.9584404298015,-0.39475304145509804,-0.19169652005108073,1082.1217266594278,-61.35140259696052,3.3089500001289482,10.949150103353366,-67.8541346274801,-53.983340486823835,13.870794140656258,-61.586454642450136,0.22809494315622242,-0.06697094370591072,1227.0280519392106,4,1,1
-50.54762720315482,2.6794727170708383,7.179574041526981,-56.08148572378968,-46.138466748150776,9.943018975638907,-50.013543736790936,-0.40935562879235526,-0.7183790966123085,1010.9525440630966,-57.062122167622796,2.582305640491732,6.668302420915414,-63.3040699254169,-53.29292707105359,10.011142854363307,-56.615776579669216,-0.5353827986520534,-0.12791401144086745,1141.242443352456,-52.82483362942905,2.4260851868858397,5.885889334026901,-57.15416115010205,-48.65852647372774,8.495634676374308,-53.103433583261975,0.007328189964147878,-1.0146098103442989,1056.496672588581,-61.68839437333172,2.763373843273401,7.636234997687606,-65.1756879014267,-55.671295810158,9.504392091268699,-61.80191577372193,0.3225792580370499,-0.9728435228181849,1233.7678874666344,4,1,0
-47.3000375018941,2.8879399020608054,8.340196877914975,-52.35542370342007,-41.78472200771193,10.570701695708145,-47.42968515120177,0.0662928464758784,-0.8527104875481091,946.0007500378821,-52.553649188048816,3.143861081836265,9.88386250188469,-58.59807998597716,-45.83813286414174,12.759947121835417,-51.97205927852126,0.03951333978519237,-0.4896462797498211,1051.072983760976,-48.37880993191502,3.299087831166475,10.883980517750715,-54.53579751304393,-42.43290790804981,12.102889604994118,-47.45326129481681,-0.22769366779301897,-0.9202652536981004,967.5761986383004,-57.27973187701791,3.5046901565790094,12.282853093621801,-65.84422275349323,-51.39396866214786,14.450254091345364,-57.07721408863456,-0.6338000308651596,0.3664110904233091,1145.5946375403582,4,1,0
-50.959333428865634,4.506198582544306,20.305825665324306,-58.915862007302955,-41.57499790077389,17.340864106529068,-51.452458326540366,0.36806763033853024,-0.4456965950552232,1019.1866685773127,-56.84017918919714,3.2223409036223654,10.383480899157801,-62.427137272600866,-50.29442620701864,12.132711065582228,-56.62374948051236,0.14529612712670037,-0.6961536463592428,1136.8035837839425,-52.93308205936474,4.603783302485826,21.194820696247298,-59.08876076214238,-42.64969907772417,16.439061684418206,-53.32696447373904,0.6977987750063553,-0.2737465576312683,1058.661641187295,-60.440750462352376,3.132484001003573,9.812456016543353,-66.2091310736163,-55.40601896925282,10.803112104363485,-60.21309998976025,-0.36554762231838384,-0.884633312326482,1208.8150092470473,4,1,1
-48.42777956180292,2.226635388076975,4.957905151436701,-52.51952579458711,-44.464220096094614,8.055305698492496,-48.11084779747176,-0.04124164198089585,-1.1561501952522695,968.5555912360584,-52.86794460586077,2.1863515849472575,4.7801332530013845,-58.67538633575308,-49.34461642230401,9.330769913449075,-52.61139160185883,-0.6129305392711909,0.43767345441619376,1057.3588921172156,-50.13446960250983,2.6013897539906172,6.767228652167363,-55.260593351962626,-45.35067863610949,9.909914715853134,-50.32579850367566,-0.2828472320291729,-0.38679436189345573,1002.6893920501967,-58.91732974451037,2.7741554015271905,7.695938191822488,-64.80358833808974,-53.1625314515222,11.64105688656754,-58.80048600562325,-0.2357678640228206,-0.08590807445030046,1178.3465948902071,4,1,0
-48.18431986458714,5.388312752195231,29.03391431546975,-57.761661794426075,-34.591265030347685,23.17039676407839,-49.05718540630534,0.4998794661474476,0.1598741384265452,963.6863972917427,-51.92517377684483,5.622261660252061,31.60982617634026,-62.036767947086815,-38.60565855577096,23.431109391315857,-52.21919372186251,0.31704281419951846,0.2362039917190195,1038.5034755368965,-49.53776907800309,5.073026034165005,25.735593143315917,-63.6029747967459,-41.93879046833859,21.66418432840731,-49.246605355689795,-0.7595871975296804,0.7383983410126023,990.7553815600618,-57.85716983356908,4.916859230998971,24.175504697459786,-66.67441671361217,-47.09132839687739,19.583088316734788,-58.36128469314211,0.24131163712062767,-0.5206727926750534,1157.1433966713819,4,1,1
-49.5748740360984,3.5979313535370085,12.94511002476465,-57.00713144568977,-42.369478597592625,14.637652848097147,-49.10142521111102,-0.14425549756074654,-0.46973523141466256,991.4974807219681,-53.26489701947321,3.8332198620207634,14.69357451059048,-62.70305974789227,-46.35189697526932,16.35116277262295,-53.31508112508402,-0.4761618632779349,0.07116533763454491,1065.2979403894644,-51.75400084495311,5.302209705250584,28.11342775845348,-62.5488855187273,-41.59682716529511,20.952058353432193,-51.31330653786327,-0.19119868697281944,-0.710754896847491,1035.0800168990622,-60.3157771009434,3.5701086844455485,12.745676018753525,-67.35791361894574,-55.399704383842135,11.95820923510361,-59.81081777569665,-0.43232263025922885,-0.950955355090497,1206.3155420188677,4,1,1
-51.55352931792586,4.842396880733245,23.44880755053506,-61.841966616797365,-42.34781536447654,19.494151252320826,-52.82285854894003,-0.08527740268716699,-0.7019068105418409,1031.0705863585174,-55.25071565962595,4.030551252783284,16.245343401312898,-61.85240631825461,-46.925345547474194,14.927060770780415,-56.244746512771364,0.4630909711358822,-0.8553799459150104,1105.014313192519,-51.28403379789669,4.750466239143112,22.5669294892385,-58.72958776907625,-39.61556746841811,19.11402030065814,-51.988898289049985,0.8605514338691229,0.1682931684436637,1025.6806759579338,-61.50903801303677,4.518609271073483,20.417829744631234,-70.24715720895318,-54.511725669713314,15.735431539239869,-61.35754090840507,-0.13242629709397444,-0.8762900992211602,1230.1807602607353,4,1,1
-51.70190248267712,4.514645861710295,20.38202725665789,-58.707200820192575,-43.07684440126632,15.630356418926254,-52.58821041555984,0.38499722316424495,-0.8109084287074015,1034.0380496535422,-56.48564008890268,3.2388198261027257,10.489953865956089,-66.35191970501145,-50.29844572106729,16.053473983944166,-56.172414061525984,-0.928840259169121,2.3626938944320885,1129.7128017780537,-51.43769780629354,5.519040928001453,30.45981276495514,-65.54566102832682,-39.39595451156473,26.149706516762087,-51.31211581132138,-0.34316056322406224,1.2570589045558185,1028.753956125871,-63.712774878297196,3.772537230764693,14.232037157505738,-70.96644640431602,-56.88653860636973,14.079907797946284,-64.67746767722429,0.010191988199295031,-0.9671702858879518,1274.255497565944,4,1,1
-50.50429334922922,2.9752571809245194,8.85215529264292,-56.79498500116601,-44.54300852470327,12.251976476462744,-50.178337944936914,0.004182180670649702,-0.1466151937624085,1010.0858669845843,-55.49473922738407,3.3968102370218265,11.538319786336277,-60.49987082139661,-49.72833945181391,10.771531369582704,-55.7250237340237,0.3168684184289156,-1.021271899875734,1109.8947845476814,-52.61829314579281,1.6985704143895195,2.8851414526393837,-55.785425287326476,-48.36666351687911,7.418761770447368,-52.378022571483186,0.06472476016609097,0.5228649352292738,1052.3658629158563,-61.71578645927273,2.484557849884603,6.1730277094232004,-66.25971464381811,-55.80739253760093,10.452322106217181,-62.117364793247575,0.2866120433499228,0.07663793755995796,1234.3157291854548,4,1,0
-44.59273102390109,5.732591033790531,32.86259996069558,-56.64313906713311,-33.57885503651224,23.064284030620875,-43.88800992567157,-0.5935333613135665,-0.07046804620768299,891.8546204780217,-49.98413232351888,3.3296466486543994,11.086546804895473,-56.616130920314816,-44.38472665847104,12.231404261843778,-49.36398682490183,-0.4404058135319609,-0.4457830304993182,999.6826464703774,-47.59357222099918,4.394741155072197,19.313749820085306,-57.4496400168062,-40.88400246889791,16.56563754790829,-47.013320469040735,-0.45909480882945014,-0.3293643210810555,951.8714444199837,-54.65177917824336,4.595759464172424,21.121005052530407,-62.83728910173196,-42.14226666668219,20.695022435049772,-55.54392383806322,1.1287861851346743,1.4169985437322872,1093.035583564867,4,1,1
-46.60893966620762,4.843774481777292,23.462151230316866,-55.41052234756006,-38.694909523091965,16.715612824468096,-46.40529159126902,-0.21779614010854387,-0.9734887045674756,932.1787933241521,-52.40098213235785,5.258554799286245,27.652398577096402,-60.65050534855516,-42.18568641425136,18.4648189343038,-52.85317503379608,0.31985203685595953,-0.9456353001511792,1048.019642647157,-49.69895209107922,4.449162153077812,19.795043864379995,-54.81853670882425,-39.175446110699326,15.643090598124921,-50.93608129237752,0.8795114303082888,-0.1494278671521294,993.9790418215846,-58.35209161155537,3.844494580440707,14.78013857903797,-64.76961746140287,-52.4491976464573,12.320419814945573,-57.936758213202964,-0.09847652446587808,-1.0175969127562068,1167.0418322311075,4,1,1
-44.86788618525402,4.84970510694202,23.519639624299508,-56.084030302638695,-32.81325378768438,23.270776514954314,-45.349040677917216,0.09148432942467646,0.8229537130678839,897.3577237050806,-49.23257907465647,4.461716246038456,19.906911860163497,-58.33531886410374,-41.02819897732055,17.30711988678319,-49.41422964644106,-0.22438778053960431,-0.5690322616357459,984.6515814931295,-47.142708701365265,3.8573622342863163,14.879243406498322,-55.50049203423763,-39.54748619564172,15.953005838595914,-48.013413258040146,0.2311659099484096,-0.14965087506810137,942.8541740273054,-53.89458046517022,3.606720051459031,13.008429529596635,-61.44893661341431,-45.819702315659804,15.629234297754508,-53.541868559730446,0.0668165157152668,-0.030027872823044977,1077.8916093034045,4,1,1
-44.22153122648497,4.053794384648419,16.433248913007052,-52.27739210033606,-37.96345062799919,14.313941472336872,-43.4581980794351,-0.2368902230936578,-1.0433796063423393,884.4306245296996,-49.843172309200604,5.7092552057036805,32.59559500385458,-60.202572096591254,-36.173750635719486,24.028821460871768,-50.88138458414517,0.6916013097415437,0.227948522344382,996.8634461840121,-46.89259868311289,4.358605390765592,18.997440952410884,-57.11050216498717,-40.340327594167896,16.77017457081927,-45.87160016591565,-0.5115059578736394,-0.543002830093533,937.8519736622577,-54.46323515655464,3.2000602432545486,10.24038556045836,-61.043024863696814,-47.37710294718073,13.665921916516083,-54.13861324704393,0.06356238015690774,-0.3559231309208819,1089.2647031310928,4,1,1
-47.58418085441101,2.5274171398286502,6.387837398699634,-51.73984088806609,-43.33179579366476,8.40804509440133,-47.12978826134558,-0.08069922044521492,-1.2884236967614613,951.6836170882202,-52.72685616439882,2.914062931453312,8.49176276847027,-57.685350620256465,-45.4869358238528,12.198414796403668,-52.58181409969676,0.5029162129071547,0.04202704994852935,1054.5371232879766,-49.74329335796528,2.7672631432260477,7.657745303857306,-54.47336457336322,-44.605744132185805,9.867620441177415,-49.1666428264337,0.00041915920299346037,-0.9840762170056889,994.8658671593056,-57.90507668114792,2.907624675096588,8.45428125123054,-61.830946852652346,-51.87129708953676,9.959649763115586,-57.769181749064316,0.46243420144826175,-0.7654962493625206,1158.1015336229582,4,1,0
-50.1794727096932,5.0457176381152635,25.459266483587474,-60.43155061797391,-42.809690241958535,17.621860376015377,-49.199311654394634,-0.43772218073008856,-0.8408216934277482,1003.589454193864,-56.329884505732196,4.384824898807091,19.22668939319862,-65.108497460368,-48.01847147047702,17.090025989890982,-55.303812789510346,-0.23111701327011624,-0.26926698303090557,1126.597690114644,-53.15790413527371,4.3476459824799685,18.90202558897421,-60.13754088774874,-42.24237191868378,17.89516896906496,-53.21638390361996,0.27047463212139783,0.20981893052708722,1063.158082705474,-63.23857156808113,3.918492901438027,15.354586618620207,-70.44633755864511,-56.22718962109062,14.219147937554489,-63.483346775564755,-0.03614331846231804,-0.6631779689853694,1264.7714313616223,4,1,1
-52.766565548874176,4.458873524093641,19.881553103863247,-60.54921366041557,-44.89068681634831,15.65852684406726,-53.15329644716779,-0.01260632138912254,-1.1050137197954648,1055.3313109774836,-58.11998695898028,4.213768880408621,17.75584817750012,-67.16733361592865,-48.641399657851814,18.52593395807684,-59.108712710482976,0.3773835678920058,0.13942195118530032,1162.3997391796056,-52.84561163503209,4.5884405058901665,21.053786276093604,-63.77387489308921,-43.997875103584,19.775999789505207,-53.55779123657349,0.0039733041211313935,0.09211181596588602,1056.912232700642,-62.11806478000782,3.732136845470526,13.928845433318688,-70.1367761955411,-55.81846761469448,14.318308580846626,-61.64701503358518,-0.35364458544801997,-0.34485936501006886,1242.3612956001562,4,1,1
-51.15858361329682,3.9358296572199443,15.490755090652064,-59.80894856717367,-44.591643391862384,15.217305175311289,-51.66546303248829,-0.17157951199900504,-0.254566807728537,1023.1716722659364,-57.17460128286857,4.210128956307464,17.72518582873858,-64.55001795177795,-47.972950569023446,16.5770673827545,-58.389766493539895,0.39561955583099284,-0.5982194970267685,1143.4920256573714,-55.44322391597815,3.626439050963529,13.15106019035326,-63.08180633879387,-48.40633964401197,14.675466694781896,-55.41824876075357,-0.3765598504451315,-0.27121653402746837,1108.864478319563,-63.206094382515786,3.750454675539076,14.065910273272916,-71.60183218054028,-57.466499620787225,14.13533255975306,-63.81441355651381,-0.29316230477747585,-0.522138004468903,1264.121887650316,4,1,1
-48.06485702458638,4.210041085604348,17.724445942476635,-61.06115205775323,-42.43487664772773,18.626275410025507,-47.42292143685083,-1.4607635339607914,2.3680407238696963,961.2971404917276,-51.831096190485745,5.188103958923998,26.916422688602857,-59.15682060062338,-35.261904373992415,23.89491622663096,-52.78509542618872,1.4612715324226122,2.842729106448086,1036.621923809715,-48.40123902526713,6.039692001469341,36.477879472612734,-60.730070351496025,-33.710020184687664,27.02005016680836,-49.313200546307954,0.3618232082850992,0.20170579007659128,968.0247805053425,-55.96784267831955,4.030540049215378,16.2452530883291,-61.74151691755763,-48.83828801072494,12.903228906832695,-56.06130315932326,0.20844825146098506,-1.2286594312977426,1119.3568535663912,4,1,1
-49.383878317353044,4.357291613485056,18.985990204947203,-56.91686124502223,-41.91343061746854,15.00343062755369,-50.17214237278594,0.14169628818445093,-0.9162090418189974,987.6775663470607,-55.142490200360854,4.031345365449506,16.251745455531214,-60.91848480183601,-47.28748803465843,13.630996767177578,-55.064069714813094,0.16908075983182697,-0.9522817182050076,1102.8498040072168,-51.04500143995512,4.574363164363876,20.924798359489095,-58.56165737066906,-41.074427693629545,17.487229677039515,-50.87018528469697,0.2415415778076372,-0.5156855387395072,1020.9000287991025,-60.418525337796645,4.807800938600845,23.114949865211166,-67.7244697847935,-52.04105770773475,15.683412077058748,-61.56443262158972,0.3424899771497402,-1.1720248032803715,1208.3705067559326,4,1,1
-46.563876964685065,2.8660166528015845,8.214051454135998,-51.92776791495606,-40.99696561793519,10.930802297020868,-46.50561174351844,-0.4114542097950875,-0.33927582166654613,931.2775392937011,-50.47232947691342,3.054432424557643,9.32955743618908,-54.538063508496236,-43.59924276818485,10.938820740311385,-51.06149379303642,0.8085321692313228,-0.24273111762681676,1009.4465895382685,-48.462467342498435,2.831098503187985,8.01511873475325,-54.30517360551832,-42.519344257961926,11.785829347556394,-48.4674170270153,-0.06251531600036106,-0.3305600184041708,969.2493468499688,-56.82725367582327,2.2716770035985485,5.16051640867848,-61.95188453826101,-52.449357447561084,9.502527090699928,-56.74748410595749,-0.06738270005762799,-0.10473855909000607,1136.5450735164657,4,1,0
-51.22421224924316,2.4361588994597194,5.934870183416791,-55.85233493303436,-46.85507225844026,8.997262674594104,-51.324956674259326,-0.17393473613235624,-0.44772837894793005,1024.484244984863,-56.15133877099966,2.5957393285279524,6.737862661666744,-60.25810537652003,-50.42977216986829,9.828333206651735,-56.33715986599618,0.4644367178056503,-0.5060322225054956,1123.026775419993,-53.70617723149402,2.43114126605611,5.910447855520905,-56.962546438109214,-49.013505638244176,7.949040799865038,-54.428730374525074,0.5720795357396158,-0.7625521479610189,1074.1235446298806,-59.998301325646594,2.4733713452789376,6.117565811646942,-63.85932367164669,-55.732192206250055,8.127131465396637,-60.233401117734445,0.16385742572728454,-0.9778487050625984,1199.9660265129316,4,1,0
-52.09863036421633,4.888315005112326,23.89562358920632,-58.95532624715136,-41.82275169194847,17.132574555202893,-52.63051198787348,0.5322134806926482,-0.6128818391156732,1041.9726072843268,-56.88255527306109,3.9678830421608957,15.744095836268006,-64.28955658978302,-50.47721422178421,13.81234236799881,-57.20713709509863,-0.21773265855995957,-0.6208114974546803,1137.6511054612215,-53.47776420511021,3.367203292950147,11.338058016054315,-62.101400624579874,-46.549455199620624,15.55194542495925,-54.17300636419543,-0.17015714069760907,0.5994017259036224,1069.5552841022043,-61.76814649845046,4.124681444789954,17.01299702099454,-72.22257506120953,-56.16258861886429,16.059986442345235,-62.417480075062116,-0.5725454223446329,-0.008959369781465831,1235.362929969009,4,1,1
-48.76719563496907,4.384439695502178,19.22331144349523,-58.837220953810984,-40.35240702357136,18.484813930239625,-49.15496849910859,-0.19050592253000373,-0.3372247438014204,975.3439126993812,-55.80705927299302,3.9102930937181317,15.290392078779718,-63.95049054885564,-48.8645567675571,15.085933781298543,-55.655060836354906,-0.3242015771674334,-0.12436507991937962,1116.1411854598605,-50.785431833948024,3.8187492155709712,14.582845571423908,-56.71124747430866,-43.39631609691954,13.314931377389115,-49.7243177164444,-0.07965259482957426,-1.096077550611918,1015.7086366789605,-59.68410659382319,4.684196018511492,21.941692339838912,-68.80157557981349,-50.24099587209084,18.560579707722646,-59.79819806461731,0.19714118757707758,-0.39908125627086166,1193.6821318764637,4,1,1
-51.70742515147107,5.544205121195285,30.738210425888024,-65.18628051190677,-39.5485357852301,25.637744726676672,-51.208891722434046,-0.39153151619130727,0.7991560216936255,1034.1485030294216,-55.14265898442833,3.7357001048159852,13.955455273122164,-66.95408517932351,-48.20485683940004,18.749228339923476,-54.962545024645905,-1.0357553429787822,2.9745739165626945,1102.8531796885663,-51.444834742297736,3.8732708804729152,15.00222731351943,-61.806166117417895,-44.85250536229934,16.953660755118555,-51.08918379290859,-0.5124134809349912,0.5650922154541043,1028.8966948459547,-60.25544843731958,3.196727082109779,10.219064037494102,-66.46244193324131,-51.09636407192506,15.36607786131625,-60.77376006214797,0.7882750990558018,1.4472874841434686,1205.1089687463914,4,1,1
-50.83661444212174,3.7996435305477476,14.437290959233351,-57.103194714472025,-43.09466301483144,14.008531699640585,-50.87780951839731,0.34045064526572283,-0.46798784901480106,1016.7322888424349,-55.480874413166546,4.779988624737021,22.84829125261532,-68.47857443386116,-46.20097024547667,22.277604188384487,-55.5042111952562,-0.5108863890165228,0.9351952616041546,1109.6174882633309,-52.501116962149766,3.907679531762654,15.269959322956794,-58.654198530090824,-45.56293988615308,13.091258643937742,-52.320912279695214,0.10185805277098774,-1.0559796817903193,1050.0223392429953,-61.6944969394213,4.511959936075114,20.357782464746947,-69.21601036432861,-52.9806978117031,16.23531255262551,-62.60048430765386,0.024856966994107017,-0.83503914602688,1233.8899387884262,4,1,1
-50.91879668520081,2.9761611172275537,8.85753499569716,-56.522364471620406,-45.973270706372254,10.549093765248152,-50.8100763352947,-0.42676000522576507,-0.8495170529699609,1018.3759337040163,-56.74754278072604,4.924953119048507,24.25516322482562,-67.54308432538174,-48.58346370268471,18.95962062269703,-56.14836206401988,-0.547854604659098,-0.16471713004326816,1134.950855614521,-54.878151652502694,4.6415560271873515,21.54404235351923,-66.78290112565946,-46.32750674431484,20.455394381344625,-54.845888222616495,-0.6818876281075177,0.4135625689877167,1097.563033050054,-61.839959133432544,5.060245222179453,25.606081708589976,-74.88804303567066,-54.44749961339835,20.440543422272313,-59.95948035445795,-1.0230181532520344,0.2876507408594384,1236.799182668651,4,1,1
-46.04019684326538,2.72860832130485,7.445303371094072,-51.220759402859734,-39.651228948300776,11.569530454558958,-46.19802190092605,0.3514743341046495,-0.03115592181429605,920.8039368653076,-51.69341418571713,2.777763615786783,7.715970705188864,-58.72203394614826,-46.08703084572159,12.635003100426665,-51.2410965153159,-0.5654565693289473,0.5231977582880227,1033.8682837143424,-48.7200321429914,2.260074307062434,5.107935873443741,-52.868468116853464,-45.62585990830918,7.242608208544283,-48.5740414967975,-0.2897654490073258,-1.1864785107950715,974.4006428598282,-56.624193677828295,2.8380039441963647,8.054266387274122,-61.56677372796187,-50.561564928475825,11.005208799486049,-56.75528116033736,0.1194168715460628,-0.5354042648547783,1132.4838735565659,4,1,0
-44.78022324895768,2.999625253704441,8.997751662661432,-51.26224217929134,-37.8871586118478,13.37508356744354,-45.24852573496865,0.16119342935411785,0.10877958304229152,895.6044649791536,-49.22723886558809,2.2657260434818864,5.133514504112083,-53.36555327472602,-46.13973350508605,7.225819769639969,-48.328534395887374,-0.5264287585139046,-1.033018691810083,984.5447773117617,-45.94673286460891,3.0755946110358954,9.45928221143304,-52.80268833111628,-38.59446788471629,14.208220446399991,-45.56751407612745,0.049195665111859244,0.5587126421488438,918.9346572921781,-54.561599673621686,2.3780704543788804,5.655219085989774,-59.327423903015166,-49.44739305978123,9.88003084323394,-54.71453288842339,0.23343825234197144,-0.25916217733197255,1091.2319934724337,4,1,0
-45.834790851511315,2.434821310795971,5.928354815506211,-49.89206478557372,-39.86677407273925,10.025290712834476,-45.97099773812164,0.7187424310831746,0.25157577740634274,916.6958170302262,-52.354579547412264,4.561659263408061,20.80873523543658,-61.43825315782895,-43.021307189966755,18.416945967862198,-52.330344654287686,0.207546474151033,-0.2506288023287895,1047.0915909482455,-49.05126836002302,2.9337154087760067,8.606686099689773,-55.63749222813268,-44.49923601391943,11.13825621421325,-48.84216019357099,-0.669988455186826,-0.22033457298471282,981.0253672004604,-56.544238379545604,4.777915658377874,22.828478038572477,-63.89548657318702,-47.66125012433371,16.23423644885331,-56.544224738765564,0.3823945851098077,-0.762540445988265,1130.8847675909124,4,1,1
-52.54410222626353,5.350265670775213,28.62534274787574,-62.988626309332325,-44.495200121338705,18.49342618799362,-52.99515090952566,-0.09977532614953775,-0.9715268227771974,1050.8820445252707,-56.57269652952103,4.207495797734458,17.70302088795312,-63.91281275518294,-49.64853206762501,14.264280687557928,-54.639272369998245,-0.276450641712621,-1.225955720022829,1131.4539305904204,-55.25999758885356,3.7790571062532936,14.281272612323516,-63.232701902871845,-49.460785386321746,13.7719165165501,-55.47963739015543,-0.3558758666534446,-0.31167105398278716,1105.1999517770712,-63.620167760268785,4.783384222630631,22.88076462131165,-72.61251499461018,-55.14977150038493,17.46274349422525,-62.45307392736419,-0.28675926801697976,-0.7058015191043125,1272.4033552053752,4,1,1
-45.89657271859859,3.082664971970564,9.502823329414278,-52.090351515977616,-39.47263730758197,12.617714208395647,-45.96198025925949,0.00045935349919906893,-0.5635177001404528,917.9314543719718,-51.31786130533527,3.132158930051126,9.810419563099014,-56.557976631572174,-44.49458521451249,12.063391417059684,-50.7417802899694,0.13659974759815183,-0.6992793237124375,1026.3572261067056,-49.041129195574364,2.99965066874717,8.997904134515343,-54.64534715200107,-43.849901559492146,10.795445592508926,-48.96298908448839,-0.21473345596245566,-0.706727892594873,980.8225839114873,-55.17552549093455,2.273645366944443,5.16946325462793,-60.77773604084954,-50.9862194070115,9.791516633838043,-55.13487316071382,-0.25547480588976323,0.0525835573050224,1103.510509818691,4,1,0
-50.34026120053343,4.602100090542942,21.179325243375352,-57.56642325947386,-42.560020476993664,15.006402782480194,-50.107495085025235,-0.04016213400613558,-1.1506970277123227,1006.8052240106687,-54.6285666998668,4.109127619901691,16.884929796638936,-61.876997112808816,-47.6167651997215,14.260231913087317,-55.035026939579126,0.08102523697407385,-1.1427524208167221,1092.571333997336,-51.37497949226954,3.9296129845925836,15.441858208678633,-58.88721858291311,-44.891065413949256,13.99615316896385,-51.95574029023152,-0.05414289262355225,-1.0631334157388899,1027.4995898453908,-58.4550101090727,3.835090312255843,14.70791770315862,-68.7042753658801,-51.12236394568278,17.581911420197315,-58.72970203165741,-0.4192242567289684,1.0324558970713644,1169.1002021814543,4,1,1
-45.7362885189639,2.9196012330363206,8.524071359947204,-50.14999361274131,-40.44291171010452,9.707081902636794,-45.85042501374492,0.1404742267957471,-1.011713173631199,914.7257703792782,-52.35701823778887,3.245608165792616,10.533972365859707,-57.55507407434059,-45.29091604552222,12.264158028818365,-52.26123103550829,0.188399495121921,-0.5327220972665749,1047.1403647557775,-48.188165586120974,2.538032020483782,6.441606537000989,-52.70134587869399,-43.58643989008482,9.114905988609173,-47.68592575762594,-0.18016414501853076,-0.9840344684272728,963.7633117224193,-56.69289368922652,2.782106903023196,7.740118819849319,-64.38115198803835,-52.547249862735654,11.8339021253027,-56.51429035830759,-0.8114638859617974,0.7400918121034956,1133.8578737845305,4,1,0
-45.335898547460104,3.189539667473314,10.173163290385778,-51.43360747956637,-39.180043531078844,12.253563948487525,-45.99342653680725,0.3856130692065642,-0.36704329754655207,906.717970949202,-52.255898659831345,1.8611988273064155,3.464061074766776,-55.535368327830774,-48.357441145282,7.177927182548771,-52.469088386010384,0.20483106254564165,-0.5054035846346459,1045.117973196627,-48.238128280272576,3.320173372176134,11.023551221307441,-54.578288936621085,-41.17325299910623,13.405035937514853,-48.411900436502,0.06807893930485048,-0.33968818745875984,964.7625656054518,-56.106998807226695,3.0177254311999033,9.106666778110641,-62.98631512756206,-51.43970859115153,11.546606536410529,-55.75099199993868,-0.4994996392160347,-0.13695571324728695,1122.1399761445339,4,1,0
-49.04648458883567,4.908250423182024,24.090922216666524,-56.617457003034566,-39.66436157519805,16.953095427836516,-48.40296292360982,0.24395982661091895,-0.6334371508844518,980.9296917767132,-55.12442331947078,5.027850292519668,25.279278563990108,-67.51905823688564,-41.26632330409609,26.25273493278955,-54.7103236278151,0.24606559470626457,1.982026788861723,1102.4884663894156,-53.00478863364348,4.040472618354328,16.325418979671078,-60.53930793888623,-43.50227142886734,17.037036510018893,-53.94151823758106,0.3106507625197473,-0.21426210035503512,1060.0957726728693,-60.16523352841217,4.854377254803768,23.564978531956164,-67.93133139003551,-50.54189363233735,17.38943775769816,-60.27383879164232,0.12609630271692607,-0.767777187925216,1203.3046705682432,4,1,1
-48.65952331973094,4.203258532251317,17.667382288943493,-56.708027985873265,-41.47594674063904,15.232081245234227,-48.94167036700826,-0.3076693951775375,-0.6630472820899014,973.1904663946189,-53.26897705146401,3.84877596433122,14.813076423613712,-61.02240249247764,-44.90331776184723,16.119084730630412,-53.85763370421037,0.4512837828983418,0.07304028873965862,1065.3795410292805,-49.244050183493044,4.224137502395352,17.843337639142838,-57.69952040500144,-39.095797436260554,18.603722968740882,-47.96128085336215,-0.2808751216976216,0.6340727942953017,984.881003669861,-58.115293900291285,4.47018757658799,19.982576969881602,-66.30890900321782,-50.78766758699982,15.521241416218004,-58.430977172236595,-0.022800112221861627,-0.8988793326977871,1162.305878005826,4,1,1
-50.8171194440165,2.961024061639536,8.767663493608294,-57.422851176826576,-43.98315030990175,13.439700866924824,-50.58909879792576,0.07449292524205893,0.14337574757385507,1016.34238888033,-57.29166175144584,3.439451982350794,11.829829938896808,-64.28285630519744,-50.21374846657419,14.069107838623253,-57.885506191218155,-0.05870642089585897,-0.21438321451720377,1145.833235028917,-52.06318311922369,2.027388748385064,4.110305137078356,-55.69893890570804,-48.20125541567533,7.497683490032713,-51.889916538110654,-0.1381625895825503,-0.621099105234733,1041.2636623844737,-60.511640003226944,3.3764074010565657,11.400126937909551,-66.54556521381282,-51.10735496164049,15.438210252172333,-61.01705996949508,0.8759984997339545,1.2229188307123087,1210.232800064539,4,1,0
-49.256178661563986,3.6441284562873797,13.279672205923442,-59.60462900279888,-43.88100538500017,15.723623617798708,-48.21977746250704,-0.9772794280775595,1.0507784827381936,985.1235732312797,-55.025327528770994,4.111846907278443,16.9072849888953,-61.78876475711735,-44.613646683818736,17.175118073298613,-54.96264289454286,0.5195125322907055,0.09192881106832607,1100.5065505754196,-51.07921843776936,3.6337949682240365,13.204465871090326,-59.12696586911726,-43.67679987347997,15.450165995637285,-50.75599539728092,-0.491891557833525,0.18217111632179117,1021.584368755387,-59.45550373990399,6.354431807258591,40.37880359309968,-73.98690569017833,-44.4718391170393,29.51506657313903,-58.59131811521825,-0.22007069088239137,0.8641285745781517,1189.1100747980797,4,1,1
-46.97485791102626,2.3760026614996788,5.645388647453556,-51.46280557644181,-41.75188446129626,9.710921115145553,-47.361455338639075,0.1999141141760547,-0.12952487650678535,939.4971582205251,-52.15278376599137,4.075614312825018,16.610632026904142,-60.00062753248955,-44.89463356805841,15.105993964431143,-51.92879073220081,-0.05835828641561981,-0.6444400753007296,1043.0556753198275,-48.837820766009976,2.5316135512875615,6.409067173062819,-52.741032235853666,-43.58618741717439,9.154844818679273,-48.56837677488521,0.3558133820866237,-0.457154168499474,976.7564153201995,-56.91953818211514,2.4763961770340086,6.132538025628653,-61.901964378578214,-52.30968964526642,9.592274733311797,-56.724300268676785,0.10841987700041868,-0.38430601832870526,1138.3907636423028,4,1,0
-48.389680403377255,2.7731562889847217,7.690395803135514,-53.51449676676924,-42.93490065795645,10.579596108812794,-48.41994200472045,0.11381724290195747,-0.703121401191535,967.793608067545,-54.0967985586182,1.862402309922381,3.4685423640042203,-57.92920755059907,-50.544474158594475,7.384733392004591,-54.23498582739218,-0.35536459271881055,-0.15313667042910506,1081.935971172364,-51.411706896143265,2.5292945747014777,6.397331045614329,-56.01506321762199,-45.926030673151615,10.089032544470378,-51.45592228258833,-0.030983640190361157,-0.14111628398729748,1028.2341379228653,-59.73972742914979,2.9429887272984954,8.661182649006017,-66.86458556832153,-54.04164178755467,12.822943780766863,-59.514102447652384,-0.3347675000560751,0.47558613581226394,1194.7945485829957,4,1,0
-50.274657001757426,4.141219100112184,17.149695635133966,-57.45855066434741,-43.68605368333794,13.772496981009475,-49.99093245033271,-0.06054955920677918,-1.1479126558192678,1005.4931400351484,-57.08548733586948,3.055653827661935,9.337020314505034,-66.96024468783978,-53.82856692951152,13.131677758328259,-56.55006733515505,-1.7144752523875988,3.0033175809215793,1141.7097467173896,-52.08670878403363,4.93055429681569,24.310365673847667,-63.589725893194135,-44.000061250918904,19.58966464227523,-53.49975428002154,-0.2590732296219636,-0.5274975468009178,1041.7341756806725,-61.7916450696045,4.80388979733533,23.07735718494248,-70.86052294434262,-52.12737537235661,18.73314757198601,-61.83746666105813,-0.08599975545106954,-0.5004891122406048,1235.8329013920902,4,1,1
-44.57620036090155,4.701020001073664,22.099589050494625,-54.949177140853394,-37.223058095678894,17.7261190451745,-45.21230580761114,-0.2703932491243457,-0.6984092545158762,891.5240072180309,-51.056964536009374,3.8305833324816776,14.673368667086436,-61.66639656569806,-42.43986232707496,19.226534238623096,-50.94429508474671,-0.46554262178527483,1.5069200304313535,1021.1392907201875,-47.09643664570176,3.5003794354666518,12.252656192237835,-55.07466574486596,-39.208766347007206,15.865899397858755,-47.42640933089658,-0.10744346821422097,0.3831446368313487,941.9287329140352,-54.64905918002768,5.213607858508658,27.181706902303226,-67.75440523310658,-42.76096563864614,24.99343959446044,-53.60355054216714,-0.501074033593997,1.1442098848443054,1092.9811836005533,4,1,1
-51.215229066304076,4.407214754072844,19.42354188851736,-59.44839722864363,-42.95463360739119,16.49376362125244,-50.511881035551305,-0.12232823656528229,-0.8057277899392958,1024.3045813260812,-55.42457883065333,4.3101043891243815,18.576999845149256,-63.80641677887887,-48.88907463793159,14.917342140947277,-55.16182175772914,-0.27389973108248533,-0.9943014098837373,1108.4915766130666,-52.832720019042235,4.449300950338559,19.796278946683607,-61.57120727130749,-43.83354831155946,17.737658959748032,-52.42698705386641,-0.06356903943456665,-0.6411423709580228,1056.654400380845,-62.57327523658929,5.615407490343288,31.532801282603508,-71.64131641793308,-53.55716908067899,18.084147337254095,-62.32486658343433,0.04269812369955839,-1.1103332852168701,1251.465504731786,4,1,1
-49.408277009790964,3.1848779515437426,10.143447566229467,-57.84070850176236,-44.39854145351188,13.442167048250475,-49.47083306632645,-0.5478243434528316,0.36156964191077146,988.1655401958193,-57.20543282893724,4.370989030669007,19.105545106228785,-65.92152934204022,-49.21553779323124,16.705991548808974,-57.199343698684444,-0.0059578813602911415,-0.6537844174204497,1144.1086565787448,-51.67401792966471,4.63647798754751,21.49692812901261,-58.60314353623919,-42.174789520301815,16.428354015937373,-51.16622116628657,0.3480660236970949,-0.6714903917112283,1033.480358593294,-61.10750566937052,5.0397619981631445,25.39920099812937,-69.52990979321397,-48.95161200789889,20.578297785315087,-61.35571323748354,0.6025906026023681,-0.04897404608937528,1222.1501133874103,4,1,1
-50.673317475842715,5.2521014464797515,27.584569604114698,-59.3507153147435,-38.1458959408867,21.2048193738568,-51.285275758970556,0.44862873535251613,-0.23522919520157304,1013.4663495168543,-55.37652465833971,5.299446086209248,28.084128820638522,-63.1196955494965,-44.423735028603424,18.695960520893074,-56.395579028166296,0.7408369726737856,-0.33470910519801045,1107.5304931667943,-52.30652041272052,3.8176694610149027,14.574600113565817,-61.39803033350226,-45.386280125094075,16.011750208408188,-51.84828645887913,-0.4107041600856038,0.18833237111819479,1046.1304082544104,-59.372802781921976,5.203714340650106,27.078642939087565,-67.34159093578589,-48.806806660482714,18.534784275303174,-60.15774337613428,0.41315145406783177,-0.7500110960376398,1187.4560556384397,4,1,1
-44.527735651475425,3.4757646527205424,12.080939921101551,-53.95872409043666,-38.54688912272346,15.411834967713204,-44.378520393966184,-0.675722875756421,0.9583945296079746,890.5547130295083,-50.97843560241264,5.106894964027175,26.08037617360612,-59.46868367664658,-40.82567839290472,18.643005283741857,-51.45740411522047,0.29748747164316985,-0.9084858761352947,1019.5687120482529,-45.63741787404859,3.6351399245554754,13.214242271097188,-51.2883224999203,-37.83920351886465,13.449118981055648,-46.06467425354524,0.4061753586631892,-0.5669239787133482,912.7483574809718,-55.151845583781345,4.648160105153482,21.60539236314043,-64.63049320053022,-48.16949532005758,16.460997880472647,-54.5501321873846,-0.6769890957475999,-0.5108626766092281,1103.036911675627,4,1,1
-51.65261730706235,3.4028741060248544,11.579552181454453,-57.918560505752204,-47.149235653661215,10.769324852090989,-50.95040837594776,-0.5785902742876832,-0.9680761728784169,1033.0523461412467,-58.778366397085826,4.101062632670262,16.81871471708434,-65.10021440798619,-49.448077696737464,15.652136711248723,-58.535811741122224,0.5185756911084511,-0.14488593213911827,1175.5673279417163,-52.48805263577155,4.6599493702976,21.715128133737,-63.4773269735966,-46.53441401823282,16.942912955363774,-52.32196988594471,-0.5671859475037254,-0.4703830505672668,1049.7610527154313,-62.46313489927705,5.497971044871759,30.227685610248265,-71.60714823461987,-53.59084837849837,18.0162998561215,-62.56736064008433,0.10886259300030007,-1.0159575824884128,1249.262697985541,4,1,1
-47.44815535119155,3.7915809465812487,14.376086074477959,-53.585007290520814,-41.969599226395786,11.615408064125027,-47.82887117983279,-0.06410940557050447,-1.45341731002061,948.9631070238308,-52.24837448839721,3.866242570166082,14.947831611364432,-61.40785068670959,-45.52812227036462,15.879728416344967,-51.97607878522044,-0.5688199863358208,-0.10830245149446815,1044.9674897679442,-49.38105476781912,4.336347907205518,18.80391317232567,-58.51223896665293,-39.39599675964272,19.11624220701021,-48.98804433283934,0.1929015502801703,0.13838847973037582,987.6210953563827,-59.91717949576814,3.803019250741036,14.462955421506908,-67.34335827865289,-52.006639297620694,15.336718981032192,-58.887594273768,-0.1986525371378897,-0.41187986071690386,1198.343589915363,4,1,1
-43.45951319427146,4.464207946190562,19.929152586830956,-54.216307154324184,-36.64005266063662,17.576254493687564,-42.34813453976658,-0.5526660947841766,-0.15608986653317203,869.190263885429,-50.4951539232548,2.971563896732754,8.83019199236555,-57.67404260280968,-44.13372196199196,13.540320640817718,-50.0824808317022,-0.3543838322379808,0.33284975018159946,1009.9030784650961,-48.87041655429654,2.8617019512625497,8.189338057859885,-55.11139214486316,-43.563573486665426,11.547818658197734,-48.97077639964641,-0.3617688093620712,-0.055261733050222084,977.4083310859307,-56.131340576731404,4.725466449599307,22.33003316628868,-65.12536672748524,-46.77735841436328,18.348008313121966,-54.91948278916849,-0.3021527884518405,-0.4580910015587518,1122.6268115346281,4,1,1
-48.8444839932462,4.403326303220128,19.389282532630236,-56.25072269872659,-39.023122060010785,17.227600638715806,-50.412747716314854,0.7382947002386593,-0.06978621427934328,976.8896798649241,-55.85430991901842,3.9630055397892083,15.705412908399955,-62.624107823781664,-47.030673855931525,15.593433967850139,-56.20135467382537,0.3710025881142431,-0.4317962758917737,1117.0861983803684,-51.23469722836772,3.6072423281350368,13.012197213889081,-59.59241686475792,-45.19834927548944,14.39406758926848,-51.5010775164766,-0.045256287582765294,-0.0386277294344235,1024.6939445673543,-58.30933689273026,3.153290201988624,9.943239097957457,-63.06065203702092,-51.703686254524406,11.356965782496516,-58.01978060567944,0.31204468238450933,-0.8286805706270721,1166.1867378546053,4,1,1
-48.55932596025072,3.120896897532596,9.739997445028582,-57.48088437984479,-45.13334654782031,12.347537832024479,-47.96513262654767,-1.1696180480411564,1.0618170115952825,971.1865192050144,-54.99801061713947,3.007043346574317,9.04230968817687,-61.12491276651037,-50.40883325518417,10.7160795113262,-54.68554594379967,-0.3674182309480518,-0.891980779533124,1099.9602123427894,-53.39395470677813,2.368423680394819,5.609430729854941,-57.9016445647025,-49.66670259614153,8.234941968560967,-52.41663567665258,-0.413774822129122,-1.0425216224532003,1067.8790941355626,-60.9683504895872,2.9420730582265744,8.655793879942667,-68.80868847001545,-53.51510923859298,15.293579231422477,-60.524338694603955,-0.05102008290800963,1.8644216796323132,1219.3670097917438,4,1,0
-51.912232640990815,4.258870249233608,18.137975799807133,-61.44309644582862,-45.20875652226119,16.234339923567433,-51.702771236345995,-0.3382690867961539,-0.5870207756486776,1038.2446528198166,-56.97787723965754,5.254208891351011,27.606711073952017,-64.97381121116686,-49.090795827663214,15.883015383503647,-58.89283361722725,0.23561392982633744,-1.3663120273291172,1139.557544793151,-54.705084494488574,4.094675668446847,16.766368829770634,-65.48913884351883,-48.73916089974012,16.74997794377871,-53.76910585381596,-0.8926254547223932,0.5736010345789984,1094.1016898897717,-62.71556121449132,4.002803771701587,16.022438034748454,-70.75770471491909,-53.57073135005995,17.186973364859135,-63.356313282993185,0.41637848045112136,0.06993637232222172,1254.3112242898264,4,1,1
-48.44962535572035,3.0221653283867265,9.13348327210285,-53.86750307669891,-44.37871576063091,9.488787316067999,-47.80685817782452,-0.376610944664055,-1.1225552715108917,968.992507114407,-55.58424807437598,4.156568766888058,17.27706391386931,-62.27638325471592,-48.22896691970619,14.047416335009729,-55.27051555842948,0.13939595478407588,-1.030673684002303,1111.6849614875196,-52.9520200247416,4.324978086933706,18.705435452456744,-63.48215795293088,-45.12053474729392,18.361623205636967,-52.982344480642986,-0.36344461522532717,-0.17184087036813667,1059.0404004948323,-59.0030804522698,3.8973113224587825,15.189035544165424,-67.16764151693545,-53.1718415952097,13.995799921725748,-58.34974244819064,-0.5016809972772523,-0.633009373105812,1180.0616090453957,4,1,1
-49.24827585149925,3.2211718277323675,10.37594794377668,-56.400610629744435,-43.61520777196106,12.785402857783374,-49.70577771654452,-0.20205258227135026,-0.5287276421897595,984.965517029985,-53.334579574331975,3.9868345189847196,15.89484948176812,-64.17036252789823,-44.388580127530524,19.78178240036771,-53.799536339288764,-0.32742351735663405,1.3302189017288502,1066.6915914866395,-49.919779099900154,4.309194358633071,18.569156020475088,-62.969632687111705,-40.35242563570656,22.617207051405146,-50.0769473658971,-0.7448798695541953,2.883376267140595,998.3955819980029,-58.434060522408174,3.8165904063685723,14.566362329984623,-67.58220229675673,-49.4325543310097,18.149647965747036,-57.609927061761354,-0.35681765598565607,0.9698579717083162,1168.6812104481633,4,1,1
-49.57643113219574,4.200537583797641,17.644515992896523,-57.12461366141747,-40.14522281928151,16.979390842135963,-49.8767926509221,0.3850893160681987,-0.3731405035141786,991.5286226439147,-55.98544425768349,3.2476153817014013,10.547005667463539,-61.50251697174977,-49.55589453906492,11.946622432684848,-56.11853164866474,0.08452788679616767,-0.9174399013888554,1119.7088851536696,-53.08461869654334,2.522102630194187,6.361001677232435,-59.93675768599122,-50.069864321097675,9.866893364893542,-52.36471232704778,-1.0113503815287377,0.44273233797278033,1061.6923739308668,-58.83011027844731,4.137716868964639,17.120700887714538,-69.20597506533353,-52.65909883573072,16.546876229602816,-58.18751128825757,-0.6711770243938335,0.07391558778660068,1176.602205568946,4,1,1
-47.429666402104,4.26114898318505,18.15739065689899,-56.12371480206764,-39.73822324787936,16.385491554188278,-47.172107324167584,-0.24577469699199606,-0.4633665896150103,948.5933280420801,-50.74091240521085,4.364396826582454,19.047959659883,-58.21226025896576,-44.003547349831614,14.20871290913415,-50.88061723884559,-0.18073592402234534,-0.9845345951991322,1014.8182481042168,-48.921552482478674,3.7667987087343073,14.188772512122444,-57.855809217982376,-43.47139315220739,14.384416065774985,-48.50397770493486,-0.5082169397286626,-0.43996108674275325,978.4310496495737,-58.21935829292185,3.274795970522168,10.72428864854823,-65.25841916730059,-50.648802955482,14.60961621181859,-58.19696418766233,0.4135982265278741,0.36513797702836737,1164.3871658584367,4,1,1
-48.68301525721293,3.8534018863056896,14.848706097384246,-55.213440417435706,-42.383980278863106,12.8294601385726,-49.180266509234826,0.18236750043311709,-1.1163687752462883,973.6603051442587,-53.031816705103836,4.177240937208808,17.44934184749312,-61.22798640590489,-45.78510482253101,15.442881583373882,-53.02421129493899,-0.10524187992474363,-1.008152633175306,1060.6363341020767,-53.131672703707714,3.296572857561949,10.867392605214153,-59.3259309083517,-47.56270199770316,11.763228910648543,-51.866232757105664,-0.42713460489800115,-0.975248474021094,1062.633454074154,-59.685508927880164,3.524625852105431,12.422987397329937,-65.04010691800146,-53.39787942547783,11.642227492523624,-60.15248113170622,0.3377149926076539,-1.2062102218364679,1193.7101785576033,4,1,1
-49.58773651768957,3.891232910986723,15.141693567546207,-57.53482149437658,-42.94677939316827,14.588042101208309,-48.8406385022726,-0.45853534471203056,-0.691144555668239,991.7547303537913,-55.595356271632625,3.911407259872729,15.299106752585093,-64.89849712878167,-50.01407071899872,14.884426409782954,-55.55999715936698,-0.5477919432776962,-0.21826469694508965,1111.9071254326525,-50.4816985702247,3.946037152530463,15.571209209150723,-58.44003334587421,-43.24458521945469,15.195448126419521,-50.764333622880535,0.11183781800435434,-0.36585624490628144,1009.633971404494,-58.87525961750811,3.8338080566109776,14.698084214935239,-66.90053443339745,-51.31140423660084,15.58913019679661,-59.238561049439866,0.0352295013914228,-0.5804293100525566,1177.505192350162,4,1,1
-45.62557935518261,3.8037739932853056,14.46869659199364,-54.09000135643849,-38.43744895270012,15.652552403738369,-45.518888777625335,-0.031167835725098667,-0.22505613891288512,912.5115871036521,-52.9624187656038,4.3045455469448095,18.52911236572239,-63.374108571367,-46.191879835927665,17.182228735439338,-52.00556420471193,-0.6906428491494345,-0.04187438471977156,1059.248375312076,-46.96461446231228,5.0315155082934995,25.316148310197992,-56.48555100910571,-36.36843690392528,20.117114105180434,-45.615041546856936,-0.09199470070977347,-0.736394533776052,939.2922892462454,-55.90757595809187,3.145702598905795,9.895444840762675,-61.685170144698546,-49.32354467916272,12.361625465535823,-56.81766413143756,0.22457475249585857,-0.753512238021754,1118.1515191618373,4,1,1
-44.939375926145054,3.0332989691250036,9.20090263609481,-52.042432974027655,-38.92510052763484,13.117332446392815,-44.86510188919163,-0.2427160907917274,0.12678555775239841,898.7875185229011,-51.09494904027652,3.4645458729779595,12.00307810596861,-58.939661772733764,-45.39896278000565,13.540698992728117,-49.95057939582006,-0.40841181308329416,-0.6004999684934873,1021.8989808055303,-47.07443520064682,3.1390017269117374,9.853331841554871,-52.91674784771608,-41.873214770690055,11.043533077026026,-47.44538112784286,-0.10109805152133752,-1.0700271850356855,941.4887040129365,-54.87720819372627,3.536985979297616,12.510269817747915,-63.88128048942356,-49.90498793182754,13.976292557596018,-54.35703862818003,-1.0208569949723296,0.5322886710528434,1097.544163874525,4,1,0
-48.84778892248318,3.0801913672615426,9.487578858952531,-55.040011542785315,-42.479100952360355,12.56091059042496,-49.55386811684343,0.10835723663594482,-0.517244120890656,976.9557784496637,-53.240439264253574,2.565808758873617,6.58337458711257,-57.07163640444843,-47.71023080565387,9.361405598794555,-53.31192603581446,0.4687857653321591,-0.6907686620173581,1064.8087852850713,-50.53555588849829,2.6738830161289306,7.149650383942747,-55.282447135534895,-44.03481241336997,11.247634722164925,-50.283083954321754,0.1928214107451051,0.01232217520186163,1010.7111177699658,-58.113618061466276,2.5367592749384427,6.435147618986212,-63.01082155763381,-53.700349337288166,9.310472220345645,-57.92539295633722,-0.16967060731526715,-0.8630633409704696,1162.2723612293255,4,1,0
-48.359473393794474,3.966859962147556,15.73597795928931,-56.678145809047734,-38.00895409600412,18.669191713043617,-48.810702409509126,0.5502254401441624,0.8898030896242441,967.1894678758895,-53.73606763855499,4.4828832078703735,20.09624185540617,-61.960033780348965,-46.005192057877046,15.954841722471919,-53.450405802047236,-0.0956278777029268,-0.9888654368962166,1074.7213527710999,-50.4890549661145,4.325200104243503,18.707355941748013,-60.36743370129583,-42.827776616837966,17.539657084457865,-49.861437478132466,-0.5403679333001465,-0.23273293757692937,1009.7810993222902,-60.162260178655956,5.777412020405362,33.37848965352436,-74.23752276126984,-52.71719955528695,21.52032320598289,-60.13958161786734,-0.5085200867489821,-0.47568342873171465,1203.2452035731194,4,1,1
-49.52812078063378,3.550134533027458,12.60345520259409,-55.742899594725024,-41.62323373541847,14.119665859306558,-49.747660442024326,0.4265966433902449,-0.03527302037519853,990.5624156126755,-54.6169464586289,4.371160822761568,19.10704693844559,-62.63494110218411,-45.237383134129075,17.397557968055033,-54.94761240354916,0.4820621808530868,0.004231101376392932,1092.338929172578,-52.35623068493764,5.568732101234845,31.01077721532345,-64.53095030339901,-45.214057058655406,19.316893244743603,-50.91593311544798,-0.5748093705637026,-0.7660883307843704,1047.124613698753,-59.3863264596578,3.5770487362605268,12.795277661583032,-64.61279188303234,-50.83203400918158,13.780757873850767,-59.97745326149732,0.4331400997530163,-0.07614880028601112,1187.7265291931558,4,1,1
-51.759752189376414,4.158141253742222,17.290138686072943,-59.01284003087875,-42.7811105367523,16.231729494126448,-52.39430757377465,0.38218221864563073,-0.18316434421190664,1035.1950437875282,-58.335699260725576,3.5878020349354656,12.872323441887067,-66.64506599442377,-51.829833239897525,14.81523275452625,-57.793057251190845,-0.495995282856184,-0.15093992629784436,1166.7139852145115,-54.19636431026987,5.119584717689624,26.21014768160115,-65.66147351123037,-47.16667060925554,18.49480290197483,-53.669804792457484,-0.5475647490024774,-0.6609229224717721,1083.9272862053974,-62.17361789362125,3.5463254100756854,12.576423914148478,-69.94877406110878,-57.42527445469146,12.523499606417317,-62.093297014750746,-0.6835737352265854,-0.2297418659264272,1243.472357872425,4,1,1
-47.88226602187152,2.9459864972740823,8.678836442121217,-52.33825339591789,-40.18509997613173,12.153153419786157,-48.1404725260781,0.608696578801669,0.4017763762482147,957.6453204374304,-53.44893558848669,4.096927699597682,16.78481657573075,-63.54121686718844,-47.82145625621738,15.719760610971058,-52.99699081833795,-0.7774909753331145,0.05566054675932364,1068.9787117697335,-49.365708379853935,3.5528069269452454,12.62243706015012,-59.08249454157712,-43.703068489677456,15.379426051899664,-49.30443004184769,-0.7818368532727688,0.6582107906318364,987.3141675970788,-60.016159853574564,4.683307489238877,21.93336903876095,-68.40889856106826,-51.90465524482026,16.504243316247994,-60.9909473109323,0.20389718136009366,-1.0739887962486032,1200.3231970714914,4,1,1
-47.46338488842305,3.3348530171964743,11.121244646304428,-55.08407940516168,-39.04105930989461,16.043020095267075,-47.90076025720694,0.48817406881917896,1.0229999193384947,949.267697768461,-52.8516841142193,2.495964859614289,6.229840580429377,-57.90372208650692,-47.99731797768682,9.906404108820098,-53.14127090713906,-0.12862782634393335,-0.6000088628198732,1057.033682284386,-48.37697663093722,2.3937806094454435,5.730185606156998,-53.04701658039814,-44.31969483869673,8.72732174170141,-48.18968366309376,-0.23400147516233744,-0.9056806936212616,967.5395326187443,-57.49340463774483,2.5343385164537247,6.4228717159808655,-62.69770380187035,-52.21899491705677,10.478708884813578,-56.89059729428908,0.02369695814199518,-0.5054683809609175,1149.8680927548967,4,1,0
-49.11420780428752,5.666319000715096,32.10717101786493,-60.810800206094015,-39.74767074583721,21.063129460256803,-47.75444038990855,-0.42445894212640317,-0.8079046823106193,982.2841560857505,-54.417107667579685,3.3233319930014993,11.044535535707316,-60.924016220495524,-48.82940356041799,12.094612660077537,-54.07753881872307,-0.226666929299156,-0.7733264027253313,1088.3421533515934,-49.885333565637154,3.051592574339477,9.312217239763838,-55.961005878840744,-42.541334682807026,13.419671196033718,-49.67259282620279,0.11588240109307885,0.5370612529058518,997.7066713127432,-59.29030754021336,4.647608753021834,21.600267121165167,-69.08260210240219,-51.69877582377065,17.38382627863154,-58.55211177793832,-0.34904749271849805,-0.7519780472391977,1185.8061508042674,4,1,1
-48.74872583613031,2.525324529022562,6.377263976883026,-54.53707935899496,-44.09221660386601,10.444862755128952,-48.68156446357847,-0.13355627825617503,-0.2153050544330406,974.9745167226063,-53.70414829152067,2.9423706791653275,8.65754521361183,-60.62213457474382,-48.12568215374782,12.496452420996,-54.027771029273346,-0.05518128943783794,-0.03008424236557028,1074.0829658304133,-49.99173042409716,2.8706992503955067,8.240914186221323,-54.08941796610535,-43.35591638316098,10.73350158294437,-50.56218406196214,0.61292992578026,-0.4277720558985214,999.8346084819434,-59.14811006410201,2.850411270962364,8.12484441362928,-64.73123101562484,-54.677064338754704,10.054166676870139,-59.03097717262575,-0.23161357435690377,-0.7729923613288188,1182.9622012820403,4,1,0
-49.030359612208194,2.837800052525138,8.053109138111676,-53.50567689901022,-44.09683362194225,9.408843277067966,-49.05316444980008,0.1784392697409169,-1.1110068611655548,980.607192244164,-55.32454175142194,3.0769171802854576,9.467419334335812,-61.2486904448737,-50.22163205839327,11.027058386480434,-55.047881013405444,-0.14401390381911416,-0.8161851218448835,1106.490835028439,-50.78020518421593,1.9890512778841676,3.95632498605264,-54.03495194989691,-44.59096022635683,9.44399172354008,-51.516649003022096,1.245400361956808,2.3629499757546437,1015.6041036843185,-59.05706152728495,3.677067563238929,13.520825864623873,-66.26128642813636,-52.257366963796116,14.003919464340242,-58.75740080901533,-0.08431913778077892,-0.5574262240410035,1181.1412305456988,4,1,0
-44.85171024747873,4.346791444708599,18.89459586379187,-54.62881695405548,-38.28227469807182,16.346542255983664,-44.22131001022818,-0.6275234192108273,-0.401301944905911,897.0342049495745,-50.21514860622894,6.437738477490952,41.44447670456752,-62.921569606630754,-37.55060312203376,25.37096648459699,-50.414696331636364,-0.08727747038727006,-0.5153176290081958,1004.3029721245789,-46.38752497111425,4.178593436524321,17.460643107764135,-55.07619304250414,-37.85138104455382,17.22481199795032,-45.64174026662958,-0.35279693327285444,-0.33312976022478447,927.7504994222852,-54.601940883936365,3.217650637097067,10.35327562241116,-60.57999458240426,-49.33161364777244,11.248380934631818,-54.91056959053216,-0.12639865560814442,-0.9963709821767766,1092.0388176787274,4,1,1
-48.5673237112396,3.6436580074145057,13.276243674995845,-57.00063341696693,-42.043516782839944,14.957116634126983,-48.210841842876576,-0.2762265044225121,-0.09542974954381878,971.346474224792,-55.98118904054936,3.931253731391587,15.454755900580277,-62.17275389174064,-45.5077431202396,16.665010771501038,-55.76179871046869,0.5756818814850017,0.4537311249878586,1119.6237808109872,-51.4763470754168,4.505186971994514,20.296709652629097,-61.68963261504164,-42.18155449589539,19.508078119146248,-51.07100232768362,-0.2612357125466413,-0.033232279960360156,1029.5269415083358,-60.94781730930587,4.710287874850486,22.186811863963513,-70.36489256989903,-51.28619303083422,19.078699539064807,-60.30213280504941,0.018603557388624167,-0.7143693844300758,1218.9563461861176,4,1,1
-48.75201123126293,5.087510796085751,25.882766100289075,-57.96504547093229,-35.362021251308626,22.603024219623663,-47.97171158480603,0.4025648479781472,0.8429566763205312,975.0402246252586,-53.55441498719189,4.10400230597394,16.842834927439416,-63.34201210888754,-47.06135662907897,16.280655479808566,-52.77961871371166,-0.9273063270643347,0.5066280737737423,1071.0882997438375,-50.126317014016024,4.079611560418548,16.64323048390066,-58.01131538140195,-40.88756492096992,17.123750460432028,-51.00600910866825,0.41810817484719626,-0.1483200542758234,1002.5263402803205,-59.27889875823909,3.626390223475756,13.150706052920544,-66.68140012301342,-51.31108584619802,15.3703142768154,-59.34343110010727,0.132392856186121,-0.36826865790897534,1185.577975164782,4,1,1
-50.34841340625274,4.478303822011564,20.055205122243382,-58.101605894935744,-42.235710933285205,15.86589496165054,-50.395620496581714,0.0650736881975513,-0.941158185592406,1006.9682681250548,-56.1123564629882,3.89638581737795,15.181822437864037,-62.17543283230816,-49.52660958897954,12.648823243328621,-57.556813550417516,0.12980460069625716,-1.2287950032498265,1122.2471292597643,-52.26313999711965,3.209549758125282,10.301209649882058,-61.10874358295861,-46.488211000237754,14.620532582720855,-52.648022840333425,-0.6168439867967653,0.8907738117849684,1045.262799942393,-62.742154599767176,4.007212220894855,16.057749783289076,-70.30940815787118,-54.01096011715636,16.298448040714817,-63.27872092879497,0.3818893243283501,-0.04768296314358178,1254.8430919953435,4,1,1
-48.949004736681,3.4599961808718884,11.971573571648054,-55.219226019643564,-43.53563206122796,11.683593958415607,-49.58454937834625,0.13206849856593453,-1.0108966045304182,978.9800947336199,-55.70103429876684,2.1187496787004974,4.489100200993461,-59.142851843687374,-52.57620077963493,6.566651064052444,-55.83526801325821,-0.04468222315322988,-1.3039021826972526,1114.020685975337,-52.87079611072362,3.0212627350550028,9.128028514232035,-57.63748464150775,-47.85278876753335,9.7846958739744,-53.55878585972819,0.3384435646169266,-1.0060926502738818,1057.4159222144724,-61.55385200209719,2.884793815345219,8.322035357054025,-67.93973165139823,-54.924751649870515,13.014980001527718,-61.53944625887267,0.11608824049917352,0.3314431899877994,1231.0770400419435,4,1,0
-49.96709788433965,3.369935811679525,11.356467374840138,-57.56113977180367,-43.38774809771158,14.173391674092088,-49.4282301572094,-0.3513867024849629,-0.16404626340376538,999.3419576867932,-54.89634474424653,4.386688319160926,19.243034409462908,-64.63211081797925,-45.91842442956137,18.713686388417884,-55.169243867628154,-0.309011470165342,0.135735065654087,1097.9268948849306,-54.22076886206355,5.018683411209155,25.18718318194596,-65.62201604399189,-45.95153985303384,19.67047619095805,-53.973717399996666,-0.2713240666368303,-0.20929323402449285,1084.4153772412712,-61.773923546301305,4.1355199831835066,17.102525531310107,-68.9870461824812,-54.75493925725654,14.232106925224656,-60.99991003692831,-0.07889511101067549,-1.2598550818355014,1235.478470926026,4,1,1
-47.68342068261241,4.320207418764747,18.66419214114996,-55.40015403902423,-41.14150561676646,14.258648422257771,-46.974947473081116,-0.4265052942603172,-1.0097135137273268,953.668413652248,-51.48868674670621,5.133456803413858,26.352378752516024,-62.73610758141237,-38.6341383823427,24.10196919906967,-52.38966075618147,0.412984372247443,0.6948232297428838,1029.7737349341241,-48.07699260321819,3.5351767936951624,12.497474962680808,-56.03067437658322,-38.193942171561844,17.836732205021377,-48.58364003994003,0.6319219313687114,1.7707503168720633,961.5398520643637,-56.29667910139337,4.312623335074025,18.598720030225003,-63.62765737456184,-47.79407449315491,15.833582881406933,-57.02050311894371,0.3664663698159277,-0.8585704173198492,1125.9335820278675,4,1,1
-46.1414044982477,4.511027716502922,20.349371059057567,-54.32146877071076,-38.08446475204749,16.23700401866327,-46.383601594568646,-0.009876138099765609,-0.8333942525558387,922.8280899649542,-52.19365420351105,3.509281452499003,12.31505631285351,-58.54587891569539,-42.39998304429877,16.14589587139662,-51.9981201077787,0.6360375734897091,1.0490489620340737,1043.873084070221,-49.39902840419924,4.933754811306188,24.341936538086962,-60.19067263785255,-40.53626754096943,19.654405096883117,-48.663459482274945,-0.2963312307699074,-0.6711397549023679,987.980568083985,-56.14926801641144,3.7470480558698456,14.04036913299799,-62.113824040995645,-48.99574524577879,13.118078795216853,-56.57970704068181,0.17147297717691337,-1.241155296866485,1122.9853603282288,4,1,1
-46.7513753736148,2.86897615451067,8.231024175150832,-52.33525607484155,-42.0555821899118,10.27967388492975,-46.108525285809144,0.0028888744379572816,-0.8961648690573063,935.027507472296,-51.39200617272742,2.341013275705913,5.48034315703133,-55.95664764016108,-47.21345476535607,8.743192874805011,-51.846997857820625,0.14644597975198628,-0.7910299232865832,1027.8401234545486,-48.235454819529615,3.5041377506747313,12.278981375703767,-54.08113166489783,-41.994679168496795,12.086452496401037,-49.23645174045912,0.17873347504961318,-1.0099311583863604,964.7090963905923,-56.55334115482653,2.252211030962257,5.072454527988073,-61.13733621731862,-52.60972644924216,8.52760976807646,-56.409984232890984,-0.369231539615316,-0.5237096300488604,1131.0668230965307,4,1,0
-45.68715300020792,2.4431424317698447,5.96894494191427,-51.024006567966254,-42.125330420064415,8.898676147901838,-45.217371399162204,-0.536757126699215,-0.6638347096846484,913.7430600041585,-51.006908630858575,3.4457292643346835,11.87305016309244,-59.80339898132859,-44.86248087246145,14.940918108867145,-50.59750510367276,-0.4161733199603005,0.4246323642844021,1020.1381726171714,-46.16457026008452,2.4650307008287937,6.0763763560284945,-50.07493815042183,-39.81991367285856,10.255024477563268,-46.31012342924262,0.5816743310551745,0.38030008684305283,923.2914052016902,-55.37918887008622,2.1147201109980953,4.472041147859796,-59.45365207725933,-50.56702058392671,8.886631493332615,-55.21606376065837,0.2388286021545832,-0.14841588951377904,1107.583777401724,4,1,0
-46.55592983977945,4.993314452588548,24.93318922242967,-55.861181325771994,-33.6231396410692,22.238041684702793,-47.047961733235006,0.47747420916263544,0.6255611926539979,931.1185967955893,-49.75397418696709,3.6266787110354604,13.152798473077828,-59.09090608478808,-44.36042447861377,14.730481606174308,-49.17450879843281,-0.644826949290029,0.02347957291718661,995.0794837393419,-46.757828953194924,4.976481957643724,24.765372674753515,-53.01663936357071,-33.00602463067947,20.01061473289124,-48.198906037044,0.9941497024550007,0.5902346444091853,935.1565790638983,-55.08638582859218,4.061951661986839,16.499451304317642,-61.34818806763955,-48.282614593707514,13.065573473932034,-54.60535888730241,0.07031525057392299,-1.167652605908005,1101.7277165718435,4,1,1
-46.00363726386176,4.754103495847225,22.601500049226807,-57.26831530638636,-37.23854048058322,20.029774825803145,-45.21484389899646,-0.29846573230144274,-0.13035000146461506,920.0727452772352,-50.23482269271227,3.276395020938324,10.734764333229439,-57.365150218295845,-42.81941301680477,14.545737201491072,-50.45306588183674,0.08693881460182032,-0.10826082991692454,1004.6964538542454,-47.04356763826335,3.7698035147451785,14.2114185397851,-52.45262626641977,-36.221072864688445,16.231553401731325,-47.94021532517933,1.2041373833536875,1.2393493128412834,940.8713527652667,-55.07199831256759,3.3254664219688523,11.058726923642322,-61.14475759630931,-49.514868146958726,11.629889449350586,-55.379465145858305,-0.20152478719845002,-0.9209472030822385,1101.4399662513517,4,1,1
-45.025716626679454,3.6319833444846563,13.19130301461395,-55.288658905075984,-38.938393756681876,16.350265148394108,-44.52412920017928,-0.8303860542449637,0.9925258618530552,900.5143325335891,-49.894912310689485,3.969136827263596,15.754047153540125,-56.20182313401809,-41.88659267909396,14.315230454924134,-50.501843079803336,0.41358120425732436,-0.7656901264533431,997.8982462137898,-46.47195496997894,5.135704915346155,26.375464977510653,-55.485888333169434,-35.052649780283126,20.43323855288631,-47.01395931684367,0.5598575131180131,-0.0484052312698422,929.4390993995787,-54.10717940261983,4.210981363964122,17.732364047653142,-62.64874667584467,-47.14361612369861,15.505130552146063,-53.36987976458164,-0.2501262339112971,-0.9774289599723662,1082.1435880523964,4,1,1
-48.34325813061811,5.242793907308857,27.486887954514874,-56.16114441183564,-38.27981967909473,17.881324732740914,-49.99156468314389,0.5253614731274132,-0.903114404670609,966.8651626123622,-54.733664509053916,4.366367624746199,19.06516623443176,-64.23475431994808,-48.3469688920666,15.887785427881482,-54.28849562476341,-0.6355176035448037,-0.3903306390800343,1094.673290181078,-52.426872129041286,3.540632619206525,12.53607934418926,-58.5403811857584,-46.10563926618464,12.43474191957376,-52.613129174403866,0.09075779692707066,-0.9357432642002577,1048.5374425808254,-58.50466194392984,4.058721165206508,16.473217496895273,-67.00271354977158,-50.68097481953381,16.321738730237776,-58.6870342505286,-0.08809441871225457,-0.5692277616571264,1170.0932388785968,4,1,1
-49.646650354529754,3.61912157690003,13.098040988383357,-56.053530150562445,-42.14504876308921,13.908481387473238,-49.482481879421364,0.24168381197608726,-0.4474630012203029,992.9330070905952,-55.271345240792165,5.645389572324398,31.870423423309052,-67.32962138390988,-44.97384891013328,22.355772473776604,-55.18765602852599,-0.11789268103776596,-0.31044692356938874,1105.426904815843,-52.272258222412475,4.457637108039813,19.870528586973542,-61.70872924648234,-43.38987034332697,18.318858903155373,-51.63096102774222,-0.4692811407399583,0.1418203687856492,1045.4451644482494,-60.04936759353268,5.065262580290949,25.656885007295728,-69.64400225111778,-48.431147806636005,21.212854444481778,-59.788588968377,0.1416873399632539,-0.008051386760428603,1200.9873518706538,4,1,1
-51.12000429456802,2.2846472289724797,5.21961296085163,-57.06167522537802,-47.39249888471849,9.669176340659526,-50.89418146276166,-0.5545510479203799,0.3259908449524471,1022.4000858913603,-56.53993274676016,2.8969880973455355,8.392540036161707,-60.55816537949217,-49.53055677783507,11.0276086016571,-57.01336138114062,0.9245703714492794,0.4063105737046606,1130.7986549352029,-53.31572444178637,3.0315279088232745,9.190161461974416,-61.574566515657295,-47.993712777796475,13.58085373786082,-52.98921913259414,-0.7513656287618805,1.214093391871569,1066.3144888357274,-62.06002720692279,2.8738866753057777,8.259224622500096,-67.67254291833483,-55.46703059772959,12.205512320605237,-61.95489038297205,0.09061839243166457,0.24681336642798035,1241.2005441384558,5,1,0
-50.912335054658044,2.502407105368367,6.262041320998089,-55.32994301525402,-46.65017821824297,8.679764797011046,-51.22480824797343,0.1285437871113602,-1.034151405992381,1018.2467010931609,-56.48148569946828,2.4836987967126625,6.168759712791928,-61.086950046070974,-52.697007795263836,8.389942250807138,-56.05719331033176,-0.2774811140212141,-1.0052343739557743,1129.6297139893654,-52.571170637895975,2.9686755725084883,8.813034654808602,-59.05702002037119,-46.32497042237283,12.732049597998362,-52.52100606469064,-0.13729263013021487,0.061101030943856216,1051.4234127579198,-61.62239629423057,3.1085266026091936,9.662937639129055,-67.86465871725737,-55.7401104999725,12.124548217284868,-61.734312303116305,-0.12171586840097826,-0.5566265971881705,1232.4479258846113,5,1,0
-51.567442763079484,3.269160549022304,10.687410695283813,-56.44530626513309,-44.21713085524643,12.22817540988666,-51.49186263038713,0.745109727113543,-0.062259231818517335,1031.3488552615897,-56.50193053171658,3.500939709600085,12.25657885025473,-61.610294631616945,-49.63932865459776,11.970965977019183,-57.6047121119109,0.4614965064702603,-1.0583944266820577,1130.0386106343317,-54.51342003575345,3.190505623647085,10.179326134523674,-60.14523178936425,-48.158328233950094,11.986903555414159,-54.58369825759448,-0.07809125983157891,-0.7184144497993858,1090.2684007150692,-61.685098027236485,3.7784790083943562,14.276903616876798,-68.9117830273376,-54.75737569298491,14.154407334352697,-61.22349071120176,-0.0728427235428284,-0.5855084590507529,1233.7019605447294,5,1,0
-50.80194803893767,4.03503730680759,16.281526067329047,-57.873524909908355,-44.72478297110218,13.148741938806175,-50.80166552110151,-0.3745113640291116,-0.9388115301236652,1016.0389607787533,-54.66184023214531,5.675297092281752,32.2089970856617,-65.4746897451811,-45.42662388354925,20.048065861631848,-55.91170710218583,-0.11915236494158454,-1.0985994673210677,1093.2368046429062,-51.78220665548,4.245729775600877,18.026221327423873,-57.731259378980326,-41.57247033514577,16.158789043834553,-51.99135817434677,0.5153400293492565,-0.3845211192254925,1035.6441331095998,-62.25235360747879,3.7884456148396843,14.352320176598033,-72.69455044462401,-56.349362623040975,16.34518782158304,-61.59158202232517,-0.8905969734074896,0.9586409783816605,1245.0470721495758,5,1,1
-47.91769519307043,2.4726976929095237,6.114233880520081,-51.41096822220662,-43.69794508634479,7.713023135861832,-47.924107145644,-0.006236369174174335,-1.4005605305230593,958.3539038614088,-53.829384072305245,2.7875026744665696,7.770171160158277,-57.57574214217001,-47.71457066829036,9.86117147387965,-54.52096227475384,0.6270586209904758,-0.537313231341066,1076.5876814461049,-49.22483832161591,3.2177898252118915,10.354171359237174,-55.461289731025325,-42.99077413780331,12.470515593222018,-50.044406663922345,0.16660106543497338,-0.5455987678283694,984.4967664323182,-57.612540086246824,2.252956927538774,5.075814917344953,-61.67572850415605,-53.37935682202366,8.296371682132389,-57.75155091301477,0.0685663166539867,-0.47770865596883505,1152.2508017249365,5,1,0
-52.10809389842964,4.547338367116074,20.678286225045884,-65.11325539753642,-46.12760419728723,18.985651200249187,-51.264664822766235,-1.0374132461845276,1.0431829421337744,1042.1618779685928,-58.56684401424434,3.943987077767292,15.555034069595385,-66.11064876418543,-51.38885621163243,14.721792552552998,-59.27337369233526,-0.014447192441840532,-1.098142873256792,1171.3368802848868,-56.705680928398486,5.107046475571242,26.08192370364465,-66.53713457179686,-44.71441085555329,21.822723716243566,-56.70273819194388,0.3147416939300012,-0.09405800801652653,1134.11361856797,-63.69962359019562,4.7249135959376485,22.32480848907644,-73.58162594183723,-53.57631016147162,20.005315780365613,-63.8679876819134,0.21415008593695367,-0.3090327131854882,1273.9924718039124,5,1,1
-55.39854497153576,2.260859421151616,5.111485322210021,-60.50336862093181,-49.77775389950243,10.72561472142938,-55.545074376356204,0.05694826433622444,0.8381605521483788,1107.9708994307152,-60.36152039917884,2.7963738149987445,7.819706513210631,-64.57329643506867,-55.087839996785846,9.485456438282824,-60.89058107396116,0.43309976852383264,-0.8804101894422751,1207.2304079835772,-56.9584803089892,2.684608326556808,7.207121867018147,-60.98389521185361,-49.25876304161847,11.725132170235135,-57.11396036322807,1.1456006798977565,1.5949053255432686,1139.1696061797838,-64.2939544397718,3.147631350034634,9.90758311572085,-69.23850253173133,-57.55864405261367,11.679858479117655,-64.85029793103551,0.3771177771271225,-0.8361716280959834,1285.8790887954356,5,1,0
-56.75719876871435,5.225312234560512,27.30388794864777,-68.4918758629284,-47.053836916181424,21.43803894674697,-57.281525775242216,0.054555139275465014,-0.08372885743904712,1135.1439753742868,-61.29126394360414,2.892377259456783,8.365846211022731,-65.91351074875834,-55.497304694442974,10.416206054315367,-61.22368180149044,0.04638991458062696,-0.9168137494242146,1225.8252788720831,-58.26201145694661,5.769053375585142,33.28197685035032,-67.84215996754601,-48.33513310989222,19.50702685765379,-57.1544790743536,-0.13115832122820548,-1.1863021273125398,1165.2402291389321,-67.61644527070365,5.391512575728876,29.068407854242615,-80.28578923204616,-56.54909024197633,23.736698990069826,-67.0482879620017,-0.38609781449713076,0.08261675974859806,1352.328905414073,5,1,1
-53.960402536969866,4.538620851924398,20.599079237522943,-60.95173721267233,-45.35080902361294,15.600928189059388,-54.033771038021214,0.14458822527187884,-0.9255700115281389,1079.208050739397,-56.64306572297521,4.879219437578489,23.806782320043745,-68.17792634024032,-48.77065626738994,19.40727007285038,-56.09993174580541,-0.5702714067774332,-0.12601833664023454,1132.8613144595042,-53.67611805571953,3.990910178706839,15.927364054505853,-60.97835465914084,-43.75440589275869,17.22394876638215,-52.942281190672524,0.13616629515827067,0.24061945496329873,1073.5223611143906,-62.89497466033748,4.92867450092006,24.2918323360196,-70.7139056866071,-49.99058473623615,20.723320950370955,-63.90939316144605,0.8442220503169597,0.5103635600808105,1257.8994932067496,5,1,1
-50.05940024081072,5.710715053723747,32.61226642482701,-62.00149631145594,-37.706178560277365,24.295317751178573,-50.38500834892703,0.005502154832018021,0.1506275403122581,1001.1880048162143,-53.61215154520524,5.500991477633571,30.260907236997173,-65.34068299855466,-41.97120497396587,23.369478024588787,-53.73572176341375,-0.17936741213463428,0.33459933939034014,1072.2430309041051,-53.187054391103416,3.3002106483247062,10.891390323315779,-57.74927302620542,-46.9597556291635,10.78951739704192,-52.8460119796798,0.09320792148109996,-1.1143464531951328,1063.741087822068,-59.632504034492555,4.0039948568449955,16.031974813641177,-67.83166845257223,-52.45317889510631,15.378489557465919,-59.094892885112856,-0.33987970381722477,-0.7486598754649747,1192.6500806898512,5,1,1
-51.28999025657252,4.9575068952053645,24.57687461600873,-63.24770914834132,-44.2857398931438,18.961969255197523,-50.122482398842024,-0.6358305440079186,-0.3174672139893455,1025.7998051314505,-56.378412686402825,4.581654344036772,20.991556528231023,-66.26415339650902,-49.58276352372128,16.681389872787733,-55.65937995809825,-0.6620453185349747,-0.07534313977634399,1127.5682537280566,-51.04243187321971,5.106004891900196,26.071285956108728,-60.48452898230387,-40.680527498501675,19.804001483802196,-50.66895374235852,0.11627286982153781,-0.4529534317262862,1020.8486374643942,-61.87939778008856,3.7326675010403214,13.932806673322597,-67.81418172888209,-52.37940007536622,15.43478165351587,-63.255253589423305,0.7603862050330329,0.04723392965982365,1237.5879556017712,5,1,1
-46.51828994805918,4.642157215643627,21.549623614752186,-54.215011631918514,-35.98094369276682,18.234067939151693,-46.69787640707845,0.11691844579670033,-0.38543417292151494,930.3657989611835,-51.37680363545907,4.241199461955103,17.98777287608825,-59.392553042586506,-42.09490803234877,17.297645010237737,-52.27887885239732,0.4906847890270142,-0.16013134425713904,1027.5360727091813,-50.76071926501113,4.3698609863231646,19.09568503978926,-57.70226166657879,-43.66398979332012,14.038271873258672,-51.079845331102135,0.045498941441270896,-1.400471565633324,1015.2143853002226,-58.26247057237687,4.97015084459489,24.7023994180273,-68.10176482723332,-49.44815913988835,18.653605687344978,-59.649589621424596,0.1134716367735147,-0.74236823522681,1165.2494114475376,5,1,1
-55.28707707498067,4.622364544590958,21.366253983091575,-65.47057128228941,-48.31854729214403,17.15202399014538,-54.853369953545396,-0.2773497873248894,-0.7213385610306213,1105.7415414996135,-58.12353910854061,3.153688351200321,9.945750216496599,-65.36048468517234,-52.8473735137508,12.513111171421535,-58.00192269707866,-0.42624587766379246,-0.5297314285886237,1162.4707821708125,-53.220895152505705,4.366167151210778,19.06341559231204,-62.18261990071763,-43.353803489770605,18.828816410947027,-53.37437482193447,0.06584167129704968,0.10735478502103346,1064.417903050114,-63.309266369467196,5.089123360331788,25.899176576674716,-74.16624245699111,-50.143297111910925,24.02294534508019,-64.51465103269842,0.580649216153869,0.8435345623568433,1266.1853273893435,5,1,1
-47.37790198861081,3.749810406512229,14.061078084787408,-56.5334157045171,-39.90135932074909,16.63205638376801,-47.23614451028629,-0.13649991622363442,0.43381043898847027,947.5580397722161,-53.985819609403585,4.4215243419050205,19.549877506058625,-61.141746549317936,-45.52069477810995,15.621051771207988,-53.3808927499293,0.1605323713796995,-0.8793848959894213,1079.7163921880717,-51.634489296123874,4.732061017323023,22.3924014716682,-61.05879477067386,-42.88183144242815,18.176963328245712,-51.427403872983774,-0.07677363987742956,-0.8469776764916426,1032.6897859224775,-58.28719602199756,3.8729603805214667,14.999822109088985,-63.59548132171966,-48.18369063527097,15.41179068644869,-58.706988876635904,0.7656264364204008,0.31491332642697323,1165.7439204399511,5,1,1
-49.42588076345616,3.9965780583341175,15.972636176357705,-60.55466639571772,-43.35493809933499,17.19972829638273,-49.25436226476076,-0.8940709553041424,0.8237360637927189,988.5176152691231,-55.235013440851276,5.246740996717519,27.528291086636347,-66.26657470610553,-49.41682629326101,16.84974841284452,-52.942540377990326,-1.0805381644662957,-0.21590137974550982,1104.7002688170255,-51.50771692053375,4.582350966431585,20.997940379556482,-61.72107059900773,-43.99518985175174,17.725880747255992,-51.42263178003341,-0.27050339642828036,-0.5571408372681637,1030.154338410675,-60.09040923505525,4.892868632313557,23.940163453077936,-71.91576509228996,-51.50574471452908,20.41002037776088,-60.2121091843462,-0.4569201579717642,0.10335771233274205,1201.808184701105,5,1,1
-47.31228307514233,5.461757682130682,29.830796978313526,-56.68793053144594,-35.85650760810501,20.83142292334093,-48.96313534656271,0.30972972452457176,-0.7632594091843172,946.2456615028466,-52.08061726970557,4.08030698800826,16.648905116389038,-59.00270846939174,-44.4650861967529,14.537622272638842,-51.70597669587639,0.01153295869050141,-0.7154016795542888,1041.6123453941113,-47.03964188537653,3.4453088371001552,11.870152983000423,-51.83151096035598,-40.43754409019252,11.39396687016346,-47.94918799724769,0.5160750422180056,-1.0291050302932347,940.7928377075308,-57.55130171397087,4.629314897438646,21.43055641964738,-63.18295029710008,-44.63644342657335,18.546506870526727,-58.99978116210008,1.0067139555508455,0.6443235685608095,1151.0260342794177,5,1,1
-49.00313467129248,4.712532245524688,22.20796016510996,-57.0938607685798,-40.61264111991912,16.481219648660684,-47.360594008589416,-0.15530478943713466,-1.2508764981172364,980.0626934258496,-55.64085716375009,4.147903318372966,17.205101938569463,-62.00274821607436,-45.63907463167775,16.363673584396608,-55.70443615720581,0.7372403055771113,0.11517393049551883,1112.8171432750019,-51.79536548916551,3.7790733498546936,14.281395383581977,-58.10704859661658,-42.39458914552781,15.712459451088769,-51.66627190361738,0.4723660019503463,-0.09576660120731306,1035.9073097833104,-60.15217388850111,4.567937576111412,20.866053699250596,-67.75683954278263,-53.03313179437781,14.72370774840482,-60.1802788396993,0.09793115765404875,-1.1780902530562398,1203.0434777700223,5,1,1
-48.388719020805425,3.8800293683200233,15.054627899025878,-54.60760741836945,-41.32213993318381,13.285467485185634,-48.17001578311347,0.10580546709973454,-1.0163343390725765,967.7743804161084,-53.010652551320696,5.143082355412489,26.451296114555284,-61.21235475367002,-45.98503066077293,15.227324092897092,-50.645650763603456,-0.286290827132515,-1.4606293142645452,1060.2130510264137,-48.87840268511951,4.563780362700422,20.828091198969993,-56.25501160898912,-35.71498119142677,20.54003041756235,-49.043948256970324,0.9107550124627721,1.2496465685653986,977.5680537023901,-57.464936570591135,3.9390641497830203,15.516226376105829,-63.711483252939274,-50.450216405409826,13.261266847529448,-58.67617652586412,0.321076194470798,-0.888053504252801,1149.2987314118227,5,1,1
-50.143774699271454,3.124245854230087,9.760912157673886,-54.430505604411415,-42.39852977779973,12.031975826611685,-50.60799695596808,0.8664518360777383,0.28187903198335995,1002.8754939854291,-55.51844024781941,3.4467985993231327,11.88042058429591,-61.32995498394533,-47.2079727830089,14.12198220093643,-56.14186897363588,0.7859521653462784,0.01490058816588924,1110.3688049563882,-51.93482308517332,3.029873146181137,9.180131281949581,-59.261138787329486,-47.22555261311318,12.035586174216306,-51.30966989245496,-0.515205026936601,-0.14758562087195104,1038.6964617034664,-60.2459596267703,2.620758452742577,6.868374867621666,-66.01743729887676,-54.52718608359635,11.49025121528041,-60.23858940048861,0.22921643455038976,0.3655864876871684,1204.919192535406,5,1,0
-51.77776754935113,4.4396614451872285,19.71059374788195,-63.0887401456015,-46.34904316476637,16.739696980835127,-51.02392206280417,-0.9780758006057824,0.19075954545719975,1035.5553509870226,-57.93675160528353,4.750605769958366,22.568255181561714,-64.80795507830362,-47.198437650632464,17.609517427671157,-57.77737448197243,0.30280101210764754,-0.7089818858065344,1158.7350321056704,-54.506967260103444,4.312463814923791,18.597344155027056,-62.86104443762697,-43.70233150207404,19.158712935552934,-55.1050559119757,0.6821532548031675,0.43271721126634777,1090.1393452020689,-61.058945058710016,3.0990733432256112,9.604255586691567,-68.07780773553222,-56.73433324517651,11.34347449035571,-60.79885508903122,-0.45016170926223076,-0.6654698384134474,1221.1789011742,5,1,1
-51.03841731773269,4.244112991296639,18.012495082892904,-57.33977002664255,-39.33843163955332,18.001338387089227,-51.62707790115468,1.1401409548747852,1.3316054483920006,1020.7683463546539,-57.023675278821415,4.434986768446441,19.669107636295003,-65.56413338195507,-46.80155959788681,18.762573784068266,-57.02846982262463,0.16731326523369203,-0.06747431937414028,1140.4735055764281,-52.35977070685709,4.683352601025499,21.93379158553231,-61.50990838538033,-46.52477336649382,14.98513501888651,-50.456963662385206,-0.6411462540333557,-0.9557136806312596,1047.1954141371418,-63.2495785938017,3.8891859505107305,15.125767357650053,-69.36801412799056,-56.09756742133759,13.270446706652976,-63.37469167792106,0.2548910778033258,-0.739193860565432,1264.9915718760337,5,1,1
-53.010771083947915,4.810563950782089,23.141525524564177,-61.88563519407821,-44.645568960188704,17.240066233889507,-52.96745377314606,0.06718360745373213,-0.7956037449153857,1060.2154216789584,-58.18764094101999,4.280706617291438,18.324449143322706,-66.21043665111738,-49.554229434441076,16.6562072166763,-58.64981841535564,0.1751519492751389,-0.5481381453417105,1163.7528188203999,-55.69701933855964,5.19747160968706,27.013711133503,-64.39431536852716,-42.030031365476745,22.364284003050415,-56.00864141811514,0.8110171764363818,0.47888395757608393,1113.9403867711926,-64.17720714939726,2.8685565490843334,8.228616675294619,-69.14194101620527,-58.7040151041486,10.437925912056663,-63.92023229172774,-0.13435082716482025,-0.7252499803843047,1283.5441429879452,5,1,1
-52.33880659774036,4.709920430684892,22.183350463382954,-62.08644057691585,-44.03972586936909,18.046714707546755,-52.12037321828395,-0.1806025909949119,-0.7427774319490044,1046.776131954807,-56.62102968447946,5.230219824530549,27.355199412912363,-64.942272477961,-44.91520870744239,20.02706377051861,-57.08854246807417,0.49720790368929935,-0.28009492894438237,1132.4205936895892,-52.919466158047236,4.668452585616222,21.794449544146786,-62.81115493774952,-44.16182720081527,18.649327736934254,-52.87674454006974,0.049842322750731784,-0.5052428202346224,1058.3893231609445,-61.653654046103,4.674827675317855,21.854013793917737,-71.42731631540062,-51.352549101473244,20.074767213927373,-61.82924603173866,0.08601668013541532,-0.11070236934201727,1233.0730809220602,5,1,1
-49.185998835117076,3.8730644729318864,15.00062841148715,-55.23355575654672,-39.873549157354525,15.360006599192197,-49.03197384346575,0.44115344069326307,-0.3636560973783869,983.7199767023415,-52.254577984346,4.7601322168398985,22.658858721797124,-58.87046212741389,-40.90156476648742,17.96889736092647,-53.70367603014837,0.7569783926711309,-0.018773006743824094,1045.0915596869197,-48.68905194565284,4.655246754267332,21.67132234311653,-56.5838827675544,-40.307211967183456,16.276670800370944,-47.98486609766588,-0.13523057585645643,-1.0228210362569456,973.7810389130567,-57.06854190997287,4.213469804164033,17.753327790602093,-65.92198686102526,-49.84614988871647,16.075836972308792,-56.571303631937575,-0.4813915516570757,-0.3808800743053684,1141.3708381994575,5,1,1
-54.8612441601547,3.6295585142830613,13.173695008604662,-61.909709553336484,-47.75458375502229,14.155125798314195,-55.31875750828702,-0.15347989406834597,-0.5856816939389566,1097.2248832030937,-57.89646923905843,3.090749215939493,9.552730715830592,-64.73138564391094,-52.77715681149446,11.954228832416483,-57.68084046638103,-0.37151157544668995,-0.21414987418251474,1157.9293847811684,-54.93329493841329,5.049578027811804,25.49823825895975,-64.41707071313952,-43.21813964688368,21.198931066255845,-55.317507223768374,0.2785790679989427,-0.26217280239808716,1098.6658987682658,-63.884779117314096,4.278831184250785,18.30839630331697,-75.56889790719309,-58.090852478934835,17.478045428258255,-62.890043079033745,-1.1384133423266583,0.8054565391821487,1277.6955823462822,5,1,1
-54.55689510444991,3.2132841306002202,10.325194903967212,-62.80811643428835,-50.43459153463443,12.373524899653923,-54.07167936020779,-0.9528746005464204,0.2327356451443463,1091.137902088998,-61.11008738403308,2.731513239679222,7.461164578542878,-65.53310474690068,-56.34231529963754,9.190789447263136,-61.391259483498295,0.23879872300457142,-1.0876168015871504,1222.2017476806616,-58.050149352379094,3.313848359547063,10.98159095007276,-65.33970244957305,-53.63329542876847,11.706407020804583,-57.99889778173461,-0.7255304454467977,-0.3072190354534512,1161.0029870475819,-64.1602234021899,3.4465603248011507,11.878778072493414,-70.71407862984385,-58.5518972342985,12.162181395545353,-64.22874625518284,-0.1087399613537502,-1.1233584420007572,1283.204468043798,5,1,0
-49.75496601596688,5.636797988302121,31.77349156092684,-59.21358442993101,-36.36599032571303,22.847594104217983,-50.399077771913824,0.530046519442378,0.17384654093844754,995.0993203193377,-56.01156678487646,4.761804821882314,22.674785161701656,-63.568965420279504,-48.440577369431104,15.1283880508484,-56.35185142869469,0.04984041280182292,-1.1953084338589626,1120.2313356975292,-52.603516175474475,4.616782831364889,21.3146837119856,-60.59829248503536,-42.03909672524809,18.559195759787265,-52.581237332572044,0.3080656936338612,-0.21245649408929834,1052.0703235094895,-59.28825686404465,3.6543256535155715,13.35409598194201,-68.3676895160017,-50.40513821572331,17.962551300278392,-59.66852361085472,-0.0016227515074281015,1.1799874744683656,1185.765137280893,5,1,1
-48.84971172651281,4.609926518727938,21.25142250807108,-59.792379771326786,-40.38651663528538,19.405863136041404,-48.510251956195916,-0.41818112142866526,-0.01620541420755428,976.9942345302561,-55.368111887800396,4.762236971848353,22.67890097603937,-67.70359958193141,-44.98790326051631,22.715696321415102,-55.59311670592983,-0.3088495275746325,0.9404894865891249,1107.3622377560077,-49.96916061090911,4.153963388995329,17.255411837113563,-57.221491161365954,-42.43392975619189,14.787561405174067,-49.82062516374715,-0.05808731550887446,-0.8182294199949123,999.3832122181822,-58.77579460510465,3.176990896052058,10.093271153597657,-64.90133436185874,-54.18524214704137,10.716092214817373,-58.093562828212875,-0.5230496569843541,-0.7704777099896303,1175.515892102093,5,1,1
-49.439612874006365,5.149306235362603,26.51535470554419,-57.86209197325286,-39.37109786682807,18.490994106424786,-50.128583184832834,0.45132183711531454,-0.718737624722392,988.7922574801273,-54.275410063905596,5.2466849836520515,27.527703317679926,-62.25456479454021,-42.82707174591051,19.4274930486297,-56.21161508686914,0.8815878704886958,-0.22892195418051164,1085.508201278112,-50.41024285972601,5.4430925874192555,29.627256915218446,-62.4956932600303,-39.10726656924809,23.38842669078221,-50.18760191478625,-0.34635642081108425,0.36229465601615507,1008.20485719452,-59.83161097988504,2.9754939070443074,8.853563990857797,-64.75413663160563,-54.25460480461543,10.4995318269902,-59.35409179839468,-0.010964444282432142,-0.9749693877801775,1196.6322195977007,5,1,1
-52.02035344228418,6.1296421726093495,37.57251316423106,-67.35824629983823,-41.016339844284595,26.341906455553634,-52.03679615994214,-0.41214420508015337,0.2703734146430046,1040.4070688456836,-58.088428648469836,5.8256476323434185,33.93817033622848,-66.62863041012815,-43.42556611403575,23.2030642960924,-58.422143117026266,0.5857731246117777,0.060560181077239594,1161.7685729693967,-53.368642476342664,3.3615012044202235,11.299690347318613,-60.86276650078008,-46.795179053134746,14.067587447645337,-52.227404187377914,-0.4535737439140124,-0.32708870366891984,1067.3728495268533,-62.28963475000212,3.75065363497694,14.067402689565734,-67.9484808607707,-54.79028885769614,13.15819200307456,-62.69300893516149,0.3359694254453731,-1.0298351793254312,1245.7926950000422,5,1,1
-50.01193820179509,2.3572120185489505,5.556448500391618,-57.27546211812253,-46.319189439901514,10.95627267822102,-49.72711996334309,-1.175034333396924,2.2061163279789726,1000.2387640359018,-57.1922499343386,3.2588435854034747,10.620061514125373,-61.77986255812024,-50.35119655536978,11.428666002750461,-57.75899939404519,0.5274294017038315,-0.7311877010381829,1143.844998686772,-53.901310450109804,3.18300560825447,10.131524702179409,-60.956659917456925,-47.89956054908666,13.057099368370267,-53.63199104298104,-0.38372940802997385,-0.1405486152908093,1078.026209002196,-61.60626267006671,3.574310068987468,12.775692469265197,-68.31842632226176,-55.235209590132364,13.083216732129394,-61.42212836162504,0.03558873781644406,-0.98115772179671,1232.1252534013342,5,1,0
-45.17233104495973,4.3178390102611806,18.643733718533248,-53.01812599891799,-37.83154526789021,15.186580731027775,-44.796987770499214,0.10956849738215961,-1.0761154236926562,903.4466208991947,-51.47174233287503,5.356621359412625,28.69339238811556,-60.38486818255925,-41.87435852160439,18.51050966095486,-52.722046298843665,0.27467786863524,-0.9913464029894423,1029.4348466575007,-48.45423829729221,3.9345020600839105,15.480306460804536,-55.82031000904419,-41.40812827052615,14.412181738518044,-48.1689240714954,-0.05388906812859559,-1.1329434852035014,969.0847659458441,-52.59411449372128,5.671469738597861,32.16556899583129,-63.42720300834678,-34.188294763402595,29.238908244944184,-51.95771538439793,1.1538047504213824,3.546856884793983,1051.8822898744256,5,1,1
-54.04696374849075,4.040505642223423,16.325685844839317,-61.857263927258195,-46.57560486852927,15.281659058728927,-53.55846577444085,-0.295318807465261,-0.48596176131166713,1080.939274969815,-58.126334145070395,3.4033551934010817,11.582826572450113,-63.942974815843286,-52.507183095395476,11.43579172044781,-57.554103696500874,0.020474277328471655,-0.9956296942641352,1162.526682901408,-52.06955383131047,3.310408364960472,10.958803542800265,-57.27737314810819,-46.31603557930261,10.961337568805583,-53.446018455646325,0.5212657279711582,-1.0767998422312441,1041.3910766262095,-62.32685826399786,4.941153767975992,24.415000558783344,-74.13315103168905,-51.846052104680304,22.28709892700875,-62.00072727281331,-0.13869063816418004,0.23023886276758132,1246.5371652799568,5,1,1
-49.08203711609907,4.868034987704204,23.697764641512272,-59.01287062037137,-39.75235988662349,19.260510733747886,-49.05354905507695,-0.139827659064668,-0.5806230936684167,981.6407423219814,-55.14327221646246,4.852685772556562,23.54855920717288,-64.15696963603557,-45.56419693582057,18.592772700215,-55.31148105620515,-0.016863360840886958,-0.7190843447494548,1102.8654443292492,-51.819824088270764,4.884718030284907,23.86047023539047,-62.18849389724369,-37.67438364856024,24.51411024868345,-52.71657376685698,0.817010444478836,1.8970876647540296,1036.3964817654153,-59.44563677146074,4.0450817415609555,16.362686295909814,-66.23682822866392,-52.36135241476259,13.875475813901332,-59.78222040734048,0.12268510522423523,-0.8734713767840989,1188.9127354292145,5,1,1
-51.586065394495996,4.683768291819466,21.93768541145344,-64.15448943532787,-41.78550135604493,22.368988079282943,-50.701477803030286,-0.6995647643281584,1.0998946898630848,1031.72130788992,-57.20343962039216,4.002960646267358,16.02369393556518,-63.127352542700955,-49.25482003639645,13.872532506304502,-57.80641874065448,0.5014163632750632,-0.6433390467418287,1144.0687924078434,-54.394586309019004,4.767843564760976,22.732332258032653,-62.13584927605597,-42.91599070828502,19.21985856777095,-55.42923557733489,0.8699306576063154,-0.06445858453164766,1087.8917261803804,-61.32870577120559,3.3596332080360733,11.287135292538759,-67.82292671345047,-55.76284289641281,12.060083817037658,-61.18611100721796,-0.6060640155595861,-0.3446146428095429,1226.5741154241118,5,1,1
-44.24190220537713,5.307916296911982,28.1739754150238,-53.9874196138176,-33.46442538860458,20.52299422521302,-44.793966038894766,0.49438782529677994,-0.30410465526526487,884.8380441075426,-52.839909845183136,6.4944315078544745,42.17764061021294,-68.8159117795951,-39.47623266132131,29.339679118273786,-52.41289570691837,-0.2966341971702099,0.1831716627551545,1056.7981969036628,-47.791733457836806,4.65974127365899,21.713188737441108,-54.766339843759845,-38.107018583942335,16.65932125981751,-47.12448465684818,0.21890737146689132,-0.8330435164359047,955.8346691567361,-57.361259184155585,3.7189823515761518,13.830829731334882,-63.39339051955695,-48.58905182330964,14.804338696247314,-57.70683623214957,0.2912151689502886,-0.3819155799930747,1147.2251836831117,5,1,1
-53.808369227179085,3.617215448422621,13.084247600307265,-64.05442887400191,-48.115119388417114,15.9393094855848,-53.74856812509601,-0.9023380552840926,1.0478549093837888,1076.1673845435816,-59.38179602494405,1.858199888809279,3.4529068267708167,-61.6532143835369,-54.48851058742103,7.164703796115866,-59.705169238774374,0.7884138464128091,0.19418979628586186,1187.6359204988812,-56.768193980380794,2.4366432700415324,5.937230425438691,-62.12785705915501,-53.74822917028843,8.37962788886658,-56.10384879460764,-0.5615864228734759,-0.8112562319973957,1135.363879607616,-65.29096167633153,3.2934972973726295,10.847124447800814,-72.1408626721439,-60.9344143542431,11.206448317900794,-65.28231210635575,-0.2736446490317632,-0.9489275482896633,1305.8192335266303,5,1,0
-50.86381088255624,6.191362205098722,38.33296595472491,-60.95452522585607,-40.23873202876628,20.715793197089788,-50.34219775748046,0.15680812170261638,-1.0427104484801468,1017.2762176511249,-56.29698556336105,4.036260718225551,16.291400585490642,-63.37203051775788,-48.76863440881142,14.603396108946455,-56.20309668135747,0.17469862859627694,-0.7727858402181735,1125.939711267221,-55.2185270006828,5.077883921361061,25.784905118817186,-66.07585608927435,-46.27237865191434,19.803477437360016,-55.6255506343217,0.10269338098551502,-0.5520591373801298,1104.370540013656,-63.332506938576216,4.3986919382201615,19.34849076736304,-75.38590024695381,-51.98516577171031,23.400734475243503,-63.81395393878171,-0.13772658750856748,2.2472240231592187,1266.650138771524,5,1,1
-53.28714875451935,4.838853856121284,23.414506640899823,-61.71887767186258,-41.88045159207763,19.838426079784952,-53.269631887711014,0.21251550882846046,-0.28935914355215786,1065.742975090387,-58.983720971677485,4.474066804042171,20.01727376703213,-66.77224367636828,-50.34960047473348,16.4226432016348,-59.73331408969601,0.26311586498571743,-0.8044373720992075,1179.6744194335495,-56.561520155129,5.254172267959013,27.606326221389555,-69.1683030463288,-45.202553496924466,23.965749549404336,-56.520189645976664,-0.2224443752339954,0.5295273109035437,1131.23040310258,-62.69691060890106,5.417396303619934,29.34818271047492,-71.46513411422387,-51.14836292832,20.316771185903875,-62.56114988431749,0.09067691365221231,-0.7477085056747539,1253.9382121780213,5,1,1
-46.781880519138596,4.842790981981524,23.452624495161565,-52.62548160471578,-37.08086574213071,15.544615862585069,-47.70003994047001,0.760640439515819,-0.5601612073470879,935.6376103827719,-53.080217891784116,4.1687269590434015,17.378284459055244,-61.9687096827268,-46.7886608679497,15.180048814777095,-52.4899848628296,-0.5155466510188845,-0.6554704732651606,1061.6043578356825,-49.531398910198234,3.332399668337181,11.104887549533752,-55.41055911625966,-42.45024370159367,12.960315414665992,-49.390194919247605,0.2930608278238345,-0.3994453262008717,990.6279782039649,-57.95848312126784,2.839400124511209,8.062193067074269,-63.902874313011914,-52.037537607918324,11.86533670509359,-57.405444944814846,-0.30881670355703655,-0.21560957727266672,1159.1696624253566,5,1,1
-54.38446263301972,3.931337768842704,15.455416652729127,-64.53439235934586,-46.54625566004057,17.988136699305286,-54.50198898871209,-0.3474449221910142,0.5876810144763702,1087.6892526603942,-59.420614381810786,3.020289474495463,9.12214850974808,-67.71100669738597,-56.053140107996214,11.657866589389755,-58.71533875280976,-1.2566999389534603,0.9515489255432419,1188.412287636216,-56.001980534713766,2.057783954189462,4.2344748021196175,-59.10619985395742,-51.55829700554392,7.5479028484135,-56.33613873043768,0.47582949460100543,-0.48169117785722104,1120.0396106942753,-63.62801765766236,3.5525523053048444,12.620627881926765,-69.98376373171176,-57.02945941640273,12.954304315309031,-64.20492760499849,0.13059904464422975,-0.6425564074068006,1272.5603531532472,5,1,0
-53.67786048635433,4.3503411705694335,18.925468300351426,-59.20093277239729,-42.79472742877823,16.406205343619057,-55.00178471010108,0.847035417762613,0.16557837499155958,1073.5572097270865,-60.408804716604365,2.915571536838891,8.500557386425093,-65.35670186638728,-54.424163752547784,10.932538113839499,-61.08048308665086,0.39886289677633036,-0.7233687198808445,1208.1760943320874,-54.54142475720063,2.1059906455580024,4.435196599177813,-58.77881462447269,-49.75032491622383,9.028489708248856,-54.773665072000334,0.10713952035846593,0.13497702836366887,1090.8284951440123,-63.980388436621524,3.301711059054407,10.901295917482177,-68.46064144014744,-58.350909734649086,10.109731705498355,-63.245649854912,-0.05461020511688453,-1.4718721254808256,1279.6077687324307,5,1,0
-47.086744176268006,4.762874931533382,22.68497761342912,-57.41307140609023,-38.897839874788524,18.51523153130171,-46.34624759241681,-0.5035433560535557,-0.3232692298376634,941.7348835253601,-51.396119395402806,5.26374419928634,27.7070029955206,-63.005375725178375,-42.09765726843469,20.907718456743687,-51.54687819162973,-0.25076559837840645,-0.5767194147062971,1027.9223879080562,-48.52630745500378,3.668723018739613,13.459528588229897,-54.70797319686495,-41.57455489891228,13.133418297952666,-49.038720386508906,0.12005650129448939,-1.1825710419964865,970.5261491000757,-58.60378817486761,4.7179459812860705,22.259014282333386,-67.79884892092718,-50.45313137635089,17.345717544576296,-58.307349371306,-0.030033293266516888,-1.0155245462467013,1172.0757634973522,5,1,1
-49.17846237638439,5.067229878606207,25.676818642639468,-63.857739945328774,-41.11045216380534,22.747287781523433,-48.52081887938184,-0.8942285201590818,1.345931503301001,983.5692475276877,-53.86047459721904,4.003287170826858,16.026308172106905,-62.83511402645789,-48.05719173683139,14.777922289626495,-52.674218917649284,-0.7238313712888017,-0.46898619980708256,1077.209491944381,-52.39393090171378,3.900356137105217,15.212777996254328,-58.53636848882962,-44.467689322933516,14.068679165896107,-52.47217920684868,0.46871603878160306,-0.5746374861476169,1047.8786180342756,-58.967214594350025,5.189039857634631,26.92613464412083,-71.34509353780261,-47.88129613095506,23.463797406847554,-59.834282902677785,0.007741304032278561,0.25192162930181805,1179.3442918870005,5,1,1
-47.36932953886776,3.9848022053161296,15.87864861549229,-54.462206916050725,-40.06445928748437,14.397747628566357,-46.92204352747813,-0.1535752267109059,-0.8184829298340857,947.3865907773552,-50.518251445307484,4.369426806355298,19.091890616096258,-60.498819453196525,-42.0308961983183,18.467923254878222,-50.92170022998688,-0.08707931286351629,-0.17079825411129068,1010.3650289061497,-49.370820176372106,3.957965707607924,15.665492542600294,-56.86682976786983,-39.77152022589912,17.095309541970714,-49.52896609953021,0.5961262899475704,0.41813709279465705,987.4164035274423,-57.57031726947831,5.328260937684033,28.390364620049525,-66.25590838456527,-46.10692887664272,20.148979507922554,-58.12059757101426,0.19029442736767663,-0.6565806465573552,1151.406345389566,5,1,1
-49.28763001672142,4.386656251292897,19.24275306700705,-60.280806466949066,-43.49375536010235,16.787051106846718,-48.78043870390832,-0.5935217614735134,-0.21945338756239385,985.7526003344283,-53.973649898475024,3.690752548202341,13.621654372062073,-62.363209828581304,-46.680847077078596,15.682362751502708,-54.67250988525744,-0.09446057479041725,-0.28613939918986286,1079.4729979695003,-49.817784145474626,4.194454002199357,17.593444376566204,-57.20588990629978,-43.38768225957398,13.818207646725803,-48.85635957760317,-0.20605838501989723,-1.1727267814783817,996.3556829094925,-58.59079982712242,4.456293128984339,19.858548451433034,-66.97474453723397,-51.07544567876657,15.899298858467404,-58.58006566389676,-0.2162378760003721,-0.7702870561931459,1171.8159965424484,5,1,1
-53.57007630364666,3.4535584193650446,11.927065755967186,-60.0522300419257,-45.95550794166953,14.096722100256166,-53.94716185780287,0.3962584996913945,-0.3718956765112549,1071.4015260729334,-59.04407883327283,2.056537386088506,4.2293460203797455,-63.1631399107631,-55.25257775697695,7.910562153786152,-58.571785344640205,-0.3374746701136317,-0.7972429671316039,1180.8815766654564,-56.300553435085725,3.290825565063821,10.829532899677616,-62.11356747143189,-50.09304236626536,12.020525105166534,-56.17274384210603,0.13140555304658863,-0.7353277829835134,1126.0110687017145,-63.03398663283245,3.137399967678032,9.843278557186117,-68.23063812701754,-55.817112156821196,12.413525970196346,-63.922160916297294,0.8948018003821346,0.13336207400729716,1260.679732656649,5,1,0
-55.92685756582796,3.2195807205332843,10.365700016029622,-60.29306410563986,-46.504358092742855,13.788706012897002,-57.0868234488842,1.244146800549864,1.312849754343258,1118.5371513165592,-59.89602435564186,3.5630375310463256,12.695236447644696,-66.05247828282754,-53.3725351376448,12.679943145182733,-60.34911825524493,0.16187911820558057,-0.905203762525967,1197.9204871128372,-56.897074851284174,3.6945535797746465,13.649726153825654,-64.57693764912494,-51.25064419469569,13.326293454429255,-56.59248650090156,-0.37871413383317265,-0.7710456877833582,1137.9414970256837,-66.7364709143316,2.8137849288060437,7.917385625576031,-72.07022550188677,-62.85133468299385,9.218890818892916,-66.21298346061641,-0.35605694388731673,-1.043041787432452,1334.7294182866322,5,1,0
-48.39708699969323,3.703390577627352,13.715101770459052,-52.75622265395906,-39.28236378329434,13.473858870664714,-49.617919914364116,1.1225356389241605,0.5694786405083909,967.9417399938645,-53.47583869174974,3.44441749509995,11.864011880550615,-59.56401285556602,-47.035977224865825,12.528035630700195,-53.112642112502755,-0.014621103641333937,-0.8956857577679402,1069.5167738349946,-49.64071359424766,3.5529927484420614,12.623757470481873,-54.84776074399812,-41.995987707223584,12.851773036774539,-49.86844573532644,0.2574988720923337,-0.8105023925454664,992.8142718849531,-58.918342170551604,2.6839282590430416,7.203470899689812,-62.51705643551668,-53.41041009482306,9.106646340693622,-59.117944486971865,0.493649418299261,-0.5501701789796485,1178.366843411032,5,1,0
-53.22875100630132,3.358532840312851,11.279742839459907,-59.45623569638144,-46.749370044407414,12.706865651974027,-53.70610929830485,-0.05367678675973084,-0.7018994501627693,1064.5750201260266,-61.21274538304559,4.007788558528696,16.062369129873524,-68.27069001960317,-52.78416762066559,15.486522398937574,-62.51191460820988,0.2713996394662342,-0.7953778868414951,1224.254907660912,-57.00078257609789,5.081371852088266,25.82033989919493,-64.6319613192207,-44.59520531659657,20.036756002624124,-58.06933836460138,0.74862136182059,-0.14325500032705385,1140.0156515219578,-66.98201578388382,4.667420748517763,21.784816443694115,-77.25196643682153,-58.05524638956367,19.196720047257863,-66.99805794341219,-0.12575268753567925,-0.3336903538124538,1339.6403156776764,5,1,1
-46.28472056909271,3.530604432863246,12.465167661353604,-52.531742578401186,-39.16800983579359,13.363732742607596,-46.91868580514053,0.27070048912070166,-0.44081649506942533,925.6944113818543,-51.4118618993276,4.337640148542301,18.815122058246068,-56.57268296030942,-39.630144579249645,16.942538381059776,-51.753790727881025,1.088097501375179,0.8058085083468858,1028.237237986552,-49.36045988278431,2.439607750634546,5.951685976956151,-53.27675021714956,-43.67885893844168,9.597891278707884,-49.12610986769157,0.24255446560272553,-0.5149197943265422,987.2091976556862,-56.95149399845942,2.7674196380990135,7.658611453336074,-62.86825688995733,-53.30418637362406,9.564070516333267,-56.39554912653001,-0.578368632061939,-0.7372033299956269,1139.0298799691886,5,1,0
-54.15033947170461,5.581928145910707,31.157921826110147,-66.42724825073812,-46.04984318778018,20.377405062957934,-54.329750508708585,-0.3655995460575053,-0.8616038219120323,1083.006789434092,-58.4286382029542,4.6884164932036585,21.981249213744093,-68.49195836115828,-49.4644786791988,19.027479681959484,-58.89626352791518,0.025645445274791154,-0.48638890180632455,1168.5727640590837,-56.225063651985124,6.5612223151082265,43.04963826827415,-72.36280306663025,-46.79668605071685,25.5661170159134,-56.090835352926824,-0.6720791755670318,-0.12723289727297038,1124.5012730397025,-65.76022622314635,4.97780245198058,24.778517250943874,-77.68516631979006,-57.74068728574035,19.944479034049706,-65.01627678465347,-0.578523686711901,-0.12772116098251463,1315.204524462927,5,1,1
-49.898371716459394,2.249439575586971,5.059978404216894,-55.212345799013264,-46.025694067440156,9.186651731573107,-49.97181960842332,-0.20406430733455344,-0.16689583139787034,997.9674343291878,-55.87363455388883,3.422301414517345,11.71214697180742,-62.073191323331045,-48.95936525388769,13.113826069443355,-56.03300473971066,0.1969256329727006,-0.3941425766641333,1117.4726910777765,-52.60242818042566,4.01464119187125,16.11734389946941,-58.29174176042265,-42.941721745047815,15.350020015374838,-52.92186621884076,0.6405103697374821,-0.227982840939442,1052.0485636085132,-61.49190262258687,2.077469657324967,4.315880177105916,-64.67867689183133,-57.14730460602689,7.531372285804437,-61.65029589093831,0.3454684467674742,-0.8042589240070326,1229.8380524517372,5,1,0
-52.58789529193855,5.111701619313147,26.12949344488864,-62.14192066175722,-41.34813940725642,20.7937812545008,-51.79157143360283,-0.07776224705175873,-0.26963454818024646,1051.757905838771,-60.04085907714,4.240519506397165,17.982005684134858,-67.17793012387733,-48.9230071701504,18.254922953726933,-59.837751863841746,0.6251503891812465,0.32711840878870424,1200.8171815428,-54.87685266539289,4.313950129833402,18.610165722689622,-62.457220749729146,-45.656515618151346,16.8007051315778,-54.646514795808514,0.11371087390224352,-0.44667850216036964,1097.537053307858,-62.40060153249651,5.304105713050124,28.13353741521096,-75.40973502535559,-52.21721046408214,23.192524561273444,-62.063921082356494,-0.4349401552810906,0.30910871198286083,1248.0120306499302,5,1,1
-49.040660892388544,5.203907047370197,27.0806485576692,-57.549416077035836,-34.35280857697146,23.196607500064374,-50.14526091852127,0.9584452825839636,1.0433262255701425,980.8132178477709,-51.26180356583715,4.670864066787109,21.81697113040301,-59.33870882600672,-43.87800579871901,15.460703027287714,-52.59180550864903,0.2401065641695355,-1.2649341981555557,1025.236071316743,-52.433322747670275,4.592068240278644,21.087090723375802,-59.69344270224837,-38.14103744655454,21.552405255693827,-53.318550528904126,1.1996502203597454,2.3025588282234395,1048.6664549534057,-58.46532692577639,4.112590532086654,16.913400884608787,-66.73721714109456,-48.90765283605762,17.82956430503694,-58.90717265147074,0.12360505702272723,0.10268143859565448,1169.3065385155278,5,1,1
-47.115240967796524,3.755053507078766,14.100426841024538,-54.73156567805168,-41.93176342309735,12.79980225495433,-46.44663179934544,-0.5543436534154688,-0.6444182109314522,942.3048193559302,-53.2042828769173,4.997498598747715,24.97499224448537,-63.421851660342114,-45.894572244138196,17.527279416203918,-52.29110355416432,-0.2680097135213992,-0.925953580108521,1064.0856575383461,-51.57655037909565,4.238910311156067,17.968360626025223,-57.94731311695983,-41.44917192165055,16.49814119530928,-52.001837780734135,0.4773569367257984,-0.3859099357890412,1031.531007581913,-59.36886908139601,4.404397968516437,19.398721465071716,-66.00544016483829,-51.957300576696,14.048139588142291,-60.653380259985624,0.25146220657753615,-1.1692790459295705,1187.3773816279202,5,1,1
-47.72706546478476,3.922457866281117,15.385675712750615,-53.78073625970496,-39.81189588401048,13.968840375694477,-48.32587691543087,0.24284612356658117,-0.8063387725309643,954.5413092956953,-53.428550684255015,4.419861866996447,19.535178923329322,-60.643873730817546,-45.70480311099758,14.939070619819965,-53.28269857934825,0.0010000758342421164,-1.0343333853937602,1068.5710136851003,-50.31406844865055,4.5391444205945675,20.603832071014793,-59.031513758501625,-42.957016086711,16.074497671790624,-50.029005051846255,-0.1252962781147326,-1.0200558498932328,1006.2813689730112,-58.55796194972159,5.574509228521808,31.075153138874803,-74.63855352665148,-49.206402212747285,25.432151313904193,-57.32991861063974,-0.9405581264824473,1.2812775648117753,1171.1592389944317,5,1,1
-51.37741896434345,4.090007393292185,16.728160477184737,-59.484694630023924,-40.84655155212982,18.638143077894107,-51.792798580075626,0.4576840525311669,0.5520132947246581,1027.548379286869,-57.008166421963566,4.360728954769148,19.01595701696203,-64.42649600614168,-45.753849773963076,18.6726462321786,-57.880975944339646,0.5140480236832957,0.1824119857278501,1140.163328439271,-55.40689624675366,4.79617995956991,23.00334220458003,-64.06767646552004,-47.38775994066019,16.67991652485985,-54.851928243367595,0.022932650857159193,-0.9517974224917705,1108.137924935073,-63.23443083359857,4.271204162030527,18.243184993746898,-70.70238285616176,-54.13893752670256,16.5634453294592,-62.78617965512684,0.20263040239493635,-0.4923977656532803,1264.6886166719714,5,1,1
-51.160686237979164,4.832625020000986,23.354264583939532,-59.48158186703766,-40.66053131132467,18.821050555712993,-50.57209042082869,0.15904575998650516,-0.342369346199181,1023.2137247595833,-54.11309746572975,4.386065716304963,19.23757246774577,-61.474380772409454,-44.51722209574343,16.957158676666026,-53.08234175692162,0.22001857775980005,-0.5838434824001149,1082.2619493145953,-52.364931461818344,4.681328234799493,21.914834041930938,-64.25467398032677,-44.0961379591993,20.158536021127475,-51.76447354931835,-0.6522472945950164,0.34804222583686206,1047.2986292363669,-61.43523694268772,6.347851413543676,40.29521756842844,-70.97658145868778,-46.1027936356939,24.873787822993876,-62.25962199705923,0.6980324437770378,-0.1514822977507282,1228.7047388537546,5,1,1
-52.43291621768585,4.510702681373272,20.346438679748022,-60.041008519135666,-44.61808385520001,15.422924663935653,-52.86561597871393,0.07998307023691581,-0.9656078183543055,1048.6583243537168,-57.58263345469603,4.031651817165926,16.254216374857315,-65.65033253281007,-50.97651413687352,14.67381839593655,-56.70863588281101,-0.6335702997378594,-0.512068832895447,1151.6526690939208,-54.78032139217994,3.688855581422291,13.607655500590388,-61.316740484366704,-48.342112710336174,12.97462777403053,-55.329448522934385,0.11674176414818821,-0.9997747547492355,1095.6064278435988,-62.21764861883501,4.813173711546474,23.16664117752206,-72.59751675133722,-51.67363230827806,20.923884443059166,-62.00188408731077,-0.03370567785227264,-0.021173287751647063,1244.3529723766999,5,1,1
-51.6149867504012,3.6719657729294912,13.483332637565677,-59.06391411716663,-43.2725897000555,15.791324417111134,-51.20010242050982,-0.0811924299108589,0.023616474076618488,1032.299735008024,-57.1331473304886,5.12190100978382,26.23386995402452,-68.51621666535793,-50.44732786874095,18.06888879661698,-57.160978029861226,-0.39862004544297747,-0.7588395479597128,1142.662946609772,-54.66297724412109,4.8873406954339815,23.886099073245113,-63.426157247148915,-46.83322827191337,16.592928975235544,-55.82496886443377,0.06013992381028277,-1.1242537475728336,1093.2595448824218,-60.15584184180939,4.263389849369057,18.176493007703108,-71.05113799237846,-54.1400251777865,16.91111281459196,-59.5363512817385,-0.707312032320424,0.0277251517014232,1203.1168368361878,5,1,1
-46.99366988844546,3.1189727407288954,9.727990957409919,-52.797991052062486,-39.55370575418311,13.244285297879372,-46.660186091580854,0.1890073737881385,-0.05021762645421557,939.8733977689092,-53.577539332465086,2.7212606899829748,7.405259742846615,-59.812119875897544,-50.40568826003428,9.406431615863262,-52.84680115318342,-0.7161846197037763,-0.5986540094299952,1071.5507866493017,-49.921106093630684,3.141995151304719,9.872133530822365,-56.39925847770594,-43.8171069231322,12.582151554573741,-49.389760741125684,-0.26852781531300945,-0.34379855198394793,998.4221218726136,-57.004530970523305,2.3674830378854543,5.60497593467534,-62.28609059680695,-52.068007210295,10.21808338651195,-57.08007120476482,-0.0791746544838636,-0.1902191007547689,1140.0906194104662,5,1,0
-50.563798676996754,3.1335556180594235,9.819170811471775,-57.212843014381626,-45.89380623782398,11.319036776557645,-50.034508507079245,-0.49833188549708385,-0.44750732518374825,1011.275973539935,-56.08927932023721,3.0379830088459485,9.229340762036681,-62.305880712915354,-48.09446203044585,14.211418682469507,-55.628233644279156,0.38953785155144993,0.9247432431258638,1121.7855864047442,-53.10701668684737,3.547593425656053,12.58541911375805,-58.3255944291323,-47.911272653944955,10.414321775187346,-53.4771099562113,-0.019241406155330598,-1.5582399435255232,1062.1403337369475,-61.58617320975553,2.865683490512693,8.212141867797012,-65.99277009828104,-53.51087523016211,12.481894868118935,-62.322146654441866,0.9490962559542463,0.885590135865467,1231.7234641951106,5,1,0
-48.33762585861586,5.89880067438494,34.79584939612423,-64.29369395478071,-39.57817702684348,24.71551692793723,-47.29376181822083,-1.0835425120337727,0.9867993793660479,966.7525171723172,-55.365334341508174,4.571705661497579,20.900492655369018,-64.33747310670623,-44.60675719313572,19.730715913570506,-56.27723732948302,0.34173440629763197,-0.21062819244174946,1107.3066868301632,-50.894286066280955,4.389149601270593,19.264634222333807,-58.54209411274537,-42.67262945958708,15.869464653158289,-51.02851043766992,0.13757555481854655,-0.9077940428855631,1017.8857213256192,-59.57816289423207,4.208214131016277,17.709066172485077,-70.11600355692222,-53.254851325757215,16.861152231165008,-59.64178991137763,-0.5807706096578281,-0.026870608814357766,1191.5632578846416,5,1,1
-53.1062133995276,2.8343941973717226,8.033790466094493,-60.73211799288833,-47.76548661046858,12.966631382419749,-52.78161391783995,-0.7330781740367671,0.7704255671724507,1062.1242679905522,-59.59402494971986,3.3646462591558453,11.320844449251425,-64.2636802144943,-52.21910426414294,12.044575950351359,-60.327422814324535,0.6365919458665428,-0.38708924270968614,1191.8804989943974,-55.559270487234144,2.4359694219305594,5.933947024580704,-60.41765756141214,-51.120495127820405,9.297162433591737,-55.75416367012684,-0.12793525603654832,-0.8231541986208031,1111.1854097446828,-63.76323194331057,2.833656620184497,8.029609841115427,-70.60707379260697,-56.96655129558978,13.640522497017187,-63.59226339733422,-0.15329995144616707,0.7606680375021706,1275.2646388662115,5,1,0
-54.385946183086766,4.217436207841612,17.78676816721343,-63.77180519669195,-43.43226158469612,20.33954361199583,-55.148202719449046,0.318086631957641,0.8499900385052555,1087.718923661735,-59.98911887328272,3.673193745441476,13.492352291550379,-67.60888198123712,-50.9708406804741,16.63804130076302,-60.23138976940494,0.5860558577049977,0.8345247146986505,1199.7823774656545,-56.30987824895139,2.8122086378358175,7.9085174227183845,-61.460227160096565,-51.34342074543935,10.116806414657212,-55.85750827196742,-0.19756780649054076,-1.0349117928612925,1126.1975649790281,-63.912998316644725,3.2525124344414116,10.578837136195997,-69.05666598855453,-57.281967593740475,11.774698394814052,-63.68906368351931,0.3062548947207776,-0.84936247058232,1278.2599663328947,5,1,0
-49.154478250980006,3.380747811815017,11.429455767092026,-56.249274807497514,-44.379346775115415,11.869928032382099,-48.29313566790147,-0.7469935384639457,-0.49016877833046824,983.0895650196003,-53.85250459343545,3.459231477702936,11.966282416330838,-60.05978443144062,-47.37426193407362,12.685522497366996,-53.44871488688002,-0.17901038547000347,-0.9085690287260837,1077.0500918687087,-51.54145534516704,2.9100397062871277,8.468331092167672,-56.128408470758096,-45.6049415678529,10.523466902905199,-51.73142094052337,0.3608065783249195,-0.6668342930823234,1030.8291069033407,-58.98018717010551,2.2404151924538693,5.019460234578108,-64.02242032295902,-55.63331742880052,8.389102894158505,-58.74018361450373,-0.615665686956731,-0.36552331856637155,1179.6037434021105,5,1,0
-47.057675860650214,3.7548026047926615,14.098542600957757,-52.48269938488096,-40.75230970991267,11.730389674968286,-48.28528525456369,0.4540044666670352,-1.2272717682965129,941.1535172130044,-51.5137835489425,2.7148418122753672,7.370366065678601,-57.92877834109246,-46.47048502012576,11.458293320966703,-51.55402889208328,-0.31265580309521057,-0.09830432089648156,1030.27567097885,-48.13521421738112,5.773320056924234,33.33122447968365,-56.830561640405044,-37.24191386816868,19.588647772236364,-48.80699184133146,0.48389934589133576,-0.7230051116206564,962.7042843476222,-57.49740490295005,4.46760763063466,19.959517941305045,-64.36009438026042,-46.21875738144545,18.14133699881497,-58.13167800789448,0.638235355119187,-0.02318366145406925,1149.948098059001,5,1,1
-54.026979008226974,4.390410185714495,19.275701598825584,-64.82339530760179,-45.24426948893526,19.579125818666526,-53.632319768964265,-0.545388573224357,0.8365316464980772,1080.5395801645395,-60.74157422022965,5.0168492551742,25.16877644914192,-69.91273173124391,-50.24420748995193,19.668524241291976,-60.54885262492334,0.3528235224783697,-0.2008646066206241,1214.831484404593,-55.87554080314119,5.375836512087745,28.899618204695734,-65.98050494279663,-47.31751767721493,18.662987265581698,-55.103355795738935,-0.41956520021766464,-0.8470600393297905,1117.5108160628238,-66.77568113379331,3.852099088909187,14.83866739077499,-74.35013830486177,-58.07220292145128,16.277935383410494,-66.92988979106627,0.30089369959360607,-0.2519590714348223,1335.513622675866,5,1,1
-50.302418830490225,4.331924360482438,18.765568664941174,-61.04564283240618,-41.94375376316124,19.10188906924494,-50.27012084882164,-0.29507449088320964,0.12865770204417837,1006.0483766098046,-58.908382944672134,4.3059860888031025,18.541516196965837,-67.10718006114114,-50.43586155467119,16.671318506469945,-58.660928441158134,0.13865740635325852,-0.39239821830311516,1178.1676588934426,-54.59688863973207,3.9319379150041756,15.460135767447383,-61.63043183525055,-47.81359666871327,13.816835166537281,-55.220270909355285,0.13284380483713437,-1.1056502112801891,1091.9377727946414,-62.92766524908937,5.212007011899145,27.165017092085854,-72.06771774034922,-49.8412167502256,22.226500990123625,-64.00610176072384,0.534598325403121,-0.003150362116310923,1258.5533049817877,5,1,1
-47.297076206221526,5.570230925263872,31.02747256076601,-56.70402891781103,-37.84969926674499,18.85432965106604,-46.640905454526575,-0.16556836888342968,-1.3243826206605191,945.9415241244305,-52.75180274607477,4.135208002660647,17.099945225268662,-61.24432020366469,-44.865132568172854,16.37918763549184,-52.44116421399029,-0.2561329631861849,-0.5975630748426508,1055.0360549214956,-49.351064410559616,3.6277809553849365,13.160794660253643,-56.58006723189086,-42.71927573282933,13.860791499061527,-49.59621279901393,0.02230726518829405,-0.5306985972435343,987.0212882111924,-56.941068251976425,3.8726233267976777,14.997211431257512,-63.17705086704008,-47.84171896941213,15.335331897627952,-57.35983806698008,0.3588129180478739,-0.23721413636781685,1138.8213650395285,5,1,1
-51.85305994579321,3.3776282942131863,11.40837289386948,-59.4682466163698,-47.04323696812867,12.42500964824113,-51.28692848176782,-0.5173802964814492,-0.6588611815305341,1037.0611989158642,-57.35898214724593,3.9107664890534775,15.294094531903664,-65.5406952683362,-47.83905940593111,17.701635862405084,-57.300225578868854,0.21531530915535546,0.36917667744836713,1147.1796429449187,-53.52388669520938,5.274359340246061,27.818866450040865,-62.36084901378876,-44.68788059680961,17.672968416979145,-53.68230792604338,0.09587001690720924,-1.221128905369626,1070.4777339041875,-62.676217839680874,5.239068247220264,27.447836099031615,-77.8357660010878,-54.1400800574426,23.695685943645202,-62.079318452032375,-1.0942443170175236,1.464560037340454,1253.5243567936175,5,1,1
-53.59087627865263,5.045493622454155,25.457005894225553,-65.11387405783606,-46.64829291240288,18.465581145433177,-52.78532349389152,-0.8004731963637798,0.007023704580014112,1071.8175255730528,-60.875534669041656,3.312836269158408,10.974884146251398,-67.45824405437307,-55.63798992629334,11.820254128079725,-61.25975509519637,-0.17314782645376506,-0.8797270132499873,1217.510693380833,-55.73645598167509,5.061499608491987,25.61877828676454,-65.49143582769872,-46.25562107181864,19.235814755880085,-55.515394622718276,-0.21047118079630833,-0.5281184313361411,1114.7291196335018,-63.12391015905614,5.08677650779079,25.875295240212267,-71.60944869243733,-53.804368958150775,17.80507973428655,-62.87162326707168,0.07841942636850865,-0.8629344263741112,1262.4782031811228,5,1,1
-48.65436901674813,4.392508455250203,19.29413052944453,-58.28516171976218,-42.47513171710796,15.810030002654216,-48.350733596839405,-0.2014964612197808,-0.732884091443021,973.0873803349625,-53.80160592399235,3.1439079900459417,9.884157449874712,-61.88068398684727,-49.794950183614,12.085733803233268,-52.88251942038332,-0.8817406320885572,0.001573594045063853,1076.032118479847,-49.203865558945466,5.101372612983374,26.024002536496813,-57.3434646006325,-39.98554904672332,17.35791555390918,-50.29968170989206,0.1270312200109359,-1.216588315897897,984.0773111789092,-57.80442846750704,5.0415940991464945,25.417671060548756,-68.23055897537854,-48.51847723915365,19.712081736224896,-57.81707199499568,-0.04127690108346858,-0.5093182735789461,1156.0885693501407,5,1,1
-56.268413567049116,4.313173264080851,18.603463605981865,-67.41662870999775,-47.45015316812605,19.966475541871702,-56.812203762338086,-0.16193523200978563,1.1025909869288393,1125.3682713409821,-60.71435883065023,5.196877940122541,27.007540324532307,-69.96881212572222,-52.40116205358685,17.567650072135372,-61.18552089303451,-0.1341553196073225,-0.8374226562671434,1214.2871766130047,-59.31278187096925,5.627097877327357,31.664230521022045,-68.66675432951196,-47.26609161598923,21.400662713522728,-59.57365994548515,0.3809336041914357,-0.17824694211101466,1186.2556374193848,-66.9057364697396,5.048086067002843,25.483172939868233,-77.58758513814611,-58.1962520726401,19.39133306550601,-66.81299580466265,-0.1762625081644861,-0.709272033239039,1338.114729394792,5,1,1
-51.754100712485126,3.007429121224911,9.044629919191642,-59.15668245882232,-45.6478407054901,13.50884175333222,-51.46741784211026,-0.3212873907009897,0.2601109103952828,1035.0820142497025,-55.80470762650699,3.43991333623623,11.833003760815872,-61.613693333530705,-49.138218840259526,12.475474493271179,-55.89732731037175,0.4053682222558921,-0.5153840754592629,1116.0941525301396,-52.246393431922186,2.99805164121663,8.988313643401728,-59.050897658976844,-47.33464479183645,11.71625286714039,-51.985287343085865,-0.28464569936548256,-0.5129157404353037,1044.9278686384434,-60.5610572071843,3.7148190735813382,13.79988074944371,-68.30976457976007,-55.682147675512226,12.627616904247844,-60.39539277124228,-0.4537490749542906,-0.8025325532527181,1211.221144143686,5,1,0
-49.64798622331182,3.1951656697997803,10.20908365746708,-54.9651225494045,-43.63286100937693,11.332261540027567,-49.73410383204262,0.23824684163253793,-1.031828434867733,992.9597244662361,-53.207494990524665,3.4707456708445568,12.046075511686233,-58.484610598592184,-45.161486440411046,13.323124158181137,-54.01639330646768,0.6296387830697528,-0.2754754715575083,1064.1498998104933,-50.39438443379863,3.4276285201286987,11.748637271999652,-56.23527145875414,-44.08167530698254,12.153596151771602,-50.705743821506154,0.24074465182581853,-0.8294658010991651,1007.8876886759726,-60.26116636913804,3.1953035797761506,10.209964966930283,-65.12458114364011,-54.691623749660835,10.43295739397928,-60.84717566211749,0.15748135690789355,-1.2014058924175994,1205.223327382761,5,1,0
-46.10489102896922,4.688294163191476,21.980102160615267,-57.008266388316436,-38.89304443454691,18.115221953769527,-45.28164640849674,-0.8361707250316265,0.11474693220628351,922.0978205793842,-52.178774039401254,4.528240680577009,20.504963661232537,-58.00579682606752,-40.631938070306546,17.37385875576097,-53.10349412140716,0.7882427494955595,-0.06789212375978204,1043.5754807880248,-49.64862997654977,4.3456947356852424,18.885062735762432,-60.894979984142765,-41.58148321958066,19.313496764562103,-49.88633737706739,-0.4507937692728844,0.4150446175741007,992.9725995309952,-54.29051226764578,6.408356781028192,41.06703663295001,-64.96703209508341,-43.631846915095366,21.335185179988045,-53.51587068054869,-0.2104823906294601,-0.9292418746869129,1085.8102453529157,5,1,1
-48.88094275254245,4.5262639370053455,20.487065227435128,-56.20244141731173,-38.54784633995165,17.654595077360085,-48.875068807630996,0.3374183622217113,-0.4758545033366812,977.6188550508491,-53.40821059328507,4.010332069251407,16.082763305666273,-60.946587136210105,-44.44529099830964,16.501296137900468,-53.61294276906261,0.36212514419919395,0.2582794826662802,1068.1642118657016,-49.564127961812616,4.518087402550194,20.413113777082756,-57.97547760353876,-41.00745794493274,16.968019658606018,-50.061201675174246,-8.021971391251339e-05,-0.733372494957115,991.2825592362526,-57.69773033955808,4.188050709927055,17.539768748920515,-65.32406136908196,-47.31748909727971,18.00657227180225,-57.94553107355188,0.5040046190492695,0.16165963064819078,1153.9546067911615,5,1,1
-51.70176025000429,5.825265430251923,33.93371733288812,-63.41561137682651,-42.32741465316213,21.08819672366438,-49.3979731469334,-0.5151687084199723,-0.8739081991226376,1034.0352050000859,-57.89330556291734,4.530569928168731,20.52606387402682,-64.95709836505873,-49.54951676342587,15.407581601632856,-57.14517665002687,-0.015485344714295496,-1.0478066262752403,1157.8661112583468,-55.6494788029443,4.394763525664751,19.313946446513274,-65.18622904767956,-48.38690731594468,16.799321731734878,-56.05745259649465,-0.18483246219850447,-0.655666753042556,1112.989576058886,-65.05334080966281,3.067857408735076,9.411749080330695,-70.94981772599175,-59.15742943946439,11.792388286527363,-65.30959726799989,0.22437829190674258,-0.48518322119863155,1301.0668161932563,5,1,1
-55.94630930249205,2.892961031128184,8.369223527626247,-60.353911872893605,-52.051216167416236,8.302695705477369,-56.274770026277395,-0.016001557123396584,-1.4756719573923924,1118.926186049841,-61.24655807482175,3.0910128788398956,9.5543606171541,-66.53359506395893,-52.46067798208832,14.072917081870607,-61.07915350180757,0.8783493433500206,1.0807778208672314,1224.931161496435,-57.666062687130626,2.4844111343400312,6.172298684432721,-62.77984333591385,-51.57134420780576,11.208499128108095,-57.821529467193436,0.37675197696030766,0.24411358778542613,1153.3212537426125,-65.55877731135281,3.2511974331203213,10.570284749128167,-70.7254613228216,-57.57736993741197,13.148091385409629,-65.3003962681542,0.48995473607859574,-0.09394807423117157,1311.1755462270562,5,1,0
-55.641616189432554,4.389710464182776,19.26955795935576,-63.21940224397684,-44.82563252426644,18.3937697197104,-55.73917302131484,0.47541433688538,0.17596319047796039,1112.8323237886514,-62.36711813835311,3.41421643695846,11.656873878397324,-68.46058359526292,-54.31308103354275,14.147502561720167,-62.17872770997441,0.15514262385437724,-0.148303817591676,1247.3423627670622,-57.215539097192206,2.43236167716564,5.916383328544045,-64.73902468738609,-53.61609254044584,11.12293214694025,-56.88082416460192,-1.173742500394023,2.2174779122050454,1144.3107819438442,-66.18081578485905,3.3552024080596197,11.257383199049071,-72.68365320582538,-59.58263205998425,13.10102114584113,-66.67752740188423,0.15843666018959646,-0.6275689467037724,1323.616315697181,5,1,0
-53.35566723019559,3.8899695912228975,15.131863420638837,-59.85057909485099,-43.84652473840917,16.00405435644182,-53.72503808198274,0.4002148883275806,-0.034545860968511644,1067.1133446039119,-57.5865160332102,4.464606021749577,19.93270692944259,-63.71748983695565,-43.15863265538078,20.558857181574872,-58.20258003149996,1.4555680909605286,3.0427655220087857,1151.730320664204,-56.06824501721833,4.380654229161551,19.190131475470984,-63.46971534766954,-44.7780614255238,18.69165392214574,-56.231544587158886,0.4589402246543907,0.21493021786361588,1121.3649003443666,-63.80767114361697,5.023902253427691,25.239593851995828,-71.55722425230162,-56.31409056062943,15.243133691672192,-64.91261013664518,0.11836746688806533,-1.4284767968287435,1276.1534228723394,5,1,1
-45.94161513897709,5.320076336756205,28.303212228913328,-57.41327480546682,-37.98502386967359,19.42825093579323,-44.45958305128932,-0.5928042179416223,-0.37668442863752283,918.8323027795418,-52.26825425973389,3.7398283840347415,13.986316342031907,-61.62470630196134,-43.6201359098325,18.00457039212884,-51.24662232164896,-0.27360458909698127,0.792626132134826,1045.3650851946777,-48.29960484153462,4.2360495347448515,17.944115660812074,-55.65344150164672,-40.12312228282582,15.5303192188209,-48.800549659824426,0.6403118398371502,-0.44079272014395654,965.9920968306922,-57.28765560554076,5.069967473745799,25.704570184840357,-68.53887500783675,-49.326792019065124,19.212082988771627,-57.04544352391407,-0.452876148273157,-0.35458376203407127,1145.7531121108152,5,1,1
-49.44997875994815,4.896943234125155,23.98005303824413,-58.96062806057856,-40.9983505309535,17.962277529625055,-49.03214288904215,-0.2678192262437444,-0.5458008303275617,988.9995751989628,-54.71666271407064,5.527011986084405,30.54786149432068,-62.969323409941104,-44.68937777127021,18.279945638670895,-54.887846743252695,0.23704503915181518,-1.087092299871761,1094.333254281413,-51.61647660360118,5.607234563226931,31.44107944704671,-63.751887708349685,-43.026144448029875,20.72574326031981,-50.50176698930204,-0.3052880807901046,-0.7975795519367423,1032.3295320720235,-58.777855417478406,4.4853843585403395,20.118672843838333,-66.38548434456206,-50.00428779656337,16.38119654799869,-58.144537830133274,0.08204085299189627,-0.7863549824166443,1175.5571083495684,5,1,1
-47.39236700285188,3.628704243874959,13.167494489516136,-53.761620197667455,-39.34395808892174,14.417662108745716,-47.10576906719177,-0.03350136490273418,-0.27262838215490826,947.8473400570376,-53.40300731800603,2.6913959167833754,7.243611980878225,-58.389149281838264,-48.147574284934905,10.24157499690336,-53.621153911562786,0.20313496178739504,-0.7198043657519775,1068.0601463601206,-50.72236871517707,3.5270331981084713,12.43996318055927,-56.669042451240905,-43.44906855044042,13.219973900800483,-50.926214351246706,0.12777798394942633,-0.7918013619608608,1014.4473743035414,-58.21919231950151,2.7577708108656034,7.605299845262328,-62.54405387388138,-51.927675772497416,10.616378101383965,-58.04352223267023,0.14776424156292534,-0.5395283349456754,1164.3838463900304,5,1,0
-48.24327751189076,4.52548402464377,20.480005657305973,-56.02159823139218,-40.916546181335946,15.105052050056237,-47.23383253281011,-0.1544052625782046,-1.297479508352387,964.8655502378151,-52.08707333733442,3.898896096646438,15.20139077244483,-61.25193601444806,-44.55199720636714,16.699938808080923,-51.581583906445786,-0.3373534542357014,-0.2220808037615063,1041.7414667466885,-51.932196021342804,3.833325397594952,14.694383603846495,-58.43546380296108,-43.687312528639765,14.748151274321316,-51.71630390234986,0.16316389787643806,-0.6082363213417925,1038.6439204268563,-59.84505083324147,4.108808122006555,16.882304183467035,-68.98890647407934,-51.6163521371488,17.37255433693054,-58.787567228634174,-0.3258530985096426,-0.3304604440688368,1196.9010166648295,5,1,1
-53.46494755961415,3.6819321204013624,13.556624139243274,-60.95441942085102,-48.865917670849996,12.088501750001022,-52.25759713205314,-0.7030373424989479,-0.8625692630175967,1069.298951192283,-57.518557105195576,3.313081282913482,10.976507587191644,-63.808854266814706,-49.943665220279144,13.865189046535562,-57.70943623781601,0.3185104375512304,-0.32796103402522103,1150.3711421039113,-54.13022630329458,3.098773382134928,9.602396473827941,-60.46433536255655,-49.869306809246844,10.595028553309703,-53.57925738860739,-0.43310786250155464,-0.9366958223751025,1082.6045260658918,-63.17890553813267,3.1728755644643205,10.06713934757478,-69.44315808231373,-56.9898127724202,12.453345309893528,-63.88315647144225,-0.050474111723302406,-0.553715955231231,1263.578110762653,5,1,0
-48.34104091935656,2.8149468730945695,7.923925898344893,-53.460331265943196,-42.737738747167896,10.7225925187753,-48.986099777147594,0.5997462832884908,-0.3820399125214431,966.8208183871312,-53.37829713678315,3.706760062154636,13.740070158384643,-60.434789367284736,-46.21381402277273,14.220975344512006,-53.23811246921069,0.010358238057171731,-0.8094228653753843,1067.565942735663,-49.27276889669194,3.8792095082932443,15.048266409232715,-58.707367550240605,-41.64896593406364,17.058401616176965,-49.50379238766942,-0.16995735709094376,0.1770288478122941,985.4553779338389,-58.16875245673634,3.1657395451321846,10.021906867613732,-66.32646944204741,-52.833578098490435,13.492891343556977,-58.26518203864991,-0.5835724751612243,0.6178820389659498,1163.3750491347269,5,1,0
-48.542288346070436,2.942932392688574,8.660851067935695,-54.066780791619074,-41.87825538590952,12.188525405709555,-48.230780872163095,-0.061564134962507434,-0.17115746096516027,970.8457669214087,-53.6815939522849,3.0576102259640163,9.348980293919723,-58.44891749780265,-47.62050539817731,10.82841209962534,-54.53296742873489,0.3382989220452911,-1.0653585986071954,1073.631879045698,-51.87287084594702,3.4768974822898633,12.08881610235359,-58.19741029714579,-44.34692900514144,13.850481292004346,-52.69850893071222,0.6093456533357666,-0.19149389441507036,1037.4574169189407,-60.64551453154344,2.870135196947266,8.237676048755521,-64.95571242597465,-53.04896784324795,11.906744582726702,-61.105656933137354,0.8111401595032448,0.4787390648139276,1212.9102906308685,5,1,0
-48.09814158083945,2.966832262137526,8.80209367166007,-52.445297127540144,-39.73220207316338,12.713095054376765,-48.02422639332592,0.8855336160177408,0.9289282016355522,961.9628316167893,-53.82891360700349,3.394396790476883,11.521929571199763,-59.94429007781554,-47.61821699653936,12.326073081276178,-53.25130248959647,-0.16574154403360955,-1.0765573813636589,1076.5782721400697,-49.344398093856384,3.1798481150050915,10.111434034501432,-53.87045451640687,-41.84838532719738,12.022069189209496,-49.703012295040196,0.4565063345327097,-0.46766928559548315,986.8879618771277,-56.64062660472668,2.850731558797752,8.126670420325462,-63.86664281365779,-51.31960784158096,12.54703497207683,-56.49444807907902,-0.3921019089885315,0.4080192441402377,1132.8125320945337,5,1,0
-50.969396719032645,5.30141473364164,28.104998178072663,-66.3133457924706,-44.080216510253535,22.233129282217064,-50.44183591905398,-1.1753711636211948,1.3536277893556097,1019.387934380653,-55.84253668879275,4.968247340742762,24.683481638797524,-63.441228757139164,-44.12056076669515,19.320667990444015,-56.606808384629545,0.5413104476927887,-0.335454949030793,1116.8507337758551,-53.32661543194755,4.128010978715781,17.04047464039802,-63.028052394304815,-45.89341118720149,17.13464120710333,-53.2044203402568,-0.41809866305783455,0.07462933688525064,1066.532308638951,-61.72435961320508,7.101283216127585,50.42822331565534,-73.9267659822621,-47.63280630197543,26.29395968028667,-63.172928873692925,0.14962974365673706,-0.7596581161908724,1234.4871922641016,5,1,1
-48.36169776657862,3.9952922518126317,15.96236017739405,-55.10770950313519,-41.071237738294094,14.036471764841096,-48.19195435841091,0.18247884279107554,-0.7500005354065427,967.2339553315728,-55.85870862546371,4.419907293586071,19.535580483895348,-64.46847379793374,-48.395276625587734,16.073197172346006,-56.882083703755725,0.010864862573797275,-1.061766707270804,1117.1741725092745,-50.88538531172268,5.2773768562112275,27.850706482473896,-59.44916584295569,-39.152980820081055,20.29618502287464,-51.56830162670708,0.3177857691800151,-0.6758426974321545,1017.7077062344536,-59.641203978714394,4.900522093527941,24.015116789155474,-68.77474659018371,-49.98901870510628,18.785727885077428,-60.31358287989712,0.38094363632506967,-0.514533416582923,1192.824079574288,5,1,1
-52.32479508451213,4.646706074399653,21.591877341862634,-61.048624410649595,-44.2235880922605,16.825036318389095,-52.209673095489876,-0.13562298773565448,-0.6088023607621245,1046.4959016902426,-60.51126739918927,4.216333402699331,17.777467362718124,-67.62917542165377,-52.269841284205064,15.359334137448705,-60.42956888933925,0.009710173983571362,-0.664656977997959,1210.2253479837857,-57.2976239603556,4.330108169221878,18.74983675716205,-65.12454192508778,-48.14142867976054,16.983113245327246,-57.80899003669595,0.16480809703260504,-0.32402209292964024,1145.952479207112,-63.7351594214564,4.975976178700834,24.760338930998152,-72.11767444132147,-52.94394468659977,19.1737297547217,-63.797577098097676,0.2845246302213776,-0.4835708741978495,1274.7031884291282,5,1,1
-55.36609862011183,4.3810978583995706,19.1940184448733,-62.14441342292808,-48.9782291826821,13.166184240245983,-55.827616832820354,0.04179353546288919,-1.455303157596948,1107.3219724022365,-60.54201715086556,4.194310489568959,17.592240482908203,-68.11823508016442,-54.58649763112985,13.531737449034573,-59.82176863016114,-0.42600988480788193,-0.9826282166269555,1210.8403430173112,-56.273410471413555,3.6602246526465514,13.397244507841569,-62.9577253327705,-50.91918319019283,12.038542142577668,-55.81674345734004,-0.2669535996584171,-1.1074282438186116,1125.4682094282714,-65.48652506433484,4.0905244916145715,16.73239061649865,-73.72980169970242,-55.272233153413055,18.457568546289366,-65.67222550869135,0.43578484060773215,0.26734785476931,1309.7305012866966,5,1,1
-52.368930059218975,2.4703978850309354,6.102865710365318,-57.50568711116679,-45.62762860601231,11.878058505154485,-52.33092964772898,0.43059826247165783,1.182815690195409,1047.3786011843795,-57.59664124254497,2.8860169523929557,8.329093849499525,-60.98366831752535,-49.10441325213951,11.879255065385841,-57.36903756936004,1.174078717355437,1.4227721241847862,1151.9328248508996,-54.751581534048114,2.5577814158321788,6.542245771176465,-60.44910259719672,-50.50850032901335,9.940602268183369,-55.00169084654679,-0.1985072752072111,-0.4532487309712345,1095.0316306809623,-62.93766922260361,3.526780135426445,12.438178123638574,-70.73242704975935,-55.93703358981445,14.795393459944904,-62.904265433571666,-0.1825996246949491,-0.2366826532540296,1258.7533844520722,5,1,0
-49.89613223298087,5.394595232114253,29.101657718349834,-63.54832558583847,-38.190315277713545,25.358010308124925,-49.76967085639997,-0.228227294700411,0.7594223852540787,997.9226446596174,-55.12953979464244,2.652829609690674,7.0375049380515735,-59.04707219770782,-48.07807866824462,10.968993529463198,-55.421738846845244,0.8848585198024987,0.6160765334372273,1102.5907958928487,-52.06356544060666,4.904451636767695,24.053645857393327,-59.045768953850455,-39.979270715949184,19.06649823790127,-52.254439177557806,0.5552869606026678,-0.03838268717139881,1041.2713088121332,-61.16983805646523,5.27965241141506,27.874729585360853,-70.1368474182886,-52.81898181529862,17.317865602989976,-60.582279068014216,-0.03900453222066602,-1.0686829266716622,1223.3967611293049,5,1,1
-48.389601962467616,4.279768701690919,18.31642013997318,-56.30375490022689,-39.77883132201282,16.52492357821407,-49.36530150203049,0.21655067946134754,-0.7239489494001443,967.7920392493522,-54.346346655786306,3.913038610778462,15.311871169443034,-61.89988809230705,-47.20949416352386,14.690393928783195,-54.531722792514586,-0.16037964012537556,-0.7524382085923014,1086.9269331157261,-50.8181610808067,3.9201077258370423,15.367244582167269,-57.2296042220457,-43.85805806071765,13.371546161328048,-51.608104993886414,0.21190101193703717,-0.9968341657235116,1016.3632216161341,-58.53785189465418,4.475894843328782,20.03363464853718,-67.27277929806934,-52.02237307507908,15.250406222990257,-58.559244689685784,-0.18303719097741655,-1.0340679558940384,1170.7570378930836,5,1,1
-47.61885758651221,4.671352498019129,21.821534160749557,-55.18345126125626,-38.25124883215471,16.93220242910155,-47.353310143667585,0.09335734154459488,-0.7424642027507091,952.3771517302442,-54.13182740139878,5.131842957701018,26.335812142505528,-65.82837851809182,-44.125917957651374,21.70246056044045,-53.58086626305324,-0.3040576449507302,0.2820483281578241,1082.6365480279756,-49.706602949519365,5.335566257401429,28.46826728712069,-57.41991075691658,-38.92649326394627,18.49341749297031,-51.15574745034694,0.597716069140051,-0.47554238145888084,994.1320589903873,-58.410381071184986,3.7166656889451475,13.813603843382108,-63.68248697834727,-49.7326170518572,13.949869926490074,-58.479955273137215,0.453838944943953,-0.38956916046318435,1168.2076214236995,5,1,1
-49.267812830178016,2.937940052933043,8.631491754628213,-53.48440348887689,-43.48656276012514,9.997840728751754,-50.116676469378774,0.4691809617815931,-0.9822156349228108,985.3562566035603,-54.30570268233604,3.8028924313616086,14.461990844507406,-63.06568516664575,-47.46929575962005,15.596389407025697,-54.95266574799218,-0.06804725069983249,-0.18621276542268195,1086.1140536467208,-53.00993991392992,3.4492222566924235,11.897134176062375,-59.284258961764685,-46.09411387827438,13.190145083490307,-53.04104872048748,0.18476282670746919,-0.6585420824064272,1060.1987982785986,-61.197219606146746,3.1575516591709336,9.970132480333115,-64.99844751223914,-53.973052396240796,11.025395115998343,-61.89812644142707,0.7305990769306838,-0.5834300654441922,1223.944392122935,5,1,0
-47.977492150378396,3.5616608907641067,12.68542830079857,-54.443005918813604,-41.465737664946225,12.97726825386738,-48.27784245260665,0.055858728527547474,-0.8085210531605673,959.5498430075677,-51.8439145790049,4.358639866986894,18.99774149008753,-61.39232066968748,-44.64229474321463,16.75002592647285,-50.9904056740221,-0.4196965346359147,-0.4723225863642537,1036.878291580098,-49.331132432605685,5.10441681779755,26.055071049814465,-57.95859903411953,-37.371867601441714,20.586731432677816,-49.675194772917116,0.335683349915536,-0.4687210781165989,986.6226486521138,-57.365443789683184,4.75342368784866,22.595036756200763,-65.98334228607762,-47.90027119367977,18.083071092397844,-57.155643391748825,0.08918333455365349,-0.35996593919380837,1147.3088757936637,5,1,1
-53.17010448322293,4.497731743236932,20.229590834121133,-64.86195944387738,-45.09507912148862,19.766880322388765,-54.107794328387726,-0.21192976306141423,0.5999545751739706,1063.4020896644588,-57.75876736942921,3.4723317773894755,12.057087972268755,-63.72522831405989,-51.849008570846806,11.876219743213085,-57.71037961339174,-0.0947402660564477,-1.1518484842432988,1155.1753473885842,-55.07181668520292,4.257965900034478,18.130273605856416,-66.31191109932301,-49.33070162502739,16.981209474295625,-54.57545154638753,-0.7263675566284207,0.2465641515806789,1101.4363337040584,-63.84250797427802,5.262373465939892,27.692574495028232,-73.46383037190736,-52.071748729867444,21.39208164203992,-63.66257126303289,0.12736576813243675,-0.22593879111074733,1276.8501594855607,5,1,1
-46.16816949867726,5.224737088736769,27.29787764642157,-54.06344599402855,-35.05124093953948,19.012205054489066,-47.18649961853951,0.6436228550423972,-0.4773498493924344,923.363389973545,-51.00377460361562,4.9527191873836,24.52942734907767,-60.759546905863274,-41.383524838332455,19.37602206753082,-50.63881371939135,-0.30533719202224036,-0.2638154340748451,1020.0754920723123,-48.8190283119073,4.645441171568213,21.58012367850105,-57.44569926213174,-39.1790024416111,18.266696820520643,-48.300479347728434,0.26704957290078996,-0.5352231105689933,976.380566238146,-56.559863766424016,5.2007241997999785,27.047532202385128,-63.688122127150216,-45.222766640535966,18.46535548661425,-57.09117940985152,0.42194454743494814,-0.7839207500282246,1131.1972753284804,5,1,1
-47.589605809973605,4.03216944146555,16.25839040468861,-56.04326265967561,-38.34325563703796,17.70000702263765,-47.957496714728464,0.393302430170985,0.1842402712382758,951.7921161994723,-53.90162842442593,5.918704255126174,35.03106005964868,-68.3166342479437,-44.23034709673018,24.08628715121352,-53.79055199349771,-0.38469257157885295,-0.19305957218518977,1078.0325684885183,-51.92049307764959,3.8217991759165955,14.60614894103677,-59.464459998964166,-45.94678039628264,13.517679602681525,-51.175288752003766,-0.2882635502060996,-0.8814392620184224,1038.409861552992,-56.03204557103194,5.657436869739852,32.00659193509186,-68.64137155809591,-40.50301972560392,28.138351832491992,-55.373619095276155,0.1997902698538819,1.6868183879914262,1120.6409114206388,5,1,1
-56.30197783763932,2.8581744093918324,8.169160954502349,-62.62877892659694,-51.70760237797941,10.921176548617524,-55.62943278467523,-0.5179584702824431,-0.5214133171758695,1126.0395567527862,-60.3424648528556,2.9375337412925635,8.629104481232286,-66.59261801082015,-54.90123719522838,11.691380815591764,-60.24639634103403,-0.18476513773077347,-0.21778010670249648,1206.8492970571115,-56.24780723586182,2.5957340201125563,6.737835103169694,-61.33620998904908,-51.67730698519938,9.658903003849701,-56.403668775010445,0.13092562470086375,-0.8396661036539781,1124.9561447172366,-65.41431335855036,2.575044962904742,6.630856560981084,-70.35634951007859,-59.041343018763456,11.315006491315131,-65.37596957329876,0.23535529120423943,0.39353236760901655,1308.2862671710072,5,1,0
-51.24243615900549,3.9703534182620923,15.76370626590548,-62.27833266782947,-44.70614348867788,17.572189179151586,-50.461389243473064,-1.2470558732640615,1.7343384596980442,1024.8487231801096,-56.798733808210855,4.502236426137729,20.270132836841423,-64.81867143507571,-50.65448476639845,14.164186668677267,-54.790477285499115,-0.4917957028279874,-1.1708587847209757,1135.9746761642173,-52.07848736127003,6.188329044947336,38.29541636853881,-63.22962186661995,-37.87761520708213,25.35200665953782,-50.93443057458669,0.2783501503631932,-0.2879077934142229,1041.5697472254005,-62.9549416880071,4.77500695229987,22.800691394512093,-71.92557025931988,-54.98526861673674,16.940301642583144,-64.82854510994319,0.1626766663339613,-1.0842246957143362,1259.098833760142,5,1,1
-51.41160294548464,3.8753542483877887,15.018370550497284,-60.070245746449956,-40.46250972634729,19.607736020102664,-51.159488815102556,0.4579623230828086,1.8088296677297668,1028.2320589096928,-55.99767633452369,4.686335079933964,21.961736481419674,-63.37742650393807,-45.41117597814979,17.966250525788276,-56.277319071247575,0.3758575854963848,0.06671864208800526,1119.953526690474,-53.29300510299576,5.053554805153374,25.53841616868876,-66.15195307721616,-42.075370540264984,24.07658253695118,-53.47647400900066,-0.30480809658804436,0.8031843420989211,1065.860102059915,-62.59435737063775,4.225131341150096,17.851734849968807,-68.13852083156193,-55.9295362742211,12.208984557340834,-63.34351955788695,0.20329523710523317,-1.538431495991469,1251.887147412755,5,1,1
-51.92426637617194,4.119714033418599,16.972043717146136,-58.829805187681316,-42.54527352519119,16.284531662490124,-52.46636445891095,0.3946777291716442,-0.30994816171175943,1038.4853275234386,-52.39965516235768,3.688774411282327,13.607056657331276,-57.47946884617888,-45.07438384345233,12.405085002726551,-53.396273502465476,0.5694318825533559,-0.7837599548358241,1047.9931032471536,-49.540228291755476,3.662378081206786,13.4130132097039,-57.556380668840596,-40.797853050502596,16.758527618338,-49.63925829630428,0.1460180441143976,0.24413033153082297,990.8045658351095,-59.65600217472428,3.596949916301038,12.938048700378044,-64.87599254861159,-51.98952757298061,12.886464975630979,-60.68612587492214,0.3064417339054331,-0.9534882628114589,1193.1200434944856,5,1,1
-48.999834496308935,5.904163798991154,34.85915016531765,-59.5126927351572,-38.92742169141807,20.585271043739134,-48.491714520617556,-0.14954581667628855,-0.8367213552956025,979.9966899261788,-55.08005195704336,5.357906050500561,28.707157245990516,-63.16763811175749,-44.14920417086644,19.01843394089105,-55.88882665224509,0.40798396409366194,-0.927782236596451,1101.6010391408674,-51.87262837412686,4.386253464470502,19.23921945457948,-59.110184539451225,-43.72814105055118,15.382043488900045,-51.97128335684569,0.19187074034307092,-0.7733163822784199,1037.4525674825375,-60.9245902168445,5.88211702111447,34.59930065008457,-72.80379889305908,-50.44735763011638,22.356441262942703,-61.029195691440535,-0.2085870132831515,-0.4120858764495652,1218.4918043368903,5,1,1
-48.71979748732371,2.590005406086951,6.708128003559631,-54.21592142251371,-44.11696015617895,10.098961266334761,-48.32852944619903,-0.4905045317331109,-0.20333696166599724,974.3959497464742,-55.74457925470089,2.892059574645465,8.364008583298508,-60.30461102085644,-47.198961959152996,13.105649061703446,-55.934323564112226,1.0668584784266473,1.7455902069175604,1114.8915850940175,-51.69510883550472,3.3071784849254646,10.937429531153892,-56.92802159728858,-46.0945546244667,10.833466972821874,-51.75128617566499,0.01298388499640708,-0.8928058484596577,1033.9021767100944,-58.89595060349639,3.5050782284961084,12.285573387877418,-67.63771400976628,-53.53146505246955,14.106248957296735,-57.86208665691784,-1.0012613740401681,0.2735505666840292,1177.9190120699277,5,1,0
-53.013835143605924,2.2473127330240477,5.050414520012015,-57.05821013308937,-49.328977676611196,7.729232456478172,-52.27427543189216,-0.2787607703275842,-1.018843797376317,1060.2767028721184,-58.457449848535305,2.7878050829271652,7.771857180394538,-63.74984680403727,-52.057270604914876,11.692576199122392,-58.684573243550986,0.3684114567077269,-0.17570985169220643,1169.148996970706,-55.04422166724178,2.995928781275796,8.975589262476676,-63.60180007930805,-50.42184847195833,13.179951607349722,-54.50753749376116,-1.156089663179535,1.5954872257111887,1100.8844333448355,-64.48429726317511,2.877711619808826,8.281224166782739,-69.3336638196411,-57.92386092987538,11.409802889765722,-64.36725642769385,0.3006274002797927,-0.4760557771812586,1289.6859452635024,5,1,0
-46.681918027570184,4.483910046267782,20.105449303021143,-55.91309801258791,-37.57776885456915,18.33532915801876,-46.31279083168366,-0.045967604890025444,-0.5087950721715688,933.6383605514036,-52.157681594769464,4.069375898537112,16.55982020359473,-60.271902601838136,-44.96768123735472,15.304221364483418,-52.170796342826435,-0.0689666287952248,-0.8241431830478789,1043.1536318953893,-49.59198763296698,4.675997309899767,21.864950842189856,-57.26558479042085,-42.44682532904794,14.818759461372913,-49.34869195854729,-0.1435694431770834,-1.1635051361343163,991.8397526593396,-59.08433927493646,5.065957649871969,25.663926910296322,-71.98151053571166,-48.90189882857352,23.07961170713814,-57.72663150886126,-0.5026674600733941,0.5654603014905493,1181.6867854987293,5,1,1
-44.070771020749696,5.372336567906522,28.862000198865626,-54.67937509012028,-30.65131216310808,24.0280629270122,-44.77864837553477,0.4401312895199363,0.2706089409437742,881.4154204149941,-50.951158122520134,3.6078969614253786,13.016920484262481,-55.761313707970366,-42.417232118811455,13.344081589158911,-51.533493535880915,0.5597567216000532,-0.5747752314093924,1019.0231624504028,-48.628849960025654,3.660520787825365,13.399412438101631,-54.349150309091335,-40.11080863980015,14.238341669291188,-49.26331642766253,0.443243475602915,-0.4650727100615937,972.5769992005132,-57.53087289141126,5.4232437597177405,29.41157287731741,-70.36429208867078,-48.66944215315953,21.69484993551125,-56.796771788479404,-0.5046071192563557,-0.19514961998855274,1150.6174578282253,5,1,1
-51.66141721011127,3.78392622543262,14.318097679516754,-60.05658753893454,-45.365061113222595,14.691526425711942,-52.26122759674972,-0.22569716632878836,-0.4253622517556108,1033.2283442022253,-57.13922966643133,5.025914775761534,25.25981933321812,-68.479375755039,-49.29067267823618,19.188703076802824,-56.837840922809654,-0.5110156391223529,-0.33681246788477903,1142.7845933286267,-53.38897421714662,5.568863357383385,31.01223909320734,-62.28724134002212,-39.646499498326314,22.640741841695807,-53.33015996207374,0.4897886672905332,-0.22443100225190227,1067.7794843429324,-62.88151331198852,4.404630552014067,19.400770299735747,-68.7024755465113,-51.239806619760614,17.46266892675068,-63.940077661938275,0.8075351343427558,0.1717185857680037,1257.6302662397702,5,1,1
-45.902594829357,4.042215741154011,16.339508098033267,-53.79671991274247,-40.19234015738785,13.604379755354621,-45.782489711710944,-0.3415489693865425,-0.7583126096633972,918.05189658714,-51.96110125824646,4.162984572631057,17.330440551964188,-60.414470531762916,-44.0772358095724,16.337234722190516,-51.784163880963675,-0.11660417846376178,-0.6687632361585152,1039.2220251649292,-50.03778109867105,5.012061466409045,25.120760143062387,-59.3106396763907,-41.15509594845721,18.15554372793349,-50.05963809899859,-0.0626929109195448,-0.7126734684103244,1000.7556219734211,-57.84110149765506,4.811375184087162,23.149331162049773,-67.90184064024888,-47.6727038064203,20.229136833828576,-58.41430118211673,0.23427879237505408,-0.21993113211395032,1156.8220299531013,5,1,1
-47.22338982036587,4.766347796485783,22.718071317064876,-53.2334284707408,-34.81078291599185,18.422645554748946,-48.70462054807034,1.2445552370380022,1.0554275369104786,944.4677964073176,-50.8838560250927,5.160294870900783,26.62864315464493,-61.93828305924214,-43.059502708203944,18.878780351038195,-49.45935088208754,-0.5178474101371989,-0.6515406892702709,1017.6771205018539,-47.12260060137562,5.279427854489943,27.872358470764283,-55.60950372712916,-35.55944527877326,20.050058448355898,-47.393788341988596,0.3570058020111482,-0.6941482133408958,942.4520120275125,-56.49220802504641,4.428404657596313,19.610767811420715,-65.4202716158786,-51.19087368047619,14.229397935402417,-55.27852344575233,-0.5518519677090928,-0.875052528483701,1129.8441605009284,5,1,1
-51.81476313739008,4.611412303318217,21.265123431194624,-59.412400810477415,-44.62439623410195,14.788004576375464,-51.20852459472947,0.0869578059793207,-1.329275817394791,1036.2952627478016,-57.210660074800636,5.89029807762378,34.69561144325839,-67.0916467789022,-46.468361940838044,20.62328483806416,-57.61305026275478,0.14242230150730315,-0.9879261675663105,1144.2132014960125,-53.011270483793325,4.092859350638467,16.751497664108737,-61.40121585908242,-46.629794068739365,14.771421790343055,-52.40780740303252,-0.4444731460098094,-0.5823787183555784,1060.2254096758666,-62.87099361941476,4.162290347268837,17.32466093496734,-73.24174656451822,-56.72485419648681,16.516892368031414,-61.96067443750539,-0.9063868715131881,0.227617964218632,1257.419872388295,5,1,1
-46.75115665134657,3.384793362895426,11.456826109500927,-52.146592712777384,-39.91770379245836,12.228888920319022,-47.306772929175246,0.421576516092611,-0.8143274899360633,935.0231330269315,-51.17683598450287,4.56465940232552,20.836115459238776,-61.86086669311912,-44.106094818718184,17.754771874400937,-50.28219780874828,-0.5136719209084433,-0.375309467245764,1023.5367196900575,-49.44843951351645,4.608724026609754,21.24033715345002,-56.79070036881706,-41.70625205570229,15.08444831311477,-49.42895998938171,0.14750561093114808,-1.025124228258436,988.968790270329,-57.64848447145897,4.667234272563384,21.78307575499026,-70.76211256703169,-47.22445988644748,23.537652680584216,-58.58212476726618,-0.48604036094322406,1.5876077033547498,1152.9696894291794,5,1,1
-47.21363379444211,3.368631594430256,11.347678818993726,-55.11852601452517,-42.01122262599118,13.107303388533992,-46.32900647591333,-0.666595403884585,-0.0025350171201710126,944.2726758888423,-53.53131827830383,2.91630588660296,8.504840024235076,-61.6266031116768,-47.135931229783395,14.490671881893405,-53.89858999512886,-0.321231616697001,1.5313471029615657,1070.6263655660766,-48.36802262972999,3.476641506768796,12.087036166587605,-54.87887904520192,-39.710380418044004,15.168498627157916,-49.14867379537786,0.4993750380280861,0.11300342758710702,967.3604525946,-57.80407551979464,3.662095978844019,13.410946958265535,-64.00540158424445,-46.512095998473285,17.493305585771168,-58.238913347302145,1.2588839011376785,2.4276404818379502,1156.0815103958926,5,1,0
-50.57452765604937,3.178672477908368,10.103958721812125,-56.99846270776728,-45.92523199445765,11.073230713309634,-49.81431537058422,-0.27471074552938096,-0.9684711444421059,1011.4905531209874,-55.985899522835986,4.96684571692755,24.66955637576155,-66.82321761149711,-48.29045019799263,18.532767413504487,-55.76451249145214,-0.5407932070410764,-0.45826960399154437,1119.7179904567195,-53.07857300527295,4.8903841689692245,23.915857320104816,-61.543509917064206,-43.169971410000095,18.37353850706411,-52.611244167833846,0.09370180842034068,-0.9233788672615204,1061.571460105459,-60.90746686560245,4.350447625480745,18.926394542051057,-68.62679216776347,-54.25097730519472,14.375814862568745,-60.486869150752185,-0.23062386863154627,-1.1741450099302753,1218.1493373120493,5,1,1
-53.486368865079704,2.482263233723905,6.161630761497458,-58.87764145683023,-47.52185944655292,11.355782010277316,-53.693421291664755,0.282987102929785,0.43459996484369423,1069.727377301594,-59.36155097136651,3.478309303692598,12.098635612154485,-65.70172777789494,-53.123808778451874,12.577918999443071,-58.93840717360618,-0.15009199179396499,-0.7739458826989942,1187.23101942733,-53.978973827912725,3.5143532368315973,12.350678673228725,-60.765112526028595,-49.03235030303625,11.732762222992342,-53.99890011418185,-0.17539860138813995,-1.0485618122865494,1079.5794765582546,-63.782942886446236,2.6107785487301176,6.8161646305093395,-69.98351354403205,-58.36174784939796,11.621765694634092,-63.92402897319498,0.015326651754586586,0.36055190289456673,1275.6588577289247,5,1,0
-47.43106686048135,4.820780883403963,23.239928325793095,-56.556616351959136,-37.445958518379996,19.11065783357914,-48.772130048099626,0.3186649914752445,-0.5733175285424297,948.6213372096271,-55.592008532957166,4.763810975805082,22.693895013200972,-64.93623812046094,-46.348691863588655,18.587546256872287,-55.86070269865094,0.11000790399506855,-0.6690112338312169,1111.8401706591433,-49.38982792248673,5.096902054018705,25.978410548260094,-60.78697083636752,-38.71307107119742,22.073899765170104,-48.693133218297085,-0.09771168488524586,-0.07881431246088288,987.7965584497343,-59.96375385756495,4.656470053966615,21.68271336348785,-69.39882763177363,-52.0943285500178,17.30449908175583,-59.06901232628232,-0.24349515440509983,-0.4403111446445571,1199.2750771512992,5,1,1
-51.335301814582714,3.5146239355473927,12.352581408322642,-57.45020232063416,-44.570947222443955,12.879255098190207,-51.60432333140829,0.010955568047900226,-0.7540996945493994,1026.7060362916545,-54.903114732102395,3.2078598440867983,10.290364779304577,-60.75463734765159,-46.77196542634974,13.98267192130185,-54.472700291928064,0.4254192391889322,0.21871534214963173,1098.0622946420478,-53.811695644738485,1.4783260144344388,2.1854478049536126,-56.87012545159528,-50.82612027570114,6.044005175894135,-53.95729097998388,0.18535087996141428,-0.4311552469305324,1076.2339128947697,-61.04757412017278,3.0465593868907814,9.281524097852335,-67.63457173321733,-55.667347837141165,11.967223896076163,-60.72128514644437,-0.43483552951458004,-0.28133997205532424,1220.9514824034554,5,1,0
-51.485702602098186,3.5549301342781843,12.637528259599108,-57.56767860825769,-45.541823109850064,12.025855498407623,-50.03107325916247,-0.25133540105524,-1.1932005673640735,1029.714052041964,-56.45998344030941,2.707017613668894,7.327944360713632,-60.58462729318488,-51.35638181200227,9.228245481182611,-57.629622874860424,0.278511034548612,-1.0714286713407877,1129.1996688061881,-53.52955837731997,3.0335555726682215,9.202459412466421,-59.29561083551672,-48.22736510542742,11.068245730089302,-53.71335429927368,0.06706236051907542,-0.4639270868780976,1070.5911675463994,-62.09437399316571,3.769002550011011,14.205380221989504,-71.3648613632572,-56.31745491840227,15.047406444854936,-61.91218755155741,-0.5699936842183722,-0.18843879774223282,1241.8874798633142,5,1,0
-51.81965343412719,4.914041725890839,24.14780608379622,-64.64962906309302,-41.913853255543785,22.73577580754923,-51.25950000998791,-0.48466005062909384,0.6562374835769753,1036.3930686825438,-54.364106818997996,4.3579845362000755,18.99202921775899,-62.259111270176284,-45.88708497077935,16.372026299396936,-54.47852187752862,0.2009057514902871,-0.4153381682168007,1087.2821363799599,-50.45661299967154,4.79018341176124,22.945857118312556,-57.754042904339116,-38.682917910972485,19.07112499336663,-51.352623039881045,0.6026538096258292,-0.1741254893677584,1009.1322599934308,-61.07301165616106,4.818579371964283,23.218707163919703,-66.76962012698507,-48.85790399875829,17.911716128226786,-62.05647062077835,0.7318791289085697,-0.10922323502815123,1221.4602331232209,5,1,1
-52.3470619229786,2.837108811327214,8.049186407310518,-57.39447850254408,-47.36381478774736,10.030663714796724,-52.724277619133105,0.14620040286272756,-1.0810999679036166,1046.9412384595717,-58.1577466141337,3.1993381501467004,10.235764598984112,-65.4701300246413,-51.29335550037255,14.176774524268758,-58.004812838672045,-0.09173090076293515,0.13211268752371463,1163.154932282674,-55.9125853340211,2.9968785688681097,8.981281156540968,-64.88428314070688,-50.839660135507536,14.044623005199348,-55.60934666366218,-1.01429184270491,1.805465309707568,1118.2517066804219,-63.42643807610318,2.811837412350639,7.906429633494739,-68.20078125265688,-56.15583970023872,12.044941552418159,-64.03490046827379,0.7214904231345807,0.38256049833403427,1268.5287615220632,5,1,0
-49.54517754270754,4.3328196738806195,18.77332632636696,-57.0695543661525,-43.31798732634024,13.751567039812265,-48.88103929956409,-0.20009224582340662,-1.1831260848021339,990.9035508541509,-55.6398999782655,4.334074729837568,18.78420376381659,-65.26056079129599,-48.380636145858276,16.87992464543771,-55.13650140962514,-0.13109858289643656,-0.6219786724661116,1112.79799956531,-50.5302586307197,4.059019761840082,16.475641427008316,-59.04186255287141,-43.31296313894255,15.728899413928858,-49.833126235683864,-0.5556605090336059,-0.26711548459158685,1010.6051726143941,-60.251550353251865,4.704040906573251,22.128000850714493,-70.06732319889237,-48.21054251575629,21.85678068313608,-60.35115859178882,0.35367464785609815,0.698901178765361,1205.0310070650373,5,1,1
-47.42459170369149,3.716449080932494,13.811993771163978,-60.03388366229407,-39.6426296362663,20.391254026027774,-47.063447784921024,-1.4596805341154993,4.778408041680304,948.4918340738299,-51.48885605308011,3.293182049027265,10.845048008035416,-59.75476197460277,-45.270037952536455,14.484724022066317,-51.454309554884915,-0.4149357941903733,0.25047733221774404,1029.7771210616022,-48.88811929797007,3.242702828401514,10.515121633323178,-54.7846490678299,-42.64300208474037,12.141646983089537,-49.713150758745684,0.28789588275906497,-0.819638899579624,977.7623859594014,-58.04004226745551,4.020461987512008,16.164114593029005,-64.54892308738208,-49.31344949547365,15.23547359190843,-57.73920930707311,0.314687710583206,-0.36634519345957983,1160.8008453491102,5,1,0
-51.173619392826225,2.768204424658833,7.662955736700741,-58.1396952412804,-46.39156132892538,11.748133912355023,-50.77215517691279,-0.5626343051556685,0.17472456544804915,1023.4723878565244,-56.594714257885606,2.9953503497700016,8.972123717867271,-61.79233688860273,-50.05080201428947,11.741534874313267,-57.147976161237914,0.4028219424015941,-0.2453049503475344,1131.8942851577121,-53.20246795855335,3.043268529341213,9.261483341678629,-59.68306323411917,-48.13025055155136,11.552812682567804,-53.81546069667801,-0.14140333794844182,-0.8654748271742276,1064.049359171067,-60.999605057916924,3.763182556087223,14.161542950439165,-70.30721981693517,-53.283919489583,17.023300327352175,-60.85266869757652,-0.262073059366911,0.3573908983344505,1219.9921011583383,5,1,0
-44.12049541513645,3.4287228899289803,11.756140655922938,-50.311711888633525,-38.886562670337234,11.42514921829629,-43.363141622279,-0.2572216353576031,-1.0426692289683153,882.409908302729,-52.28745906431883,4.970216786556491,24.70305490536793,-60.03322118733862,-42.455178462937575,17.578042724401044,-53.4451782393649,0.26966543812651295,-1.1015976643427188,1045.7491812863766,-46.74124084773947,3.718357063464472,13.826179251416132,-51.80077509837308,-39.8134908400301,11.987284258342982,-47.758198793407125,0.24183622783922337,-1.3661465532033845,934.8248169547894,-55.970943954493336,4.621673910246426,21.35986973265249,-65.35602280703135,-44.11913951711999,21.23688328991136,-55.308018559918224,0.26153054539265524,0.4561376063889515,1119.4188790898666,5,1,1
-48.20253985581884,3.1662075884570307,10.024870493202886,-54.292055884202675,-40.048355595590856,14.24370028861182,-48.606059281354646,0.8082683101361138,1.1813619468816379,964.050797116377,-53.435988154087944,2.79162905899299,7.793192803014087,-58.9910154461529,-46.31060756254204,12.680407883610862,-53.68439154834404,0.40283407348362765,0.5661103061982873,1068.7197630817589,-49.39535303553364,3.3020174647729656,10.903319337665684,-58.40100365033596,-44.10740138419265,14.29360226614331,-48.786287278059056,-0.8317627975156097,0.8378328818885232,987.9070607106727,-58.06440244366138,2.4648622663872923,6.075545992259898,-61.70618122894239,-53.60067885842254,8.10550237051985,-58.25086439991679,0.2066539372974245,-0.9221999317028473,1161.2880488732276,5,1,0
-47.00027659350944,3.167872615869419,10.035416910375357,-52.47217484828897,-39.56752132897557,12.904653519313399,-46.68066777606907,0.2555901284088976,-0.3976334210654566,940.005531870189,-53.09910607304873,3.660202801688999,13.397084549491998,-60.1421020377125,-47.449251207848306,12.692850829864192,-52.343048792789176,-0.35418373007936116,-0.6527348750905011,1061.9821214609747,-49.65909683383538,2.4461077438534002,5.983443094539572,-54.23626736525348,-44.74755286344149,9.488714501811991,-49.44998555999821,-0.09126713745763201,-0.5361151370842938,993.1819366767074,-56.125376992280074,2.90133876524779,8.41776663072957,-62.64808845919844,-51.14264667458093,11.50544178461751,-55.20372275894199,-0.6493794871952188,-0.09415220248939127,1122.5075398456015,5,1,0
-53.31812114511788,3.4024291810461618,11.576524332034456,-61.92969586491645,-48.17518075176782,13.754515113148628,-53.29192529543946,-0.7703201661161926,0.2510968929087678,1066.3624229023576,-59.75605688317522,4.008331286851714,16.06671970515432,-67.9131521497905,-53.13961397144868,14.773538178341823,-58.9608373147814,-0.26447081248645876,-0.9247982663395704,1195.1211376635042,-56.81712947883943,5.039733360501136,25.398912344948066,-64.98288370133159,-48.63640071651026,16.34648298482133,-58.091832390359066,0.08758354277844557,-1.1383984365813578,1136.3425895767887,-64.286607017563,4.0706898087071615,16.570515518712345,-70.85109943724848,-56.50092197438527,14.350177462863208,-64.82362125955589,0.3025372897966898,-0.8805678349314112,1285.73214035126,5,1,1
-46.08695063877074,3.814548517955184,14.55078039583409,-56.01259383161427,-40.338570235322,15.674023596292265,-45.96527601849512,-0.5665334618450514,0.4789069817566358,921.7390127754148,-49.495794538010486,4.773077531831588,22.782269124875526,-55.72360924088513,-37.883109099166795,17.840500141718337,-50.54781843816088,0.8534313507817294,-0.04747739773076187,989.9158907602097,-48.37248043418721,5.161564131860167,26.641744287305396,-57.95690558724346,-37.66294993452954,20.29395565271392,-47.90461401304712,-0.09725738385470176,-0.2724569621732642,967.4496086837441,-55.588519916912844,4.1990251627890025,17.631812317735207,-64.33907952614976,-47.426667948565296,16.912411577584464,-56.13284479140184,0.0642041991491122,-0.47264585165849793,1111.770398338257,5,1,1
-54.33850095088036,3.462030957136054,11.985658348168382,-60.579020494851356,-47.83516719417486,12.743853300676498,-54.256291354721775,-0.15777872705996424,-0.7568131608092363,1086.770019017607,-59.335454875505164,4.73390003133456,22.409809506669347,-69.69752201996126,-52.04897474598333,17.648547273977925,-58.446118121889484,-0.4553468446890676,-0.6965144031325576,1186.7090975101032,-56.83253956196453,4.039941959455791,16.321131035771494,-66.0265275807198,-50.666315752101966,15.360211828617835,-56.737983014182376,-0.3530877962825,-0.4738125822891277,1136.6507912392906,-66.25501045907234,5.031920584858423,25.320224772321936,-77.80037227064005,-57.395969374357506,20.404402896282548,-66.50855538302038,-0.18398394210440214,-0.11601711646037405,1325.1002091814466,5,1,1
-50.891269727784476,5.291441931976139,27.99935771947537,-61.14953586788335,-41.27456286795259,19.874972999930762,-50.7943242670927,-0.2845419539887144,-0.5237472730161796,1017.8253945556894,-57.16461642073172,6.120465629313097,37.46009951960297,-69.13807308379383,-44.527818640031406,24.61025444376242,-57.47423925283,0.13533908680177065,-0.6763181382190542,1143.2923284146343,-53.42901665572758,3.8151437886107664,14.555322127775312,-64.19179284012561,-45.440874478460955,18.75091836166466,-52.773872799297884,-0.8175567518537197,1.6801661020997196,1068.5803331145516,-62.376468041703674,4.4427586900020595,19.738104777588813,-70.99570380004735,-53.755411567315285,17.240292232732067,-63.171691629798474,0.24252125551085346,-0.6666495777205297,1247.5293608340737,5,1,1
-46.00239972393636,2.9808590558885264,8.885520711072637,-50.345017461511944,-39.27617400271429,11.068843458797652,-45.892551916351394,0.4056467783851243,-0.5451135669350271,920.0479944787271,-51.662076811308474,3.446303246945289,11.87700606990564,-57.324266070561606,-42.880653207231944,14.443612863329662,-51.997698005151285,0.6389803451520698,0.28301370694824257,1033.2415362261695,-47.88563822086516,2.530218364297149,6.40200497102654,-53.11169076224372,-43.59744638043073,9.514244381812986,-47.339688839601536,-0.22827231714543772,-0.7073062945952655,957.7127644173033,-56.360542464639,3.4271365304157397,11.745264798110034,-63.00400758243683,-50.42476124124692,12.579246341189908,-55.851383622367536,-0.2863513045717913,-0.7809237865599088,1127.21084929278,5,1,0
-51.04422556280188,3.4785360351519734,12.10021294785081,-60.331377994856176,-43.800793596251985,16.53058439860419,-50.83625561933584,-0.6732133855315015,1.137050789146305,1020.8845112560375,-56.283747489227565,3.136182932373327,9.835643385309758,-63.04943083570185,-49.620900252665606,13.428530583036242,-56.336945572276136,-0.14151585465832195,-0.12760057577046036,1125.674949784551,-53.32305392601167,3.1495227324148476,9.919493441997886,-58.62715882281765,-46.70965297867936,11.91750584413829,-53.49344737983704,0.28443193804374417,-0.42184377719457355,1066.4610785202333,-61.49836326226641,2.541692740469445,6.460201986955079,-65.0046705768524,-55.15475569783518,9.849914879017227,-61.80734951389054,0.7599249240578109,0.2719669498604613,1229.9672652453282,5,1,0
-49.24385380247689,2.0360939175877144,4.145678441237687,-52.64894329995074,-45.48431586080992,7.164627439140816,-49.2092441165601,0.10140241698664704,-0.8876498070621492,984.8770760495378,-52.56410233028696,2.6070618502643454,6.796771491103752,-57.87050970954464,-46.99955989604323,10.870949813501412,-52.81768419958085,0.18431773068490634,-0.021560820468017994,1051.282046605739,-49.646439214580475,3.639600423931028,13.246691245878916,-57.28985004076158,-44.17254604695342,13.117303993808157,-49.300517142338435,-0.3393034039788115,-0.8053924576752074,992.9287842916096,-58.83190546904446,3.3275795832203663,11.072785882665027,-66.03082702047388,-53.59281140845527,12.43801561201861,-58.825748562932844,-0.31907548059517543,-0.565919770616278,1176.638109380889,5,1,0
-53.74775847755884,3.412957335856442,11.6482777763763,-59.299649949873036,-45.484762655260916,13.81488729461212,-54.34531505195092,0.5612356335928715,-0.1190521647303151,1074.9551695511768,-60.39226683808268,4.80702043038408,23.10744541812995,-69.29669443284745,-51.4705401679604,17.826154264887045,-61.23773996663823,0.07899522150403085,-0.6584364796002875,1207.845336761654,-55.797216976577715,4.103406395226779,16.83794404438803,-63.711449111944766,-49.491914597227456,14.21953451471731,-55.37023276873032,-0.2121205053919766,-1.0386184856030016,1115.9443395315543,-63.15551248961477,5.805115717550968,33.69936849415729,-73.22968656214536,-52.133455853381534,21.096230708763827,-63.72881530319124,0.22033723810710473,-0.8825471901894808,1263.1102497922952,5,1,1
-51.91567621114369,3.1460308136976303,9.897509880734974,-58.618425987079036,-45.81514022905609,12.803285758022945,-52.142651968234944,-0.11122049869886105,-0.32404072330249933,1038.313524222874,-55.14739345382499,3.2584543682546623,10.61752486999789,-59.29354999506362,-49.19562599156896,10.097924003494661,-56.8424960190916,0.5900156723334236,-1.1867951707678497,1102.9478690764995,-52.50697526434137,3.01733059802697,9.104283937789793,-56.760876631484386,-45.81322054806128,10.947656083423105,-52.43008721125804,0.5161447069874099,-0.46157735975781344,1050.1395052868274,-61.555559565463525,2.9858916979614563,8.915549231955147,-66.36653333035652,-54.94647499035975,11.420058339996771,-61.953870570307515,0.30018465571270647,-0.46253238130065455,1231.1111913092705,5,1,0
-51.75984739615241,5.636772327347036,31.77320227034532,-61.3679844032283,-36.22997408447311,25.138010318755185,-50.88441688153118,0.6164731389469299,0.721680347917351,1035.1969479230484,-58.964670847016876,3.679695995494716,13.540162619259851,-65.68029554909513,-48.46565685506235,17.214638694032786,-60.034531356386964,1.3373624249737046,2.1426487410367345,1179.2934169403375,-56.3949359041167,4.075746662479812,16.611710856715327,-64.04132652005929,-49.255488263536016,14.78583825652327,-56.42410278592395,-0.16212037546553207,-0.639469449904488,1127.8987180823337,-63.45329366781459,3.970745506917442,15.766819880705054,-73.26012812293885,-59.007608443475625,14.252519679463227,-62.5230611661372,-1.1693382583723644,0.6604509484246628,1269.0658733562918,5,1,1
-47.08871574479047,3.3822361979508404,11.439521698728957,-52.84433653999516,-42.01110893322132,10.83322760677384,-46.68809225306044,-0.2750153224281566,-1.2557065228628512,941.7743148958093,-53.216877574906434,3.109071729534856,9.666327019392861,-59.1435720526505,-45.349360099269006,13.794211953381492,-53.52456036882879,0.3522227244797371,0.28540391373731167,1064.3375514981287,-48.096805099074274,1.9372042390597526,3.7527602638310746,-50.89810515851356,-43.54627010660459,7.351835051908971,-48.10906009479517,0.701493320949817,0.024710209444997133,961.9361019814853,-56.44841854507257,2.102379302829256,4.419998732964827,-60.477565534355925,-53.07991758065595,7.397647953699973,-56.32540366362434,-0.15807398546219395,-1.0935320319530306,1128.9683709014512,5,1,0
-47.922519610488074,4.12042499192085,16.97790211404594,-54.83382418917986,-41.32080632954673,13.51301785963313,-47.95924125152476,0.052801137607008004,-1.1582306660135122,958.4503922097615,-54.551672550175624,4.2390836182781,17.969829922753746,-60.46791854336127,-43.622537373120416,16.845381170240856,-54.841780372893226,0.8371997970052858,0.48556471814164226,1091.0334510035127,-50.25795461084382,3.944211691164686,15.556805864720193,-56.688105151141514,-41.444195195115185,15.243909956026329,-50.72754230170327,0.5470913486449602,-0.39230731845415434,1005.1590922168763,-58.31716102314748,4.978785697648246,24.78830702310673,-65.2616857440377,-49.29414993347963,15.967535810558076,-57.580925503794575,0.07394810346869515,-1.3483501205326291,1166.3432204629494,5,1,1
-46.16802487962389,4.486841075364069,20.131742835574194,-55.611308414658204,-36.07022515200835,19.541083262649856,-45.7112615398256,0.07298094549876948,-0.05250372924588209,923.3604975924777,-49.81174062160447,3.727104910870905,13.891311016638017,-56.088807572676714,-41.82945471535668,14.259352857320032,-49.19264531591028,-0.044974817710593966,-0.5408327434522104,996.2348124320896,-47.63032668985728,4.76259638518364,22.682324328164277,-57.73241063362099,-39.432288126966455,18.30012250665453,-46.44604892809144,-0.26302446808745883,-0.8520280257665789,952.6065337971457,-56.763148122564374,4.712254802821354,22.205345326712916,-68.30992584399814,-47.18145906172545,21.128466782272696,-56.21151425167798,-0.47885088876157844,0.48862461681502056,1135.2629624512876,5,1,1
-52.75456331889982,4.879167580219637,23.80627627586634,-64.57292668196047,-45.263200286165414,19.309726395795053,-52.22148489419686,-0.3706459684293549,-0.22923112661274825,1055.0912663779964,-58.020049023693346,4.838015778079119,23.406396668942506,-68.4058630286825,-50.59723187956428,17.80863114911822,-57.188584075487235,-0.3820166307474656,-0.7494282254103539,1160.400980473867,-53.63578958294828,5.286664960179222,27.94882640118678,-63.68090234903086,-42.5504399760981,21.13046237293276,-52.67299045417804,-0.07113048237757343,-0.5898655082669997,1072.7157916589654,-63.45334364974788,3.637030937963954,13.227994043706957,-70.38881702285944,-57.3050019591983,13.083815063661142,-62.565781668680245,-0.27690155913090053,-0.9264420085414207,1269.0668729949575,5,1,1
-50.4690570235334,4.108274051214769,16.87791567988461,-56.497309888545274,-36.73050769470291,19.766802193842366,-51.41010219052605,1.6677142422754183,3.725792004108494,1009.3811404706682,-56.90682993372411,2.705391091751584,7.319140959328829,-61.225222796695,-52.74501763016239,8.480205166532613,-56.40057996039339,0.025401274412763006,-1.3741130165454074,1138.1365986744822,-53.538790098623146,2.4112055052146277,5.813911988377328,-57.3728744659326,-48.89391133164319,8.478963134289408,-53.773447885342065,0.06286541961313573,-0.9962682678608785,1070.775801972463,-62.027424465331215,2.891014023227507,8.357962082498094,-67.41582314289943,-56.802203564894796,10.61361957800463,-62.48201567956173,0.0634406348244525,-1.0115824157374198,1240.548489306624,5,1,0
-46.3769845178624,2.5049687202261084,6.274868289311227,-50.88542945541229,-39.7374613716592,11.147968083753092,-46.562886564137365,0.7087845100636941,0.7853195791381657,927.539690357248,-53.1548619369108,3.3492404421981075,11.217411539655375,-59.51389735855355,-43.772996996344226,15.740900362209324,-53.266856666069,0.9610073564604736,1.5519168332067634,1063.0972387382162,-48.088864351564645,2.7893443956119777,7.780442157331949,-53.8326078183224,-42.91318615525497,10.919421663067432,-48.17825221188242,-0.21530010838963018,-0.3656362404583522,961.7772870312931,-57.135684130090354,3.37021112190165,11.358323006189579,-64.52865742362235,-50.63014513833118,13.898512285291169,-56.778915182882294,0.09256812434345957,-0.05327500779862504,1142.713682601807,5,1,0
-47.543675520273055,5.511560044174887,30.37729412054508,-58.80107810579039,-36.08969328970519,22.7113848160852,-47.30490011788703,0.09254111427915823,-0.5182747718538514,950.8735104054612,-52.04307176480129,5.177179190483195,26.80318437037223,-66.34012630150754,-45.724515055278765,20.615611246228774,-49.85994373663678,-1.300661851985386,0.8475585245961534,1040.8614352960258,-50.891095335501504,4.410419609398744,19.45180113096897,-63.42425522249304,-45.10441135285829,18.319843869634745,-50.33071307333362,-0.8495706897717156,0.9536449905761484,1017.8219067100299,-57.81347529700734,5.048246981947276,25.48479759073978,-65.88169048547302,-48.513519412389826,17.36817107308319,-58.1313588914954,0.39084611541562436,-0.709548545990272,1156.2695059401467,5,1,1
-49.55031469565243,3.2578527995343474,10.613604863433785,-56.71825556892431,-42.01745341633013,14.700802152594186,-49.49731469107136,0.03427153440671229,0.4154040651332087,991.0062939130486,-54.64567270286576,4.551397724034023,20.715221242342082,-61.95353879108428,-46.159261990506465,15.794276800577812,-54.75174861593503,0.012310071620944541,-1.1716323958440484,1092.9134540573152,-50.718851941136464,4.183284823889851,17.499871917787143,-59.32992559899852,-44.73904432534898,14.590881273649543,-50.484361440590504,-0.3735288834246403,-1.0037227313906478,1014.3770388227294,-60.94105273450954,4.435648602036669,19.674978520749857,-68.8656666521156,-52.31074747042195,16.554919181693656,-61.741690041460835,0.20304854121198151,-0.6394900433566333,1218.821054690191,5,1,1
-44.74117270639029,5.606503888081338,31.432885847071162,-53.784008090112515,-31.312283431358793,22.471724658753722,-47.01792920728249,0.7324155052219344,-0.28953186532358277,894.8234541278058,-52.18010454706791,4.476881081334436,20.042464216410185,-62.6314688482188,-41.0764606087512,21.555008239467604,-52.21407122032154,0.14303199032215044,0.8188044940097234,1043.6020909413583,-50.064468527756745,3.9807677746738577,15.846512075881858,-58.414897497670175,-42.846379542027734,15.568517955642442,-50.83982942352719,0.05205420916862376,-0.6941796504450575,1001.2893705551351,-59.3133150270116,4.138080503256088,17.12371025142816,-65.8830132475847,-49.503444258415605,16.379568989169094,-59.231446528935635,0.47818079252338913,-0.26794659985690883,1186.2663005402321,5,1,1
-52.564134063746316,3.4567998584967623,11.949465261703235,-57.244174721977984,-45.9191917111404,11.324983010837585,-53.5691159915101,0.6010197234399905,-0.8937388233274972,1051.2826812749263,-59.43190495159746,5.021502716389009,25.2154895307022,-66.7625292970767,-48.22836274183842,18.53416655523828,-58.778657959812975,0.38005722013791826,-0.596503384136533,1188.6380990319494,-55.240138815589205,4.654570755937592,21.66502892202945,-63.89860989304282,-45.82714753676379,18.071462356279028,-54.970198640884774,-0.06390519017694529,-0.31317794725741344,1104.802776311784,-65.05138126598649,5.279059070804746,27.868464673045867,-77.06908042794845,-55.04308811210358,22.025992315844867,-64.71532918378021,-0.15954695232571534,-0.0406951048470634,1301.0276253197299,5,1,1
-47.53461176199528,3.0877243913910593,9.534041917191288,-53.46378421677118,-40.85263970989356,12.611144506877622,-47.37060033817005,-0.09274327684884649,-0.2070771662503792,950.6922352399056,-53.5068619244391,2.5311290105383826,6.406614067989011,-58.108285907691986,-48.47797165569305,9.63031425199894,-53.534696159351654,0.1771451755921049,-0.6599670791111238,1070.137238488782,-51.01387624157382,3.9415648710257782,15.535933632504461,-58.78157082479595,-44.569794189591875,14.211776635204075,-50.85705858058531,-0.134001173546577,-0.9836101961768549,1020.2775248314765,-61.41367534887021,2.4464923282649105,5.985324712259063,-65.8564102511651,-55.18991263160933,10.66649761955577,-61.178585266234606,0.49843465502246803,0.2840494548071115,1228.273506977404,5,1,0
-51.63427399227176,2.52779694068605,6.389757373341753,-55.92810130576954,-45.60393604157102,10.32416526419852,-51.734954140885975,0.30996144430335093,-0.07180118368570954,1032.685479845435,-56.282642422323605,3.625891465856545,13.147088922171324,-63.89308933723819,-50.358407961542554,13.534681375695634,-56.055042945819054,-0.24894843935747257,-0.6085257571674187,1125.652848446472,-52.051258510272326,2.867617471820922,8.223229964692617,-55.78869843113124,-46.328338997333915,9.460359433797322,-53.36132877958752,0.6234491093228274,-1.0049585890598751,1041.0251702054466,-61.56099690644148,3.443295154178334,11.856281518787998,-69.79190022513778,-55.51268494905127,14.27921527608651,-61.1659417131811,-0.48915672729814597,-0.1257226856886673,1231.2199381288297,5,1,0
-48.702409378851016,4.027953240708905,16.224407309337373,-54.956868218119084,-40.837298963635234,14.11956925448385,-48.30666372842967,0.1272485486002089,-0.9182026408449215,974.0481875770204,-54.38276737500013,4.213171768037973,17.750816346992217,-62.42410625642011,-48.32279384185003,14.101312414570081,-53.87844047903387,-0.4320873246781848,-1.000653569216003,1087.6553475000023,-52.28475841493014,5.024553502218034,25.24613789665151,-63.22514258768032,-42.194105513509406,21.03103707417091,-53.60293494530876,0.14311328151479308,-0.37937501298954857,1045.6951682986028,-61.64521044081063,4.844964736354169,23.47368329651542,-70.83573402415374,-52.88962829499876,17.94610572915498,-61.13403936647833,-0.26612693135267024,-0.6343367043136916,1232.9042088162123,5,1,1
-47.42991787970247,2.934656268787244,8.612207415932268,-52.42517941619227,-42.97527275027978,9.449906665912494,-46.786290707563424,-0.2215560983798853,-1.1422032580021046,948.5983575940493,-53.73701421004897,4.0052459009686325,16.041994727226033,-59.917830426684404,-44.92132350245312,14.996506924231284,-54.264468713220694,0.6398265768059612,-0.14548429152097242,1074.7402842009794,-50.42625230823943,2.7347572857932194,7.478897412199096,-54.70548870957112,-43.58009155464218,11.12539715492894,-50.86804266656729,0.7010733097279708,0.03302701973815925,1008.5250461647886,-59.173813831024596,3.029454985381271,9.177597508451438,-67.08257167518553,-51.67287889310246,15.409692782083077,-59.14625663548563,-0.06420586589909365,1.475046836311928,1183.4762766204917,5,1,0
-53.577274714606475,5.096127596885998,25.97051648374305,-62.702591470456916,-42.789583500050526,19.91300797040639,-54.548419596291325,0.030820246978760707,-0.5990808849991374,1071.5454942921294,-60.580434562940084,5.903282026281353,34.84873868181648,-70.25279120836198,-48.08737488033168,22.165416328030304,-61.639345863511956,0.19733828169493012,-0.691531628416747,1211.6086912588016,-56.816995460684005,4.203797495049657,17.67191337938577,-64.57579814436038,-50.37316372636299,14.202634417997388,-56.107862774911624,-0.2372278231828987,-1.1038235147727569,1136.3399092136801,-64.55666785903631,4.3045372621097355,18.52904104089118,-71.24910632118703,-54.737652914323846,16.511453406863183,-64.58326463644494,0.1369859641550756,-0.3891448461536986,1291.1333571807265,5,1,1
-48.39263826836573,3.1096636226391885,9.67000784596548,-55.31233649627808,-40.17340358401529,15.138932912262788,-47.93729155427281,0.0764855944462761,1.4409036706769776,967.8527653673145,-53.27112069114844,2.7802052978888088,7.729541498408999,-58.63630603063906,-48.28597517592205,10.350330854717015,-53.05748621521093,-0.11317753429422911,-0.8149689318511566,1065.422413822969,-49.47400304141213,2.7606269687814,7.62106126076318,-53.374520559164125,-43.072507881078884,10.30201267808524,-50.24766486979351,0.6531729103493439,-0.43713069951034944,989.4800608282427,-57.32600391920423,2.7732382973628176,7.690850653959819,-62.41411047324692,-52.08528098310064,10.328829490146283,-57.14182515559634,-0.07493899656056678,-0.9691059236516373,1146.5200783840846,5,1,0
-53.45268814724435,4.220987419502615,17.81673479559934,-60.46503960896066,-45.868419787170815,14.596619821789844,-51.66739596852773,-0.20880994491556762,-1.1652255528860005,1069.0537629448868,-58.33025212210619,3.8696824179289746,14.974442015628634,-67.32652043419685,-53.237993558861376,14.088526875335475,-57.55296487960992,-0.6566837495335249,-0.5027675394144855,1166.6050424421237,-54.03467210250087,3.8147956222854873,14.552665639808518,-63.25281129057217,-45.55083420886918,17.701977081702985,-54.06348919190536,0.24278427160565724,1.0778681857352108,1080.6934420500174,-60.44637818687727,3.467365434761694,12.02262305818015,-67.24060206728498,-54.568443705387196,12.672158361897786,-59.98288100757744,-0.09276302009114758,-0.835430699960694,1208.9275637375454,5,1,1
-49.58762058538163,2.208875543190628,4.879131165305691,-52.6710374339873,-44.781279166772755,7.889758267214546,-50.17643624869902,0.7871446784042647,-0.3648332515370831,991.7524117076325,-56.42818850781707,3.9947804785693273,15.958271071958583,-64.67497780602594,-49.04784498161862,15.627132824407319,-56.36458813795157,-0.07744227823535034,-0.6053518346328537,1128.563770156341,-53.22894432143183,3.1687016465448132,10.04067012481581,-59.31307969127853,-47.074162885879105,12.238916805399427,-53.45739350293923,0.17860739848269774,-0.541309982107693,1064.5788864286365,-60.66959400232581,3.4976464704169636,12.233530832020245,-68.87836792768671,-54.39928891558544,14.479079012101273,-60.27353801456189,-0.2570247754790484,-0.11984992939193351,1213.3918800465162,5,1,0
-53.57211927683844,3.6245549669362935,13.137398708342555,-60.38414215330439,-47.72293681522487,12.661205338079519,-52.86757819664112,-0.24337793049229386,-1.005160635368814,1071.442385536769,-59.61856439996096,3.5633691038818203,12.697599370499528,-65.10624264107187,-52.400371145031826,12.705871496040047,-59.770323091231475,0.4641740771859384,-0.7260732021775702,1192.371287999219,-56.696845191658255,2.5225971353435983,6.363496307243728,-61.84172607499897,-51.021133710213114,10.820592364785853,-56.339658790188004,-0.07721539080334176,0.08540404792185186,1133.9369038331652,-65.72153235746327,2.3902145066947034,5.713125388013805,-70.0832677419455,-61.226484696639126,8.85678304530638,-65.96451857803525,0.0556967580613036,-0.8025956968130048,1314.430647149265,5,1,0
-53.88974789072057,3.844119691588677,14.777256203259824,-59.45625325958086,-44.4276677648773,15.028585494703563,-54.75526624533776,0.6166413346517219,-0.1404233912531403,1077.7949578144112,-61.37747641928796,5.27451407908535,27.820498770469573,-73.23549585678376,-50.683719738104,22.551776118679754,-60.940502908870926,-0.4255738495412961,0.012596898790823374,1227.5495283857592,-56.9981612817809,4.81426444450028,23.177142141579587,-70.068780142153,-49.20487569112751,20.86390445102549,-56.82926865109876,-0.6511131776085485,0.7666694261915805,1139.9632256356178,-65.65723604920125,4.20661178887017,17.695582742261493,-74.18040213072626,-56.60115221495304,17.579249915773225,-65.78604060752522,-0.06570597210644218,0.017523022826607004,1313.1447209840246,5,1,1
-45.91545234993062,3.0732204448008775,9.444683902342105,-50.71946492343336,-39.668909422292636,11.050555501140721,-46.41969220961937,0.483359109606022,-0.6676113774304313,918.3090469986123,-54.19188130380746,3.04074437517224,9.246126355141616,-59.93853592745195,-48.6139931165348,11.324542810917151,-54.19040018019852,0.25715765729114726,-0.7083563392312722,1083.8376260761493,-52.06492021813942,3.2878150621188973,10.809727882695888,-56.77350704963425,-42.94759268993263,13.82591435970162,-51.77954830965983,0.64271032406922,0.77768728486536,1041.2984043627882,-58.51604354274438,4.065487257151544,16.52818663806158,-68.52724112185149,-52.9048594413111,15.622381680540386,-58.11255094076701,-0.7000133609259831,-0.03804601706069999,1170.3208708548875,5,1,0
-52.46438744368792,6.006873153423138,36.08252508131564,-63.404802260840874,-43.545682184816044,19.85912007602483,-51.60285693002626,-0.28523825518242407,-1.0664370908370848,1049.2877488737581,-54.97513425622323,4.331116094578648,18.7585666247182,-62.24678994720563,-45.954899919470186,16.29189002773544,-55.56494383129161,0.3463179457305935,-0.6144095282372359,1099.5026851244645,-54.36622306779289,4.670294834941688,21.811653845283015,-61.70802909409001,-41.40116079088598,20.306868303204027,-54.79858252858379,0.947370518479172,0.9119964894958459,1087.3244613558575,-62.060561321050976,5.947463651131026,35.3723238815248,-70.60909752688889,-49.802628462230274,20.806469064658614,-61.53451872466708,0.31254972171128304,-0.7258125057774909,1241.2112264210195,5,1,1
-52.20039813561583,3.864986019684659,14.938116932357861,-62.620619483656704,-44.968346736077,17.6522727475797,-51.428282222221675,-0.7474831461276997,0.8441263139429891,1044.0079627123168,-55.52022063742688,4.44580022308285,19.76513962356352,-62.763603480230785,-49.04933597459642,13.714267505634368,-55.28475287464246,-0.08032200566071951,-1.370427069763506,1110.4044127485377,-53.4231215790389,4.321706857907572,18.677150165685344,-61.50165844953823,-43.367092951526686,18.134565498011547,-53.742959799677564,0.4051120646713447,-0.2650950840983346,1068.4624315807778,-60.21127642668968,4.173295615449324,17.416396293928553,-67.83691168106444,-52.455765754354374,15.381145926710062,-60.17175327398471,0.13817430397223715,-0.6888132341027009,1204.2255285337935,5,1,1
-54.920218603413915,4.611616025215433,21.267002364023792,-62.11268646590785,-45.59213047023626,16.520555995671586,-55.57425104283958,0.5121610212633225,-0.6733517146022314,1098.404372068278,-59.48602236264263,4.211275886689024,17.734844593808425,-67.87883784199158,-52.563349543168684,15.315488298822899,-58.56357449766565,-0.4615252895683027,-0.7647312827380963,1189.7204472528529,-54.69593563118963,4.319754836994149,18.66028185173435,-61.909162388525445,-47.08590308688419,14.823259301641258,-55.56737753460943,0.21947985559124725,-1.093230902305081,1093.9187126237925,-64.09131212276888,4.364801527543236,19.051492374843765,-71.76818819938498,-56.82563252979185,14.942555669593133,-65.03100188942477,0.1488637498458685,-0.960857713614168,1281.8262424553777,5,1,1
-46.686835580889316,3.6029284925857725,12.981093722686387,-54.639612372905376,-40.983449304666095,13.65616306823928,-46.784752589104045,-0.4050180167921808,-0.3798595060514658,933.7367116177865,-51.2919457150968,2.9933954087382078,8.960416073054983,-57.8165228619914,-45.024899347769775,12.791623514221627,-51.3902265626303,0.11798639976351494,-0.046196963396916146,1025.8389143019363,-48.3754820496246,3.253767947580226,10.587005856700438,-54.36897618431223,-41.32086396465476,13.048112219657469,-48.744254077469265,0.4161929440906836,-0.04990427446244006,967.5096409924919,-57.484849311443,2.923040750060691,8.544167226515368,-61.90461544048437,-50.138807255830216,11.765808184654155,-57.680939455522676,0.40876950246906235,0.00983815732906601,1149.69698622886,5,1,0
-49.72106583693729,6.055198172571684,36.665424909115465,-64.09935949140137,-38.64999363161233,25.44936585978904,-49.85693616960269,-0.13450375204534826,0.1215472640973867,994.4213167387459,-56.217305122228574,4.868447701701571,23.701783024203316,-62.2986650161611,-40.250447347055655,22.048217669105448,-56.99783947640736,1.5638407818503457,3.184947573992286,1124.3461024445714,-53.49225508385765,5.308469852230456,28.17985217203963,-64.58296216918485,-43.05663639679786,21.52632577238699,-53.91771285745396,-0.06539068349175095,-0.25732585818451836,1069.8451016771528,-61.66765875091473,5.037504390117278,25.376450480450853,-72.02289220718484,-50.731911129386745,21.290981077798094,-60.99789189310043,-0.1866026164811718,-0.1698798688904648,1233.3531750182947,5,1,1
-54.80453055905913,4.802866638263426,23.067527944943826,-62.54032995238856,-44.87611321266228,17.664216739726278,-55.26729302788562,0.32288441852868094,-0.6103756335042423,1096.0906111811823,-58.74681858071917,5.028503616898298,25.285848625159264,-68.29722223958818,-51.148621063675684,17.148601175912496,-57.16161150086283,-0.3555999647293979,-1.0730665180289305,1174.9363716143835,-56.068591007484464,4.420008239079861,19.536472833533853,-65.43398715036523,-48.24820779088396,17.185779359481266,-54.5145800080834,-0.5690660689185691,-0.311361390240239,1121.3718201496893,-64.30945926723749,4.367699004781079,19.076794596365623,-72.28320865995425,-56.09985711029388,16.183351549660372,-64.39195992880335,-0.10891935969424545,-0.5781596418841284,1286.1891853447496,5,1,1
-48.155849486018276,3.128892860667685,9.789970533537211,-54.715390478874355,-42.39076097845232,12.324629500422034,-48.15436308679769,-0.3642686125234918,-0.4083490917964392,963.1169897203654,-54.73645173084576,2.8185487833881058,7.944217244338572,-60.479924103857876,-50.30433656890568,10.175587534952193,-54.40377991545178,-0.26526257497269273,-0.5387764868213409,1094.7290346169152,-50.28848217872129,2.880295401885441,8.296101602122416,-57.234930679665574,-45.75796410322497,11.476966576440603,-50.44129674235759,-0.5019383819949547,-0.24633429452057776,1005.7696435744258,-60.16897453931606,2.7481809243171753,7.552498392780805,-65.01008764057279,-54.35888190541927,10.651205735153525,-60.287829959678575,0.22933955213957252,-0.6248343206042604,1203.3794907863212,5,1,0
-53.24783876491766,3.047596965619336,9.287847264852186,-59.409854312149314,-48.53907755710733,10.87077675504198,-52.751384379859616,-0.3285477072682953,-0.7867246262922305,1064.9567752983535,-60.4469702051393,3.354157523830123,11.250372694666224,-67.54558201065353,-54.147192616789795,13.398389393863738,-60.4785147371501,-0.1371983891577166,-0.681056639562378,1208.9394041027863,-58.02893121920859,2.966500009278201,8.800122305047566,-62.42831107668539,-52.17672038044817,10.251590696237223,-58.815253960153626,0.33103560782905705,-1.0735777138274116,1160.578624384172,-65.90264817558707,2.345467500423554,5.5012177955431145,-70.36123593861763,-60.66231569052497,9.698920248092655,-65.69404694846247,0.31558060649475417,-0.31387986073926966,1318.0529635117414,5,1,0
-48.010924422656124,4.296872215373933,18.463110835252493,-55.2005371166872,-39.466680225475244,15.733856891211957,-48.98034467623421,0.3665729083533293,-0.9156112948876554,960.2184884531225,-55.3084705833257,4.869222748180338,23.70933017139688,-64.01482721460178,-44.18993069508409,19.824896519517694,-54.73118156688061,0.2101963955946925,-0.44778793545566753,1106.169411666514,-50.78795734223177,4.820915724412305,23.24122842188582,-62.02820223344895,-43.3317132750113,18.696488958437648,-49.6950899737581,-0.44690273943186853,-0.49729381858650346,1015.7591468446354,-59.180788683400124,4.5999870691262785,21.159881036128972,-68.00854546891141,-52.00019189190632,16.00835357700509,-59.23894485236657,-0.37221127321655123,-0.9328014609393569,1183.6157736680025,5,1,1
-53.27793851743418,4.971103304444737,24.711868063461388,-63.64145447138749,-42.92450007405284,20.716954397334653,-53.45649174222366,0.2255555154885455,-0.05793815182369588,1065.5587703486835,-58.35216263610715,4.8017297147527,23.05660825353904,-65.67255305892695,-49.312935232916494,16.359617826010457,-58.755776747395444,0.4461794270956163,-0.7268758160959297,1167.043252722143,-54.52602450586147,5.661860885956572,32.05666869192494,-65.28591536460503,-41.35807827408519,23.927837090519844,-55.47786429801601,0.12644135236961185,-0.24837457624231485,1090.5204901172297,-61.9997298674831,3.6408076625253867,13.255480435503571,-68.67957938036552,-52.1056098615388,16.573969518826722,-62.665317346726155,0.8035751899547069,0.8496700454249462,1239.994597349662,5,1,1
-54.80361589107041,5.428898762757716,29.47294177627226,-66.60950425382688,-45.51836273519829,21.091141518628596,-56.33803699206186,-0.0805122341961031,-0.5574210735686691,1096.0723178214082,-59.94521265806228,5.511739202595319,30.379269037426077,-73.59990182809354,-51.136046649252286,22.46385517884125,-59.58086658707296,-0.43346375573942203,-0.0009508534816586867,1198.9042531612454,-56.71975540450986,4.56009904254022,20.794503277776233,-66.07181466544338,-46.72929010471598,19.342524560727405,-56.22513680413199,-0.044424233477961754,-0.11498626285379254,1134.3951080901975,-65.7822571403581,5.282202481986916,27.901663060708735,-75.28935726492975,-56.448860322072676,18.840496942857072,-66.44647271482009,0.09158750951235879,-0.8940710518241,1315.6451428071618,5,1,1
-47.99317360688046,5.007393359158837,25.073988253348027,-58.69971990439044,-38.61664074777582,20.083079156614623,-47.905523466570756,-0.21222228589932118,-0.5195391401015579,959.8634721376093,-56.79203456802645,4.886285262206587,23.875783663657295,-66.37521316323006,-47.71731657398748,18.657896589242576,-57.2450958885861,-0.07663793198491083,-0.5218863628889316,1135.840691360529,-51.25904732328455,5.4282158265644185,29.46552705976443,-61.42744637996972,-40.29956305658051,21.127883323389213,-51.14715203159584,0.20813693236678393,-0.4334510222807517,1025.180946465691,-58.94302143451224,4.569252181107301,20.87806549455383,-66.60559849469759,-52.59786817405158,14.007730320646012,-59.297620092551085,-0.20006261993844507,-1.1840512798690912,1178.8604286902448,5,1,1
-53.195932388512816,4.383660828088309,19.21648225571588,-59.9123467799263,-38.882928901300275,21.029417878626028,-54.06248498235326,1.4915742948360435,3.2849209455699686,1063.9186477702563,-61.03879148394592,4.039487905551901,16.317462539100088,-69.47987918928045,-53.460453307005025,16.019425882275428,-60.860018570886936,0.0036956178575449495,-0.45190675878295306,1220.7758296789182,-56.884746662595774,4.915920569100523,24.166275041705607,-66.08074064251483,-51.003408374073004,15.077332268441822,-54.953040493581156,-0.49523593633045326,-1.1863508176196005,1137.6949332519155,-63.78842504807248,4.622424261007601,21.366806048751663,-74.69563425163055,-57.11584058253188,17.57979366909867,-62.93910422157067,-0.8215549100572537,-0.05174344003647535,1275.7685009614502,5,1,1
-49.55255019342526,4.391377674766553,19.284197882438097,-58.344950755495425,-41.51417735092055,16.830773404574877,-48.828227169266725,-0.30700625858967867,-0.5617772083676598,991.0510038685055,-54.98860475445865,4.3779242290354,19.166220555175197,-62.60830175664358,-46.81434433692388,15.793957419719696,-55.23072708257994,0.09726827584336711,-0.7450005652871616,1099.772095089173,-52.958931857721325,4.7502893335780785,22.565248752705664,-62.697677567566636,-44.32188287082707,18.375794696739568,-53.09495194395721,-0.20985019590454604,-0.45247707462779063,1059.1786371544265,-61.27101386926207,4.041358987834061,16.33258246854714,-71.63029348904877,-53.05120043323601,18.579093055812756,-60.98587986760697,-0.6902872378065662,0.7552080662466354,1225.4202773852417,5,1,1
-51.654524459945435,4.702639110973491,22.114814608057547,-63.07106622918475,-44.08034480660539,18.990721422579362,-50.160508348680025,-0.7934453786309087,-0.005680808421756556,1033.0904891989085,-57.79362542708503,4.380263632563689,19.18670949076004,-65.6767080760292,-46.70751105989173,18.96919701613747,-57.8283568095367,0.30968516513696714,0.35962995235356443,1155.8725085417004,-57.130390659391004,3.5914279861409146,12.898354979636187,-63.964443153101705,-49.94930451882617,14.015138634275537,-57.566392168366036,0.22407693727698574,-0.5978003027164878,1142.60781318782,-64.12067703416469,4.45239263320108,19.823800160183247,-71.86961353852521,-56.17182542673671,15.697788111788505,-64.65885369881977,0.29338471649271736,-0.8859790717055707,1282.4135406832938,5,1,1
-45.70429912483407,2.579906582657989,6.655917975242022,-49.706003215857514,-41.05594031222475,8.650062903632765,-46.27403482102906,0.21878985764709694,-1.1993229979828504,914.0859824966813,-52.393995808903675,3.908864381922927,15.279220756265707,-58.86322486586529,-44.8299306710851,14.03329419478019,-52.922559697184425,0.14149892091447264,-0.9008620439162511,1047.8799161780735,-49.07689556771446,2.6029694584226872,6.775450001481298,-54.63938920550659,-44.33108128814438,10.308307917362207,-49.42330176126009,-0.2063277656606957,-0.23120623945719432,981.5379113542891,-55.33985071593328,2.901102660818995,8.416396648611052,-60.34604652464727,-49.14176829739331,11.204278227253958,-55.56777941157776,0.39586585232924204,-0.6220179329726054,1106.7970143186658,5,1,0
-52.187343947400315,5.872193255311185,34.48265362772217,-60.51903567465399,-38.55715362663104,21.96188204802295,-52.85474246913904,0.42160782068425917,-0.529987443554246,1043.7468789480063,-58.21905877677816,3.60067309744869,12.964846754690745,-63.883650157984846,-51.90191797096395,11.981732187020896,-57.704149731588465,0.018888811371011355,-1.1163284504197406,1164.381175535563,-55.14699464781121,5.51109930463487,30.372215545546947,-68.97429951441534,-43.56872139718745,25.405578117227883,-54.78042691000179,-0.19803544881319193,0.7270147765005714,1102.9398929562242,-63.39924674329295,3.398948844157247,11.552853245197886,-70.13931875895331,-58.80435462496034,11.334964133992969,-63.02061273050661,-0.44366491191848423,-0.9300820418970024,1267.984934865859,5,1,1
-55.88978994038045,3.914792978771257,15.325604066636734,-61.080579704253715,-47.316114994229245,13.76446471002447,-56.4452899328772,0.6201096800936938,-0.6669197551792072,1117.7957988076091,-60.874704139338554,3.498719133878354,12.241035577766501,-66.05876359170881,-54.45016631985236,11.608597271856453,-60.47506491842438,0.040917887451049316,-0.9530190161134455,1217.494082786771,-55.19445926414504,5.466963020541214,29.88768466796511,-65.11424089129576,-42.55261157366602,22.561629317629745,-56.49200298288844,0.423938672980606,-0.3063715267698033,1103.8891852829008,-65.24402226090498,3.609172291637319,13.026124630722574,-71.91134950060481,-59.23801404165974,12.673335458945076,-64.92508635001433,-0.18167318246010508,-0.6402443655437793,1304.8804452180998,5,1,1
-46.34537338358598,4.70680432442698,22.154006948444525,-57.24723418836434,-36.91226570396236,20.334968484401976,-46.3430891024567,-0.2678771312335258,-0.020661244636237086,926.9074676717197,-54.7550855625678,5.031049519832538,25.311459271007212,-61.47572705087027,-42.56556179675592,18.910165254114347,-54.920067589083956,0.5635138578442783,-0.31186621502499934,1095.101711251356,-50.543962856698116,3.9706322051027505,15.765920108199131,-58.835369504031924,-40.10089233593431,18.734477168097612,-50.91811834196939,0.4350089099843522,1.0664627562379332,1010.8792571339624,-60.057867493770644,3.417079918177776,11.676435167213834,-66.21524285150426,-53.190201633155944,13.025041218348314,-59.32345672052807,-0.11479676050997228,-0.7462962502292338,1201.1573498754128,5,1,1
-53.06764490870124,2.9489149554886023,8.696099414704346,-60.1740490853508,-45.27320227142946,14.90084681392134,-52.86456903525679,0.18812497644625423,1.400523061046961,1061.3528981740249,-58.46277243669321,3.1976503162046046,10.224967544723407,-66.97888550699729,-53.92346585137181,13.055419655625478,-57.8938900067555,-0.9711539746283931,0.5144555441938987,1169.2554487338641,-55.49288259945071,2.9390322614524194,8.637910633858123,-61.85618969304191,-50.621420945374325,11.234768747667587,-55.49576510790317,-0.5207220672114222,-0.36878924830502546,1109.8576519890141,-64.02841458937552,2.4812553229934644,6.156627977883402,-68.56946419518812,-59.42051940671293,9.148944788475191,-63.86617187180369,-0.2100481998524336,-0.8307433024505091,1280.5682917875104,5,1,0
-49.92194326266331,3.6803684257202,13.545111749038185,-61.08525693557445,-46.12914978987638,14.95610714569807,-49.05042696566466,-1.47038161615776,1.898282316347685,998.4388652532663,-54.57673520898396,5.519679812080738,30.466865227891653,-68.69802480502888,-45.533499503595976,23.164525301432903,-54.63074186608904,-0.4656763072598059,0.3569081828009093,1091.534704179679,-53.227330961350184,4.75036831873661,22.565999163656492,-60.46393266591009,-44.8268942379479,15.637038427962196,-51.91545293244583,-0.22606047760193826,-1.0935465499976489,1064.5466192270037,-61.113211115733385,4.20388774731838,17.672672192053607,-68.89424521250709,-54.22728732024975,14.666957892257336,-61.54187425284886,0.009546460659466955,-1.2303793422659275,1222.2642223146672,5,1,1
-50.70956586415576,4.060947608740773,16.491295480937403,-57.838316123609474,-41.30828272505802,16.530033398551453,-51.19322014847462,0.19861181170991266,-0.16394928425539979,1014.1913172831153,-58.2224846149348,3.747575235962957,14.044320149202813,-63.958326847802404,-49.39587722148551,14.56244962631689,-58.87252692716531,0.5520428049567188,-0.41926425752665875,1164.4496922986957,-52.61907870788694,4.679160072072236,21.89453898007505,-60.01412127218694,-41.21386393821843,18.80025733396851,-52.82299023506114,0.5832514388778138,-0.21432417705327156,1052.381574157739,-60.679953472053135,5.004743675118591,25.047459253639534,-70.52685089125177,-50.587155482131884,19.939695409119885,-61.05121682441987,0.3184840769453066,-0.38642941662877917,1213.5990694410627,5,1,1
-53.38567932775196,5.43494148854678,29.53858898392709,-64.33621518872813,-40.64987707051,23.68633811821813,-53.34282067239445,-0.16193816161619307,0.5023276859584382,1067.713586555039,-56.42299274394793,5.2279582520511765,27.331547485189997,-65.62356947693954,-44.618711134972145,21.00485834196739,-56.6234878897946,0.30057725930729207,-0.5324158556235639,1128.4598548789586,-52.818567952024864,2.9880563400829647,8.928480691510002,-58.709361757765826,-46.928776180416214,11.780585577349612,-53.04329671986206,0.29672326104320806,-0.5552192607816315,1056.3713590404973,-62.46986975154471,4.462845939668132,19.916993881212335,-73.23032815774478,-56.372179227786745,16.858148929958034,-61.94576176255997,-0.45723495429313843,-0.4394884090609086,1249.3973950308941,5,1,1
-48.68895033651509,2.5730788100964697,6.620734562967463,-52.002863905154015,-41.25460537720588,10.748258527948138,-49.1293702315392,1.304708442648662,1.657541409659947,973.7790067303018,-54.22800883644463,2.9763855569256976,8.858870983475896,-61.77218534798944,-47.91918908379283,13.852996264196612,-53.93214665864347,-0.34218073531960574,0.8013864907388184,1084.5601767288927,-51.211677954111266,3.4286976172083663,11.75596735025033,-56.2180573373424,-43.082419484090536,13.135637853251865,-51.605139911991245,0.4769986334026412,-0.21353976296562704,1024.2335590822254,-59.820515400766475,3.0099513435699667,9.059807090658648,-66.64264643663329,-54.04552943263886,12.597117003994427,-59.92345451566898,-0.25956408125818914,-0.3396742826191428,1196.4103080153295,5,1,0
-53.72736876438446,3.0970567750394076,9.591760667817494,-60.441982272541004,-46.88410821024546,13.557874062295546,-53.658155678409955,-0.10922203460651783,-0.05297228001959953,1074.5473752876892,-61.13961738921482,3.4583195062877707,11.95997380757049,-66.81846589242252,-53.60477557111612,13.213690321306402,-61.369959184537855,0.5547343960100417,-0.19243695468347521,1222.792347784296,-57.00087414521346,2.86770117713936,8.22371004136647,-61.25386341875915,-52.621877785411804,8.631985633347348,-58.05042123369476,0.24703984470696355,-1.3987815076192498,1140.017482904269,-64.72563823176012,3.2474322691968647,10.545816343021098,-71.50348479005689,-59.53481777989633,11.968667010160559,-64.34066771434077,-0.38983816686905604,-0.8309013582430662,1294.5127646352025,5,1,0
-54.53113236879769,4.922527887088941,24.231280799168314,-64.89036254635582,-47.5934339751881,17.29692857116772,-53.55741445457126,-0.6056027303293244,-0.5424304095113777,1090.622647375954,-61.61880302913049,4.9785746259088075,24.786205305743024,-71.63210611853617,-51.60658406503678,20.025522053499394,-61.188414759722804,-0.06266117006554925,-0.7366940483786708,1232.3760605826096,-58.14417205539913,4.266772827975798,18.205350365552583,-65.73316638653853,-50.07372010782534,15.65944627871319,-58.17433784179701,0.2283856198446377,-0.7938986458734787,1162.8834411079827,-64.96932760877112,5.744200108362528,32.99583488491208,-76.18275727126772,-53.73383856659842,22.448918704669296,-63.351895727667866,-0.2740617703956678,-0.6846430732595254,1299.3865521754224,5,1,1
-53.94016807803231,1.7965001350956407,3.227412735398655,-57.53406338317508,-50.56198395618056,6.972079426994519,-53.74592867107195,-0.2556754990217537,-0.5380935229104074,1078.8033615606462,-59.730851108083165,2.425350619849406,5.882325629203897,-62.71847569635906,-53.47027235014168,9.24820334621738,-60.3302646815942,0.956206329377727,0.19804047116509027,1194.6170221616633,-56.38299772417507,3.1964035837583276,10.21699587026308,-61.231758149415874,-51.47419414288036,9.757564006535517,-55.68103167353889,-0.17467269096066115,-1.3171762773772775,1127.6599544835015,-64.09310420320489,3.0278564012064737,9.167914386327018,-71.6130768714802,-59.282586825454686,12.330490046025517,-64.66089084614875,-0.3902881965111621,-0.01300670726899833,1281.8620840640979,5,1,0
-45.64021510511806,4.998842829726589,24.988429636308933,-57.33908638932225,-34.06813071577678,23.270955673545465,-46.13481098815276,-0.03598298801911642,0.508275104142859,912.8043021023611,-52.60157088800429,4.961312692507115,24.614623632832203,-61.34897745758929,-39.20181545933983,22.147161998249466,-51.390812777930655,0.4215108261337727,0.806723004884982,1052.0314177600858,-48.48326122838249,2.62756937622333,6.904120826866659,-53.23006077087188,-42.84978417649922,10.38027659437266,-48.074474332897495,0.09168728604191843,-0.6104553231481731,969.66522456765,-59.01815714129309,4.805858076151977,23.09627184811518,-69.40974382003697,-48.830952208964035,20.57879161107293,-58.859844223828404,0.048670800354773,-0.1192850668418437,1180.3631428258618,5,1,1
-46.76115299813017,3.702938179313423,13.711751159817007,-53.1595399338232,-40.827824257495635,12.331715676327562,-46.19014299574819,-0.3297599032025117,-0.9172095286536277,935.2230599626034,-50.69719864346057,5.0049990310215335,25.050015300526486,-58.89828397333422,-40.0963233947348,18.80196057859942,-50.846338098763255,0.35296096274961475,-0.7252007260168383,1013.9439728692113,-49.16226136513154,5.076552417247221,25.771384445058608,-61.168667423339826,-41.17660827869009,19.992059144649737,-48.33198696706914,-0.9262485497566907,0.309068726503154,983.2452273026308,-56.097580031887084,5.03585092342388,25.359794522949148,-64.44647355032724,-46.41767326103922,18.02880028928802,-57.00069864985478,0.39889237500824126,-0.5839339900673286,1121.9516006377416,5,1,1
-48.682718302195596,3.3348081661115563,11.12094550476432,-56.53954330294933,-42.15335618555365,14.386187117395686,-48.2264892616387,-0.44479483986468477,0.08010216505363976,973.654366043912,-53.7289365648961,3.199191037381702,10.23482329366341,-60.81430340656565,-49.1760418740951,11.638261532470551,-53.45860364984314,-0.6028642598033452,-0.17767620255018235,1074.578731297922,-52.15167194850092,3.104041675387295,9.635074722541166,-57.16702475367192,-45.80685697722978,11.36016777644214,-52.05375675145842,0.3650790440098681,-0.5681961529577806,1043.0334389700183,-59.87319028492017,3.351184551446061,11.230437897850738,-65.34845268883363,-53.674668707572266,11.673783981261366,-60.30151793269613,0.09293572263591544,-1.0826216284905628,1197.4638056984031,5,1,0
-47.96296988528429,3.6040245170652834,12.988992719607648,-54.90521074855024,-42.71491428948434,12.190296459065898,-48.36616718251793,-0.12011932622515617,-1.112739475368191,959.2593977056857,-52.240271411140654,3.8469476151543986,14.799005953742114,-58.14890284248003,-45.31798585334243,12.830916989137599,-53.54392959495921,0.19555184595649544,-1.2525001222040968,1044.8054282228131,-47.910102363835826,2.3148504917921637,5.358532799350423,-51.22348979860671,-43.57231164764835,7.6511781509583585,-48.362564630656166,0.5463557073456053,-0.8087103649013181,958.2020472767165,-56.34639469701271,2.09979024329482,4.409119065836118,-59.71000127195378,-52.69004520936113,7.019956062592648,-56.95836448083344,0.18884562753766795,-1.10127966310456,1126.927893940254,5,1,0
-46.5874308408432,3.908360686768003,15.275283257873657,-53.75078582150292,-38.59042679310005,15.160359028402873,-45.980923464422766,-0.14309041338547088,-0.4966466416760569,931.7486168168641,-53.37734195024832,4.032451984750563,16.260669009318757,-61.265170738883384,-46.40222076121755,14.862949977665835,-52.85088853771788,-0.2717450218802318,-0.7995006867244756,1067.5468390049664,-49.06963372282898,4.988383010881176,24.883965063247942,-57.16751519417391,-39.381298884802824,17.786216309371085,-49.59534196927226,0.15339413859897005,-0.979291370881878,981.3926744565797,-56.41876468567101,4.026694041324192,16.214264902435755,-64.60243211019213,-47.224188122306415,17.37824398788571,-56.83822383388509,-0.05814343607686155,0.13356197812330084,1128.3752937134202,5,1,1
-46.21716696176101,4.420745741323931,19.54299290943368,-57.683581768677726,-38.937938641827934,18.745643126849792,-45.137058129230525,-0.7105086818063939,0.318768723621758,924.3433392352201,-54.533335050604954,4.516560345899685,20.399317358153482,-67.63378490610816,-48.5488508303723,19.08493407573586,-53.43501922601119,-1.1825327477456522,1.3291786516551385,1090.666701012099,-51.65091677128005,4.326440679769051,18.718088955560482,-58.35841466812278,-44.806706543087614,13.551708125035162,-52.75411053729147,0.012812131352206225,-1.3902921302061035,1033.018335425601,-57.89581084861645,5.310052637235666,28.196659010213445,-65.16808155855134,-47.262421238584906,17.90566031996643,-58.40443788381332,0.38292022394896985,-0.8628088839395067,1157.916216972329,5,1,1
-48.88910355983408,4.3898711716919845,19.27096890405236,-54.79419831630171,-39.72600766173608,15.068190654565633,-49.7640450599962,0.3794864532580056,-0.9606410783667765,977.7820711966816,-54.26767079184557,4.211943522448713,17.740468236297673,-62.211021457566225,-44.860911970712124,17.3501094868541,-54.192974470927375,-0.00038500717358721506,-0.058641262820065876,1085.3534158369114,-51.19649993574009,4.497241038098958,20.225176954761388,-60.734888582035495,-43.91649124872477,16.818397333310728,-49.49047268232569,-0.5879517363309913,-0.6219421179801636,1023.9299987148017,-56.59060777688696,5.357434047161948,28.702099569690045,-65.20203622179748,-47.554207155926896,17.64782906587059,-55.34227603636772,-0.08337120238378282,-1.3428740205046443,1131.812155537739,5,1,1
-49.43875069839366,4.523332344946123,20.46053550283579,-60.25750887877327,-40.17688881418661,20.08062006458666,-49.958983758129726,-0.15351768352661768,0.22108258214705767,988.7750139678733,-56.19745231958801,4.0816024290378,16.659478388727273,-64.56514186903844,-46.95540359773536,17.60973827130308,-56.78074032031243,-0.05868494735645622,0.36476087621065734,1123.9490463917602,-54.074048302526535,5.244990101753979,27.509921167497218,-62.76147645571208,-44.27104642309335,18.490430032618725,-53.344595716888335,0.05465463705328541,-1.0967229364912054,1081.4809660505307,-62.45612558254559,5.12253085091759,26.240322318602487,-77.29902702789889,-53.70635790316952,23.59266912472937,-62.47592757381933,-0.7352955039943706,1.519146577690348,1249.1225116509122,5,1,1
-50.26795083928475,3.3556237329906375,11.260210637410022,-58.035859297228576,-45.59580708375139,12.440052213477188,-49.79817965470892,-0.500552743897621,-0.570538938489253,1005.3590167856951,-56.520034799355095,2.2875951601517417,5.2330916167496735,-61.61636884709224,-52.174960160306654,9.441408686785586,-56.241437428427844,-0.20218372603334675,-0.41505214288761305,1130.400695987102,-52.68897793420886,2.9552185328124074,8.733316576677918,-57.22983688290495,-45.961792085515924,11.268044797389024,-53.30341161432109,0.5248975086032339,-0.3017253214476012,1053.7795586841771,-61.35082020167804,3.4225864237390233,11.714097827962679,-67.70008744896323,-54.31114857247216,13.388938876491068,-61.44455967295394,0.17858513827116815,-0.569739206443876,1227.0164040335608,5,1,0
-51.260380821691,4.008992548815178,16.07202125645562,-58.1250050113078,-43.971557962879686,14.153447048428113,-51.1264674526949,-0.0024383538380446912,-0.8976403614011117,1025.20761643382,-56.49586965557211,3.3471897075364114,11.203678938237687,-64.47592980392332,-50.102816814688346,14.373112989234976,-56.49111974700756,-0.2338857360385037,0.05228931742562626,1129.9173931114422,-54.22685461883693,3.212328083556932,10.319051716408552,-62.33976303552528,-49.31515810876854,13.024604926756737,-54.233230387879495,-0.6813537239115522,0.22517986857881755,1084.5370923767387,-61.404476776061166,4.058938965080924,16.474985522252204,-70.05362223834695,-54.794111417533216,15.25951082081373,-60.999975076247495,-0.43852738458476176,-0.3019954896905155,1228.0895355212233,5,1,1
